log_msg_len,type_id,timestamp,Version,Start System Sub-frame Number,Start System Frame Number,PUSCH Reporting Mode,Csi Meas Set Index,Rank Index,Number of Subbands,WideBand CQI CW0,WideBand CQI CW1,SubBand Size (k),Single WB PMI,Single MB PMI,CSF Tx Mode,Carrier Index,Num CSIrs Ports
48,LTE_PHY_PUSCH_CSF,2021-11-29 20:10:47.363115,102,3,802,MODE_APERIODIC_RM31,0,Rank 2,13,6,6,8,11,0,TM_CL_SM,PCC,0
48,LTE_PHY_PUSCH_CSF,2021-11-29 20:11:01.718071,102,8,189,MODE_APERIODIC_RM31,0,Rank 2,13,6,5,8,11,0,TM_CL_SM,PCC,0
48,LTE_PHY_PUSCH_CSF,2021-11-29 20:11:01.725934,102,6,190,MODE_APERIODIC_RM31,0,Rank 2,13,6,5,8,11,0,TM_CL_SM,PCC,0
48,LTE_PHY_PUSCH_CSF,2021-11-29 20:11:01.733069,102,3,191,MODE_APERIODIC_RM31,0,Rank 2,13,5,4,8,11,0,TM_CL_SM,PCC,0
48,LTE_PHY_PUSCH_CSF,2021-11-29 20:11:01.741258,102,1,192,MODE_APERIODIC_RM31,0,Rank 2,13,6,5,8,11,0,TM_CL_SM,PCC,0
48,LTE_PHY_PUSCH_CSF,2021-11-29 20:11:01.778075,102,8,195,MODE_APERIODIC_RM31,0,Rank 2,13,5,4,8,11,0,TM_CL_SM,PCC,0
48,LTE_PHY_PUSCH_CSF,2021-11-29 20:11:01.788067,102,8,196,MODE_APERIODIC_RM31,0,Rank 2,13,5,4,8,11,0,TM_CL_SM,PCC,0
48,LTE_PHY_PUSCH_CSF,2021-11-29 20:11:01.796259,102,6,197,MODE_APERIODIC_RM31,0,Rank 2,13,5,4,8,11,0,TM_CL_SM,PCC,0
48,LTE_PHY_PUSCH_CSF,2021-11-29 20:11:01.858069,102,8,203,MODE_APERIODIC_RM31,0,Rank 2,13,6,5,8,11,0,TM_CL_SM,PCC,0
48,LTE_PHY_PUSCH_CSF,2021-11-29 20:11:01.860934,102,1,204,MODE_APERIODIC_RM31,0,Rank 2,13,6,4,8,11,0,TM_CL_SM,PCC,0
48,LTE_PHY_PUSCH_CSF,2021-11-29 20:11:01.864140,102,4,204,MODE_APERIODIC_RM31,0,Rank 2,13,6,4,8,11,0,TM_CL_SM,PCC,0
48,LTE_PHY_PUSCH_CSF,2021-11-29 20:11:01.866993,102,7,204,MODE_APERIODIC_RM31,0,Rank 2,13,6,5,8,11,0,TM_CL_SM,PCC,0
48,LTE_PHY_PUSCH_CSF,2021-11-29 20:11:01.870188,102,0,205,MODE_APERIODIC_RM31,0,Rank 2,13,6,4,8,11,0,TM_CL_SM,PCC,0
48,LTE_PHY_PUSCH_CSF,2021-11-29 20:11:01.876266,102,6,205,MODE_APERIODIC_RM31,0,Rank 2,13,6,5,8,11,0,TM_CL_SM,PCC,0
48,LTE_PHY_PUSCH_CSF,2021-11-29 20:11:01.978062,102,8,215,MODE_APERIODIC_RM31,0,Rank 2,13,5,4,8,11,0,TM_CL_SM,PCC,0
48,LTE_PHY_PUSCH_CSF,2021-11-29 20:10:28.653197,102,3,979,MODE_APERIODIC_RM31,0,Rank 2,13,7,6,8,11,0,TM_CL_SM,PCC,0
48,LTE_PHY_PUSCH_CSF,2021-11-29 20:10:28.661369,102,1,980,MODE_APERIODIC_RM31,0,Rank 2,13,7,6,8,11,0,TM_CL_SM,PCC,0
48,LTE_PHY_PUSCH_CSF,2021-11-29 20:10:28.685313,102,5,982,MODE_APERIODIC_RM31,0,Rank 2,13,7,6,8,11,0,TM_CL_SM,PCC,0
48,LTE_PHY_PUSCH_CSF,2021-11-29 20:10:30.878171,102,8,177,MODE_APERIODIC_RM31,0,Rank 2,13,6,5,8,11,0,TM_CL_SM,PCC,0
48,LTE_PHY_PUSCH_CSF,2021-11-29 20:10:30.918183,102,8,181,MODE_APERIODIC_RM31,0,Rank 2,13,6,5,8,11,0,TM_CL_SM,PCC,0
48,LTE_PHY_PUSCH_CSF,2021-11-29 20:10:31.043175,102,3,194,MODE_APERIODIC_RM31,0,Rank 2,13,6,5,8,11,0,TM_CL_SM,PCC,0
48,LTE_PHY_PUSCH_CSF,2021-11-29 20:10:31.050287,102,0,195,MODE_APERIODIC_RM31,0,Rank 2,13,6,5,8,11,0,TM_CL_SM,PCC,0
48,LTE_PHY_PUSCH_CSF,2021-11-29 20:10:31.093165,102,3,199,MODE_APERIODIC_RM31,0,Rank 2,13,6,5,8,11,0,TM_CL_SM,PCC,0
48,LTE_PHY_PUSCH_CSF,2021-11-29 20:10:31.118181,102,8,201,MODE_APERIODIC_RM31,0,Rank 2,13,6,5,8,11,0,TM_CL_SM,PCC,0
48,LTE_PHY_PUSCH_CSF,2021-11-29 20:10:31.126360,102,6,202,MODE_APERIODIC_RM31,0,Rank 2,13,5,4,8,11,0,TM_CL_SM,PCC,0
48,LTE_PHY_PUSCH_CSF,2021-11-29 20:10:31.133161,102,3,203,MODE_APERIODIC_RM31,0,Rank 2,13,6,5,8,11,0,TM_CL_SM,PCC,0
48,LTE_PHY_PUSCH_CSF,2021-11-29 20:10:31.158069,102,8,205,MODE_APERIODIC_RM31,0,Rank 2,13,6,5,8,11,0,TM_CL_SM,PCC,0
48,LTE_PHY_PUSCH_CSF,2021-11-29 20:11:14.743026,102,3,468,MODE_APERIODIC_RM31,0,Rank 2,13,6,5,8,11,0,TM_CL_SM,PCC,0
48,LTE_PHY_PUSCH_CSF,2021-11-29 20:11:14.745893,102,6,468,MODE_APERIODIC_RM31,0,Rank 2,13,6,5,8,11,0,TM_CL_SM,PCC,0
48,LTE_PHY_PUSCH_CSF,2021-11-29 20:11:14.749087,102,9,468,MODE_APERIODIC_RM31,0,Rank 2,13,6,5,8,11,0,TM_CL_SM,PCC,0
48,LTE_PHY_PUSCH_CSF,2021-11-29 20:11:14.751960,102,2,469,MODE_APERIODIC_RM31,0,Rank 2,13,6,5,8,11,0,TM_CL_SM,PCC,0
48,LTE_PHY_PUSCH_CSF,2021-11-29 20:11:14.755160,102,5,469,MODE_APERIODIC_RM31,0,Rank 2,13,7,5,8,11,0,TM_CL_SM,PCC,0
48,LTE_PHY_PUSCH_CSF,2021-11-29 20:11:14.758032,102,8,469,MODE_APERIODIC_RM31,0,Rank 2,13,7,6,8,11,0,TM_CL_SM,PCC,0
48,LTE_PHY_PUSCH_CSF,2021-11-29 20:11:14.760910,102,1,470,MODE_APERIODIC_RM31,0,Rank 2,13,7,5,8,11,0,TM_CL_SM,PCC,0
48,LTE_PHY_PUSCH_CSF,2021-11-29 20:11:14.764069,102,4,470,MODE_APERIODIC_RM31,0,Rank 2,13,6,5,8,11,0,TM_CL_SM,PCC,0
48,LTE_PHY_PUSCH_CSF,2021-11-29 20:11:14.766949,102,7,470,MODE_APERIODIC_RM31,0,Rank 2,13,7,5,8,2,0,TM_CL_SM,PCC,0
48,LTE_PHY_PUSCH_CSF,2021-11-29 20:11:14.770133,102,0,471,MODE_APERIODIC_RM31,0,Rank 2,13,7,5,8,2,0,TM_CL_SM,PCC,0
48,LTE_PHY_PUSCH_CSF,2021-11-29 20:11:14.773008,102,3,471,MODE_APERIODIC_RM31,0,Rank 2,13,7,5,8,2,0,TM_CL_SM,PCC,0
48,LTE_PHY_PUSCH_CSF,2021-11-29 20:11:14.775889,102,6,471,MODE_APERIODIC_RM31,0,Rank 2,13,7,5,8,2,0,TM_CL_SM,PCC,0
48,LTE_PHY_PUSCH_CSF,2021-11-29 20:11:14.779069,102,9,471,MODE_APERIODIC_RM31,0,Rank 2,13,7,5,8,2,0,TM_CL_SM,PCC,0
48,LTE_PHY_PUSCH_CSF,2021-11-29 20:11:14.781944,102,2,472,MODE_APERIODIC_RM31,0,Rank 2,13,7,5,8,2,0,TM_CL_SM,PCC,0
48,LTE_PHY_PUSCH_CSF,2021-11-29 20:11:14.790132,102,0,473,MODE_APERIODIC_RM31,0,Rank 2,13,6,5,8,11,0,TM_CL_SM,PCC,0
48,LTE_PHY_PUSCH_CSF,2021-11-29 20:11:14.820133,102,0,476,MODE_APERIODIC_RM31,0,Rank 2,13,7,6,8,11,0,TM_CL_SM,PCC,0
48,LTE_PHY_PUSCH_CSF,2021-11-29 20:11:14.823011,102,3,476,MODE_APERIODIC_RM31,0,Rank 2,13,7,6,8,11,0,TM_CL_SM,PCC,0
48,LTE_PHY_PUSCH_CSF,2021-11-29 20:11:14.833011,102,3,477,MODE_APERIODIC_RM31,0,Rank 2,13,7,6,8,11,0,TM_CL_SM,PCC,0
48,LTE_PHY_PUSCH_CSF,2021-11-29 20:11:14.840134,102,0,478,MODE_APERIODIC_RM31,0,Rank 2,13,7,6,8,11,0,TM_CL_SM,PCC,0
48,LTE_PHY_PUSCH_CSF,2021-11-29 20:11:14.853007,102,3,479,MODE_APERIODIC_RM31,0,Rank 2,13,7,6,8,11,0,TM_CL_SM,PCC,0
48,LTE_PHY_PUSCH_CSF,2021-11-29 20:11:14.860871,102,1,480,MODE_APERIODIC_RM31,0,Rank 2,13,7,6,8,11,0,TM_CL_SM,PCC,0
48,LTE_PHY_PUSCH_CSF,2021-11-29 20:11:14.875897,102,6,481,MODE_APERIODIC_RM31,0,Rank 2,13,7,6,8,11,0,TM_CL_SM,PCC,0
48,LTE_PHY_PUSCH_CSF,2021-11-29 20:11:14.890886,102,1,483,MODE_APERIODIC_RM31,0,Rank 2,13,7,6,8,11,0,TM_CL_SM,PCC,0
48,LTE_PHY_PUSCH_CSF,2021-11-29 20:11:14.899072,102,9,483,MODE_APERIODIC_RM31,0,Rank 2,13,7,6,8,11,0,TM_CL_SM,PCC,0
48,LTE_PHY_PUSCH_CSF,2021-11-29 20:11:14.923011,102,3,486,MODE_APERIODIC_RM31,0,Rank 2,13,6,6,8,11,0,TM_CL_SM,PCC,0
48,LTE_PHY_PUSCH_CSF,2021-11-29 20:11:14.930882,102,1,487,MODE_APERIODIC_RM31,0,Rank 2,13,6,5,8,11,0,TM_CL_SM,PCC,0
48,LTE_PHY_PUSCH_CSF,2021-11-29 20:11:14.938006,102,8,487,MODE_APERIODIC_RM31,0,Rank 2,13,7,6,8,11,0,TM_CL_SM,PCC,0
48,LTE_PHY_PUSCH_CSF,2021-11-29 20:11:14.940882,102,1,488,MODE_APERIODIC_RM31,0,Rank 2,13,7,6,8,11,0,TM_CL_SM,PCC,0
48,LTE_PHY_PUSCH_CSF,2021-11-29 20:11:14.945877,102,6,488,MODE_APERIODIC_RM31,0,Rank 2,13,6,6,8,11,0,TM_CL_SM,PCC,0
48,LTE_PHY_PUSCH_CSF,2021-11-29 20:11:14.950132,102,0,489,MODE_APERIODIC_RM31,0,Rank 2,13,6,6,8,11,0,TM_CL_SM,PCC,0
48,LTE_PHY_PUSCH_CSF,2021-11-29 20:11:14.952691,102,3,489,MODE_APERIODIC_RM31,0,Rank 2,13,6,6,8,11,0,TM_CL_SM,PCC,0
48,LTE_PHY_PUSCH_CSF,2021-11-29 20:10:36.973142,102,3,787,MODE_APERIODIC_RM31,0,Rank 2,10,6,5,8,10,0,TM_CL_SM,SCC,0
48,LTE_PHY_PUSCH_CSF,2021-11-29 20:11:04.808041,102,8,498,MODE_APERIODIC_RM31,0,Rank 2,13,5,5,8,5,0,TM_CL_SM,PCC,0
48,LTE_PHY_PUSCH_CSF,2021-11-29 20:11:15.263006,102,3,520,MODE_APERIODIC_RM31,0,Rank 2,13,5,6,8,12,0,TM_CL_SM,PCC,0
48,LTE_PHY_PUSCH_CSF,2021-11-29 20:10:50.093105,102,3,51,MODE_APERIODIC_RM31,0,Rank 2,13,6,5,8,11,0,TM_CL_SM,PCC,0
48,LTE_PHY_PUSCH_CSF,2021-11-29 20:10:57.388065,102,8,780,MODE_APERIODIC_RM31,0,Rank 2,13,5,4,8,11,0,TM_CL_SM,PCC,0
48,LTE_PHY_PUSCH_CSF,2021-11-29 20:10:57.396274,102,6,781,MODE_APERIODIC_RM31,0,Rank 2,13,7,6,8,11,0,TM_CL_SM,PCC,0
48,LTE_PHY_PUSCH_CSF,2021-11-29 20:10:57.403070,102,3,782,MODE_APERIODIC_RM31,0,Rank 2,13,6,6,8,11,0,TM_CL_SM,PCC,0
48,LTE_PHY_PUSCH_CSF,2021-11-29 20:10:57.411259,102,1,783,MODE_APERIODIC_RM31,0,Rank 2,13,6,5,8,11,0,TM_CL_SM,PCC,0
48,LTE_PHY_PUSCH_CSF,2021-11-29 20:10:57.508070,102,8,792,MODE_APERIODIC_RM31,0,Rank 2,13,7,6,8,11,0,TM_CL_SM,PCC,0
48,LTE_PHY_PUSCH_CSF,2021-11-29 20:10:57.516281,102,6,793,MODE_APERIODIC_RM31,0,Rank 2,13,7,6,8,11,0,TM_CL_SM,PCC,0
48,LTE_PHY_PUSCH_CSF,2021-11-29 20:10:24.723187,102,3,586,MODE_APERIODIC_RM31,0,Rank 2,13,6,6,8,11,0,TM_CL_SM,PCC,0
48,LTE_PHY_PUSCH_CSF,2021-11-29 20:10:22.003201,102,3,314,MODE_APERIODIC_RM31,0,Rank 2,13,6,6,8,11,0,TM_CL_SM,PCC,0
48,LTE_PHY_PUSCH_CSF,2021-11-29 20:10:22.011384,102,1,315,MODE_APERIODIC_RM31,0,Rank 2,13,6,6,8,11,0,TM_CL_SM,PCC,0
48,LTE_PHY_PUSCH_CSF,2021-11-29 20:10:22.043199,102,3,318,MODE_APERIODIC_RM31,0,Rank 2,13,7,6,8,11,0,TM_CL_SM,PCC,0
48,LTE_PHY_PUSCH_CSF,2021-11-29 20:11:02.998053,102,8,317,MODE_APERIODIC_RM31,0,Rank 1,13,8,0,8,11,0,TM_CL_SM,PCC,0
48,LTE_PHY_PUSCH_CSF,2021-11-29 20:11:03.005928,102,6,318,MODE_APERIODIC_RM31,0,Rank 2,13,7,5,8,11,0,TM_CL_SM,PCC,0
48,LTE_PHY_PUSCH_CSF,2021-11-29 20:11:03.013048,102,3,319,MODE_APERIODIC_RM31,0,Rank 2,13,6,5,8,11,0,TM_CL_SM,PCC,0
48,LTE_PHY_PUSCH_CSF,2021-11-29 20:11:03.015933,102,6,319,MODE_APERIODIC_RM31,0,Rank 1,13,9,0,8,11,0,TM_CL_SM,PCC,0
48,LTE_PHY_PUSCH_CSF,2021-11-29 20:11:03.058053,102,8,323,MODE_APERIODIC_RM31,0,Rank 2,13,5,6,8,12,0,TM_CL_SM,PCC,0
48,LTE_PHY_PUSCH_CSF,2021-11-29 20:11:03.078053,102,8,325,MODE_APERIODIC_RM31,0,Rank 2,13,6,4,8,11,0,TM_CL_SM,PCC,0
48,LTE_PHY_PUSCH_CSF,2021-11-29 20:10:52.458102,102,8,287,MODE_APERIODIC_RM31,0,Rank 2,13,6,5,8,11,0,TM_CL_SM,PCC,0
48,LTE_PHY_PUSCH_CSF,2021-11-29 20:10:52.466300,102,6,288,MODE_APERIODIC_RM31,0,Rank 2,13,6,5,8,11,0,TM_CL_SM,PCC,0
48,LTE_PHY_PUSCH_CSF,2021-11-29 20:10:52.478097,102,8,289,MODE_APERIODIC_RM31,0,Rank 2,13,6,5,8,11,0,TM_CL_SM,PCC,0
48,LTE_PHY_PUSCH_CSF,2021-11-29 20:10:52.518103,102,8,293,MODE_APERIODIC_RM31,0,Rank 2,13,6,5,8,11,0,TM_CL_SM,PCC,0
48,LTE_PHY_PUSCH_CSF,2021-11-29 20:10:52.636291,102,6,305,MODE_APERIODIC_RM31,0,Rank 2,13,5,5,8,13,0,TM_CL_SM,PCC,0
48,LTE_PHY_PUSCH_CSF,2021-11-29 20:10:31.718180,102,8,261,MODE_APERIODIC_RM31,0,Rank 2,13,4,5,8,10,0,TM_CL_SM,PCC,0
48,LTE_PHY_PUSCH_CSF,2021-11-29 20:10:31.733167,102,3,263,MODE_APERIODIC_RM31,0,Rank 2,13,5,5,8,3,0,TM_CL_SM,PCC,0
48,LTE_PHY_PUSCH_CSF,2021-11-29 20:10:32.043174,102,3,294,MODE_APERIODIC_RM31,0,Rank 2,13,6,5,8,11,0,TM_CL_SM,PCC,0
48,LTE_PHY_PUSCH_CSF,2021-11-29 20:10:32.051355,102,1,295,MODE_APERIODIC_RM31,0,Rank 2,13,6,5,8,11,0,TM_CL_SM,PCC,0
48,LTE_PHY_PUSCH_CSF,2021-11-29 20:10:32.058174,102,8,295,MODE_APERIODIC_RM31,0,Rank 2,13,6,5,8,11,0,TM_CL_SM,PCC,0
48,LTE_PHY_PUSCH_CSF,2021-11-29 20:10:32.066361,102,6,296,MODE_APERIODIC_RM31,0,Rank 2,13,6,5,8,11,0,TM_CL_SM,PCC,0
48,LTE_PHY_PUSCH_CSF,2021-11-29 20:10:32.083178,102,3,298,MODE_APERIODIC_RM31,0,Rank 2,13,5,5,8,11,0,TM_CL_SM,PCC,0
48,LTE_PHY_PUSCH_CSF,2021-11-29 20:11:07.596250,102,6,777,MODE_APERIODIC_RM31,0,Rank 2,13,7,5,8,11,0,TM_CL_SM,PCC,0
48,LTE_PHY_PUSCH_CSF,2021-11-29 20:11:08.398054,102,8,857,MODE_APERIODIC_RM31,0,Rank 2,13,7,5,8,11,0,TM_CL_SM,PCC,0
48,LTE_PHY_PUSCH_CSF,2021-11-29 20:11:08.405928,102,6,858,MODE_APERIODIC_RM31,0,Rank 2,13,7,5,8,11,0,TM_CL_SM,PCC,0
48,LTE_PHY_PUSCH_CSF,2021-11-29 20:10:42.060262,102,0,272,MODE_APERIODIC_RM31,0,Rank 2,13,6,6,8,11,0,TM_CL_SM,PCC,0
48,LTE_PHY_PUSCH_CSF,2021-11-29 20:10:42.063138,102,3,272,MODE_APERIODIC_RM31,0,Rank 2,13,6,6,8,11,0,TM_CL_SM,PCC,0
48,LTE_PHY_PUSCH_CSF,2021-11-29 20:10:42.066324,102,6,272,MODE_APERIODIC_RM31,0,Rank 2,13,6,6,8,11,0,TM_CL_SM,PCC,0
48,LTE_PHY_PUSCH_CSF,2021-11-29 20:10:42.083134,102,3,274,MODE_APERIODIC_RM31,0,Rank 2,13,6,5,8,11,0,TM_CL_SM,PCC,0
48,LTE_PHY_PUSCH_CSF,2021-11-29 20:10:42.100244,102,0,276,MODE_APERIODIC_RM31,0,Rank 2,10,5,5,8,10,0,TM_CL_SM,SCC,0
48,LTE_PHY_PUSCH_CSF,2021-11-29 20:10:42.103122,102,3,276,MODE_APERIODIC_RM31,0,Rank 2,13,6,6,8,11,0,TM_CL_SM,PCC,0
48,LTE_PHY_PUSCH_CSF,2021-11-29 20:10:42.108102,102,8,276,MODE_APERIODIC_RM31,0,Rank 2,10,6,5,8,10,0,TM_CL_SM,SCC,0
48,LTE_PHY_PUSCH_CSF,2021-11-29 20:10:42.110244,102,0,277,MODE_APERIODIC_RM31,0,Rank 2,13,6,6,8,11,0,TM_CL_SM,PCC,0
48,LTE_PHY_PUSCH_CSF,2021-11-29 20:10:42.127060,102,7,278,MODE_APERIODIC_RM31,0,Rank 2,10,6,6,8,10,0,TM_CL_SM,SCC,0
48,LTE_PHY_PUSCH_CSF,2021-11-29 20:10:42.134181,102,4,279,MODE_APERIODIC_RM31,0,Rank 2,13,6,6,8,11,0,TM_CL_SM,PCC,0
48,LTE_PHY_PUSCH_CSF,2021-11-29 20:10:42.135252,102,5,279,MODE_APERIODIC_RM31,0,Rank 2,10,6,6,8,10,0,TM_CL_SM,SCC,0
48,LTE_PHY_PUSCH_CSF,2021-11-29 20:10:42.142057,102,2,280,MODE_APERIODIC_RM31,0,Rank 2,13,6,6,8,11,0,TM_CL_SM,PCC,0
48,LTE_PHY_PUSCH_CSF,2021-11-29 20:10:42.143111,102,3,280,MODE_APERIODIC_RM31,0,Rank 2,10,6,6,8,10,0,TM_CL_SM,SCC,0
48,LTE_PHY_PUSCH_CSF,2021-11-29 20:10:42.151304,102,1,281,MODE_APERIODIC_RM31,0,Rank 2,10,6,6,8,10,0,TM_CL_SM,SCC,0
48,LTE_PHY_PUSCH_CSF,2021-11-29 20:10:42.163120,102,3,282,MODE_APERIODIC_RM31,0,Rank 2,13,6,6,8,11,0,TM_CL_SM,PCC,0
48,LTE_PHY_PUSCH_CSF,2021-11-29 20:10:42.323120,102,3,298,MODE_APERIODIC_RM31,0,Rank 2,10,6,5,8,10,0,TM_CL_SM,SCC,0
48,LTE_PHY_PUSCH_CSF,2021-11-29 20:10:42.331306,102,1,299,MODE_APERIODIC_RM31,0,Rank 2,13,5,5,8,11,0,TM_CL_SM,PCC,0
48,LTE_PHY_PUSCH_CSF,2021-11-29 20:11:03.118053,102,8,329,MODE_APERIODIC_RM31,0,Rank 2,13,5,4,8,0,0,TM_CL_SM,PCC,0
48,LTE_PHY_PUSCH_CSF,2021-11-29 20:11:03.248034,102,8,342,MODE_APERIODIC_RM31,0,Rank 2,13,7,6,8,11,0,TM_CL_SM,PCC,0
48,LTE_PHY_PUSCH_CSF,2021-11-29 20:11:03.255185,102,5,343,MODE_APERIODIC_RM31,0,Rank 2,13,4,6,8,3,0,TM_CL_SM,PCC,0
48,LTE_PHY_PUSCH_CSF,2021-11-29 20:11:03.264106,102,4,344,MODE_APERIODIC_RM31,0,Rank 2,13,4,7,8,3,0,TM_CL_SM,PCC,0
48,LTE_PHY_PUSCH_CSF,2021-11-29 20:11:03.298050,102,8,347,MODE_APERIODIC_RM31,0,Rank 2,13,6,5,8,11,0,TM_CL_SM,PCC,0
48,LTE_PHY_PUSCH_CSF,2021-11-29 20:11:03.305175,102,5,348,MODE_APERIODIC_RM31,0,Rank 2,13,6,5,8,11,0,TM_CL_SM,PCC,0
48,LTE_PHY_PUSCH_CSF,2021-11-29 20:11:03.328046,102,8,350,MODE_APERIODIC_RM31,0,Rank 1,13,8,0,8,11,0,TM_CL_SM,PCC,0
48,LTE_PHY_PUSCH_CSF,2021-11-29 20:10:20.020340,102,0,116,MODE_APERIODIC_RM31,0,Rank 1,13,9,0,8,0,0,TM_CL_SM,PCC,0
48,LTE_PHY_PUSCH_CSF,2021-11-29 20:10:20.029270,102,9,116,MODE_APERIODIC_RM31,0,Rank 2,13,6,6,8,11,0,TM_CL_SM,PCC,0
48,LTE_PHY_PUSCH_CSF,2021-11-29 20:10:20.053212,102,3,119,MODE_APERIODIC_RM31,0,Rank 2,13,7,7,8,11,0,TM_CL_SM,PCC,0
48,LTE_PHY_PUSCH_CSF,2021-11-29 20:10:20.061405,102,1,120,MODE_APERIODIC_RM31,0,Rank 2,13,7,7,8,11,0,TM_CL_SM,PCC,0
48,LTE_PHY_PUSCH_CSF,2021-11-29 20:10:20.068209,102,8,120,MODE_APERIODIC_RM31,0,Rank 2,13,7,7,8,11,0,TM_CL_SM,PCC,0
48,LTE_PHY_PUSCH_CSF,2021-11-29 20:10:20.071396,102,1,121,MODE_APERIODIC_RM31,0,Rank 2,13,7,6,8,11,0,TM_CL_SM,PCC,0
48,LTE_PHY_PUSCH_CSF,2021-11-29 20:10:20.073977,102,4,121,MODE_APERIODIC_RM31,0,Rank 2,13,7,6,8,11,0,TM_CL_SM,PCC,0
48,LTE_PHY_PUSCH_CSF,2021-11-29 20:10:20.077153,102,7,121,MODE_APERIODIC_RM31,0,Rank 2,13,6,7,8,11,0,TM_CL_SM,PCC,0
48,LTE_PHY_PUSCH_CSF,2021-11-29 20:10:20.080342,102,0,122,MODE_APERIODIC_RM31,0,Rank 2,13,6,6,8,11,0,TM_CL_SM,PCC,0
48,LTE_PHY_PUSCH_CSF,2021-11-29 20:10:20.085340,102,5,122,MODE_APERIODIC_RM31,0,Rank 2,13,6,6,8,11,0,TM_CL_SM,PCC,0
48,LTE_PHY_PUSCH_CSF,2021-11-29 20:10:20.089266,102,9,122,MODE_APERIODIC_RM31,0,Rank 2,13,6,6,8,11,0,TM_CL_SM,PCC,0
48,LTE_PHY_PUSCH_CSF,2021-11-29 20:10:20.092145,102,2,123,MODE_APERIODIC_RM31,0,Rank 2,13,6,6,8,11,0,TM_CL_SM,PCC,0
48,LTE_PHY_PUSCH_CSF,2021-11-29 20:10:20.103211,102,3,124,MODE_APERIODIC_RM31,0,Rank 2,13,6,6,8,11,0,TM_CL_SM,PCC,0
48,LTE_PHY_PUSCH_CSF,2021-11-29 20:10:20.123209,102,3,126,MODE_APERIODIC_RM31,0,Rank 2,13,6,6,8,11,0,TM_CL_SM,PCC,0
48,LTE_PHY_PUSCH_CSF,2021-11-29 20:10:20.130328,102,0,127,MODE_APERIODIC_RM31,0,Rank 2,13,6,6,8,11,0,TM_CL_SM,PCC,0
48,LTE_PHY_PUSCH_CSF,2021-11-29 20:10:20.152992,102,3,129,MODE_APERIODIC_RM31,0,Rank 2,13,6,7,8,11,0,TM_CL_SM,PCC,0
48,LTE_PHY_PUSCH_CSF,2021-11-29 20:10:20.171399,102,1,131,MODE_APERIODIC_RM31,0,Rank 2,13,7,7,8,11,0,TM_CL_SM,PCC,0
48,LTE_PHY_PUSCH_CSF,2021-11-29 20:10:20.178226,102,8,131,MODE_APERIODIC_RM31,0,Rank 2,13,7,7,8,11,0,TM_CL_SM,PCC,0
48,LTE_PHY_PUSCH_CSF,2021-11-29 20:10:20.181394,102,1,132,MODE_APERIODIC_RM31,0,Rank 2,13,7,7,8,11,0,TM_CL_SM,PCC,0
48,LTE_PHY_PUSCH_CSF,2021-11-29 20:10:20.184271,102,4,132,MODE_APERIODIC_RM31,0,Rank 2,13,7,7,8,11,0,TM_CL_SM,PCC,0
48,LTE_PHY_PUSCH_CSF,2021-11-29 20:10:20.187142,102,7,132,MODE_APERIODIC_RM31,0,Rank 2,13,7,7,8,11,0,TM_CL_SM,PCC,0
48,LTE_PHY_PUSCH_CSF,2021-11-29 20:10:20.621395,102,1,176,MODE_APERIODIC_RM31,0,Rank 2,13,6,6,8,11,0,TM_CL_SM,PCC,0
48,LTE_PHY_PUSCH_CSF,2021-11-29 20:10:20.633206,102,3,177,MODE_APERIODIC_RM31,0,Rank 2,13,6,6,8,11,0,TM_CL_SM,PCC,0
48,LTE_PHY_PUSCH_CSF,2021-11-29 20:10:20.640338,102,0,178,MODE_APERIODIC_RM31,0,Rank 2,13,6,6,8,11,0,TM_CL_SM,PCC,0
48,LTE_PHY_PUSCH_CSF,2021-11-29 20:10:20.811390,102,1,195,MODE_APERIODIC_RM31,0,Rank 2,13,6,6,8,11,0,TM_CL_SM,PCC,0
48,LTE_PHY_PUSCH_CSF,2021-11-29 20:10:32.755287,102,5,365,MODE_APERIODIC_RM31,0,Rank 1,10,0,0,8,14,0,TM_CL_SM,SCC,0
48,LTE_PHY_PUSCH_CSF,2021-11-29 20:10:32.764219,102,4,366,MODE_APERIODIC_RM31,0,Rank 2,10,5,5,8,10,0,TM_CL_SM,SCC,0
48,LTE_PHY_PUSCH_CSF,2021-11-29 20:10:32.793159,102,3,369,MODE_APERIODIC_RM31,0,Rank 2,13,6,6,8,11,0,TM_CL_SM,PCC,0
48,LTE_PHY_PUSCH_CSF,2021-11-29 20:10:32.794213,102,4,369,MODE_APERIODIC_RM31,0,Rank 2,10,6,6,8,10,0,TM_CL_SM,SCC,0
48,LTE_PHY_PUSCH_CSF,2021-11-29 20:10:32.796354,102,6,369,MODE_APERIODIC_RM31,0,Rank 2,13,6,6,8,11,0,TM_CL_SM,PCC,0
48,LTE_PHY_PUSCH_CSF,2021-11-29 20:10:32.797098,102,7,369,MODE_APERIODIC_RM31,0,Rank 2,10,6,6,8,10,0,TM_CL_SM,SCC,0
48,LTE_PHY_PUSCH_CSF,2021-11-29 20:10:32.799227,102,9,369,MODE_APERIODIC_RM31,0,Rank 2,13,6,6,8,11,0,TM_CL_SM,PCC,0
48,LTE_PHY_PUSCH_CSF,2021-11-29 20:10:32.800289,102,0,370,MODE_APERIODIC_RM31,0,Rank 2,10,6,6,8,10,0,TM_CL_SM,SCC,0
48,LTE_PHY_PUSCH_CSF,2021-11-29 20:10:32.802107,102,2,370,MODE_APERIODIC_RM31,0,Rank 2,13,6,6,8,11,0,TM_CL_SM,PCC,0
48,LTE_PHY_PUSCH_CSF,2021-11-29 20:10:32.803157,102,3,370,MODE_APERIODIC_RM31,0,Rank 2,10,6,6,8,10,0,TM_CL_SM,SCC,0
48,LTE_PHY_PUSCH_CSF,2021-11-29 20:10:32.805285,102,5,370,MODE_APERIODIC_RM31,0,Rank 2,13,6,6,8,11,0,TM_CL_SM,PCC,0
48,LTE_PHY_PUSCH_CSF,2021-11-29 20:10:32.806340,102,6,370,MODE_APERIODIC_RM31,0,Rank 2,10,6,6,8,10,0,TM_CL_SM,SCC,0
48,LTE_PHY_PUSCH_CSF,2021-11-29 20:10:32.808155,102,8,370,MODE_APERIODIC_RM31,0,Rank 2,13,6,6,8,11,0,TM_CL_SM,PCC,0
48,LTE_PHY_PUSCH_CSF,2021-11-29 20:10:32.809215,102,9,370,MODE_APERIODIC_RM31,0,Rank 2,10,6,6,8,10,0,TM_CL_SM,SCC,0
48,LTE_PHY_PUSCH_CSF,2021-11-29 20:10:32.810800,102,1,371,MODE_APERIODIC_RM31,0,Rank 2,13,6,6,8,11,0,TM_CL_SM,PCC,0
48,LTE_PHY_PUSCH_CSF,2021-11-29 20:10:32.812096,102,2,371,MODE_APERIODIC_RM31,0,Rank 2,10,6,6,8,10,0,TM_CL_SM,SCC,0
48,LTE_PHY_PUSCH_CSF,2021-11-29 20:10:32.814218,102,4,371,MODE_APERIODIC_RM31,0,Rank 2,13,6,5,8,11,0,TM_CL_SM,PCC,0
48,LTE_PHY_PUSCH_CSF,2021-11-29 20:10:32.817104,102,7,371,MODE_APERIODIC_RM31,0,Rank 2,10,6,6,8,10,0,TM_CL_SM,SCC,0
48,LTE_PHY_PUSCH_CSF,2021-11-29 20:10:32.823156,102,3,372,MODE_APERIODIC_RM31,0,Rank 2,10,6,6,8,10,0,TM_CL_SM,SCC,0
48,LTE_PHY_PUSCH_CSF,2021-11-29 20:10:18.530342,102,0,991,MODE_APERIODIC_RM31,0,Rank 2,13,6,6,8,11,0,TM_CL_SM,PCC,0
48,LTE_PHY_PUSCH_CSF,2021-11-29 20:10:18.538228,102,8,991,MODE_APERIODIC_RM31,0,Rank 2,13,6,7,8,11,0,TM_CL_SM,PCC,0
48,LTE_PHY_PUSCH_CSF,2021-11-29 20:10:18.603215,102,3,998,MODE_APERIODIC_RM31,0,Rank 2,13,6,7,8,11,0,TM_CL_SM,PCC,0
48,LTE_PHY_PUSCH_CSF,2021-11-29 20:10:18.606401,102,6,998,MODE_APERIODIC_RM31,0,Rank 2,13,6,7,8,11,0,TM_CL_SM,PCC,0
48,LTE_PHY_PUSCH_CSF,2021-11-29 20:10:18.653215,102,3,1003,MODE_APERIODIC_RM31,0,Rank 2,13,6,6,8,11,0,TM_CL_SM,PCC,0
48,LTE_PHY_PUSCH_CSF,2021-11-29 20:10:18.683216,102,3,1006,MODE_APERIODIC_RM31,0,Rank 2,13,6,6,8,11,0,TM_CL_SM,PCC,0
48,LTE_PHY_PUSCH_CSF,2021-11-29 20:10:18.690340,102,0,1007,MODE_APERIODIC_RM31,0,Rank 2,13,6,6,8,11,0,TM_CL_SM,PCC,0
48,LTE_PHY_PUSCH_CSF,2021-11-29 20:10:18.703216,102,3,1008,MODE_APERIODIC_RM31,0,Rank 2,13,6,7,8,11,0,TM_CL_SM,PCC,0
48,LTE_PHY_PUSCH_CSF,2021-11-29 20:10:22.303201,102,3,344,MODE_APERIODIC_RM31,0,Rank 2,13,6,5,8,11,0,TM_CL_SM,PCC,0
48,LTE_PHY_PUSCH_CSF,2021-11-29 20:10:22.323198,102,3,346,MODE_APERIODIC_RM31,0,Rank 2,13,6,5,8,11,0,TM_CL_SM,PCC,0
48,LTE_PHY_PUSCH_CSF,2021-11-29 20:10:22.343197,102,3,348,MODE_APERIODIC_RM31,0,Rank 2,13,6,6,8,11,0,TM_CL_SM,PCC,0
48,LTE_PHY_PUSCH_CSF,2021-11-29 20:10:22.350324,102,0,349,MODE_APERIODIC_RM31,0,Rank 2,13,6,5,8,11,0,TM_CL_SM,PCC,0
48,LTE_PHY_PUSCH_CSF,2021-11-29 20:10:22.373200,102,3,351,MODE_APERIODIC_RM31,0,Rank 2,13,6,6,8,11,0,TM_CL_SM,PCC,0
48,LTE_PHY_PUSCH_CSF,2021-11-29 20:10:22.381388,102,1,352,MODE_APERIODIC_RM31,0,Rank 2,13,6,6,8,11,0,TM_CL_SM,PCC,0
48,LTE_PHY_PUSCH_CSF,2021-11-29 20:10:44.843982,102,4,550,MODE_APERIODIC_RM31,0,Rank 2,10,4,5,8,7,0,TM_CL_SM,SCC,0
48,LTE_PHY_PUSCH_CSF,2021-11-29 20:10:44.846295,102,6,550,MODE_APERIODIC_RM31,0,Rank 2,13,6,5,8,11,0,TM_CL_SM,PCC,0
48,LTE_PHY_PUSCH_CSF,2021-11-29 20:10:44.847042,102,7,550,MODE_APERIODIC_RM31,0,Rank 2,10,4,5,8,6,0,TM_CL_SM,SCC,0
48,LTE_PHY_PUSCH_CSF,2021-11-29 20:10:44.883109,102,3,554,MODE_APERIODIC_RM31,0,Rank 2,13,5,5,8,11,0,TM_CL_SM,PCC,0
48,LTE_PHY_PUSCH_CSF,2021-11-29 20:10:44.923110,102,3,558,MODE_APERIODIC_RM31,0,Rank 2,10,5,5,8,15,0,TM_CL_SM,SCC,0
48,LTE_PHY_PUSCH_CSF,2021-11-29 20:10:44.931295,102,1,559,MODE_APERIODIC_RM31,0,Rank 2,13,4,4,8,11,0,TM_CL_SM,PCC,0
48,LTE_PHY_PUSCH_CSF,2021-11-29 20:10:44.963110,102,3,562,MODE_APERIODIC_RM31,0,Rank 2,10,5,5,8,7,0,TM_CL_SM,SCC,0
48,LTE_PHY_PUSCH_CSF,2021-11-29 20:10:44.970233,102,0,563,MODE_APERIODIC_RM31,0,Rank 2,13,5,4,8,11,0,TM_CL_SM,PCC,0
48,LTE_PHY_PUSCH_CSF,2021-11-29 20:10:44.971288,102,1,563,MODE_APERIODIC_RM31,0,Rank 2,10,6,5,8,7,0,TM_CL_SM,SCC,0
48,LTE_PHY_PUSCH_CSF,2021-11-29 20:10:44.973104,102,3,563,MODE_APERIODIC_RM31,0,Rank 2,13,6,5,8,11,0,TM_CL_SM,PCC,0
48,LTE_PHY_PUSCH_CSF,2021-11-29 20:10:44.973944,102,4,563,MODE_APERIODIC_RM31,0,Rank 2,10,5,5,8,15,0,TM_CL_SM,SCC,0
48,LTE_PHY_PUSCH_CSF,2021-11-29 20:10:44.977046,102,7,563,MODE_APERIODIC_RM31,0,Rank 2,13,6,5,8,11,0,TM_CL_SM,PCC,0
48,LTE_PHY_PUSCH_CSF,2021-11-29 20:10:45.053111,102,3,571,MODE_APERIODIC_RM31,0,Rank 2,10,6,5,8,11,0,TM_CL_SM,SCC,0
48,LTE_PHY_PUSCH_CSF,2021-11-29 20:10:33.703149,102,3,460,MODE_APERIODIC_RM31,0,Rank 2,13,6,5,8,11,0,TM_CL_SM,PCC,0
48,LTE_PHY_PUSCH_CSF,2021-11-29 20:10:33.710277,102,0,461,MODE_APERIODIC_RM31,0,Rank 2,10,5,5,8,7,0,TM_CL_SM,SCC,0
48,LTE_PHY_PUSCH_CSF,2021-11-29 20:10:33.712081,102,2,461,MODE_APERIODIC_RM31,0,Rank 2,13,6,5,8,11,0,TM_CL_SM,PCC,0
48,LTE_PHY_PUSCH_CSF,2021-11-29 20:10:33.713152,102,3,461,MODE_APERIODIC_RM31,0,Rank 2,10,5,5,8,15,0,TM_CL_SM,SCC,0
48,LTE_PHY_PUSCH_CSF,2021-11-29 20:10:33.853147,102,3,475,MODE_APERIODIC_RM31,0,Rank 2,13,6,5,8,11,0,TM_CL_SM,PCC,0
48,LTE_PHY_PUSCH_CSF,2021-11-29 20:10:33.873153,102,3,477,MODE_APERIODIC_RM31,0,Rank 2,10,5,5,8,6,0,TM_CL_SM,SCC,0
48,LTE_PHY_PUSCH_CSF,2021-11-29 20:10:33.880274,102,0,478,MODE_APERIODIC_RM31,0,Rank 2,13,6,5,8,11,0,TM_CL_SM,PCC,0
48,LTE_PHY_PUSCH_CSF,2021-11-29 20:10:24.433189,102,3,557,MODE_APERIODIC_RM31,0,Rank 2,13,6,6,8,11,0,TM_CL_SM,PCC,0
48,LTE_PHY_PUSCH_CSF,2021-11-29 20:10:24.440315,102,0,558,MODE_APERIODIC_RM31,0,Rank 2,13,5,5,8,11,0,TM_CL_SM,PCC,0
48,LTE_PHY_PUSCH_CSF,2021-11-29 20:10:24.443186,102,3,558,MODE_APERIODIC_RM31,0,Rank 2,13,6,6,8,11,0,TM_CL_SM,PCC,0
48,LTE_PHY_PUSCH_CSF,2021-11-29 20:10:24.446374,102,6,558,MODE_APERIODIC_RM31,0,Rank 2,13,6,6,8,11,0,TM_CL_SM,PCC,0
48,LTE_PHY_PUSCH_CSF,2021-11-29 20:10:24.449248,102,9,558,MODE_APERIODIC_RM31,0,Rank 2,13,5,5,8,11,0,TM_CL_SM,PCC,0
48,LTE_PHY_PUSCH_CSF,2021-11-29 20:10:24.493189,102,3,563,MODE_APERIODIC_RM31,0,Rank 2,13,6,6,8,11,0,TM_CL_SM,PCC,0
48,LTE_PHY_PUSCH_CSF,2021-11-29 20:10:24.500292,102,0,564,MODE_APERIODIC_RM31,0,Rank 2,13,6,6,8,11,0,TM_CL_SM,PCC,0
48,LTE_PHY_PUSCH_CSF,2021-11-29 20:10:24.503187,102,3,564,MODE_APERIODIC_RM31,0,Rank 2,13,6,5,8,11,0,TM_CL_SM,PCC,0
48,LTE_PHY_PUSCH_CSF,2021-11-29 20:10:24.506374,102,6,564,MODE_APERIODIC_RM31,0,Rank 2,13,6,6,8,11,0,TM_CL_SM,PCC,0
48,LTE_PHY_PUSCH_CSF,2021-11-29 20:10:24.511374,102,1,565,MODE_APERIODIC_RM31,0,Rank 2,13,5,5,8,11,0,TM_CL_SM,PCC,0
48,LTE_PHY_PUSCH_CSF,2021-11-29 20:10:24.563190,102,3,570,MODE_APERIODIC_RM31,0,Rank 2,13,6,5,8,11,0,TM_CL_SM,PCC,0
48,LTE_PHY_PUSCH_CSF,2021-11-29 20:10:24.603188,102,3,574,MODE_APERIODIC_RM31,0,Rank 2,13,6,6,8,11,0,TM_CL_SM,PCC,0
48,LTE_PHY_PUSCH_CSF,2021-11-29 20:10:24.610312,102,0,575,MODE_APERIODIC_RM31,0,Rank 2,13,6,6,8,11,0,TM_CL_SM,PCC,0
48,LTE_PHY_PUSCH_CSF,2021-11-29 20:10:24.663188,102,3,580,MODE_APERIODIC_RM31,0,Rank 2,13,6,5,8,11,0,TM_CL_SM,PCC,0
48,LTE_PHY_PUSCH_CSF,2021-11-29 20:11:07.270926,102,1,745,MODE_APERIODIC_RM31,0,Rank 2,13,6,5,8,11,0,TM_CL_SM,PCC,0
48,LTE_PHY_PUSCH_CSF,2021-11-29 20:11:07.398034,102,8,757,MODE_APERIODIC_RM31,0,Rank 2,13,6,5,8,11,0,TM_CL_SM,PCC,0
48,LTE_PHY_PUSCH_CSF,2021-11-29 20:10:51.904187,102,4,232,MODE_APERIODIC_RM31,0,Rank 2,13,6,5,8,11,0,TM_CL_SM,PCC,0
48,LTE_PHY_PUSCH_CSF,2021-11-29 20:10:51.907043,102,7,232,MODE_APERIODIC_RM31,0,Rank 2,13,6,5,8,11,0,TM_CL_SM,PCC,0
48,LTE_PHY_PUSCH_CSF,2021-11-29 20:10:51.918102,102,8,233,MODE_APERIODIC_RM31,0,Rank 2,13,6,5,8,11,0,TM_CL_SM,PCC,0
48,LTE_PHY_PUSCH_CSF,2021-11-29 20:10:51.938119,102,8,235,MODE_APERIODIC_RM31,0,Rank 2,13,6,5,8,11,0,TM_CL_SM,PCC,0
48,LTE_PHY_PUSCH_CSF,2021-11-29 20:10:51.968118,102,8,238,MODE_APERIODIC_RM31,0,Rank 2,13,6,5,8,11,0,TM_CL_SM,PCC,0
48,LTE_PHY_PUSCH_CSF,2021-11-29 20:10:51.998122,102,8,241,MODE_APERIODIC_RM31,0,Rank 2,13,7,5,8,0,0,TM_CL_SM,PCC,0
48,LTE_PHY_PUSCH_CSF,2021-11-29 20:10:40.342056,102,2,100,MODE_APERIODIC_RM31,0,Rank 2,10,6,5,8,10,0,TM_CL_SM,SCC,0
48,LTE_PHY_PUSCH_CSF,2021-11-29 20:10:40.344186,102,4,100,MODE_APERIODIC_RM31,0,Rank 2,13,6,6,8,11,0,TM_CL_SM,PCC,0
48,LTE_PHY_PUSCH_CSF,2021-11-29 20:10:40.345252,102,5,100,MODE_APERIODIC_RM31,0,Rank 2,10,6,5,8,10,0,TM_CL_SM,SCC,0
48,LTE_PHY_PUSCH_CSF,2021-11-29 20:10:40.352066,102,2,101,MODE_APERIODIC_RM31,0,Rank 2,10,6,5,8,10,0,TM_CL_SM,SCC,0
48,LTE_PHY_PUSCH_CSF,2021-11-29 20:10:34.903138,102,3,580,MODE_APERIODIC_RM31,0,Rank 2,13,6,6,8,11,0,TM_CL_SM,PCC,0
48,LTE_PHY_PUSCH_CSF,2021-11-29 20:10:34.910263,102,0,581,MODE_APERIODIC_RM31,0,Rank 2,10,5,5,8,15,0,TM_CL_SM,SCC,0
48,LTE_PHY_PUSCH_CSF,2021-11-29 20:10:34.911319,102,1,581,MODE_APERIODIC_RM31,0,Rank 2,13,6,6,8,11,0,TM_CL_SM,PCC,0
48,LTE_PHY_PUSCH_CSF,2021-11-29 20:10:34.919204,102,9,581,MODE_APERIODIC_RM31,0,Rank 2,10,5,5,8,15,0,TM_CL_SM,SCC,0
48,LTE_PHY_PUSCH_CSF,2021-11-29 20:11:15.953008,102,3,589,MODE_APERIODIC_RM31,0,Rank 2,13,6,6,8,11,0,TM_CL_SM,PCC,0
48,LTE_PHY_PUSCH_CSF,2021-11-29 20:11:16.343003,102,3,628,MODE_APERIODIC_RM31,0,Rank 2,13,7,6,8,11,0,TM_CL_SM,PCC,0
48,LTE_PHY_PUSCH_CSF,2021-11-29 20:11:16.353004,102,3,629,MODE_APERIODIC_RM31,0,Rank 2,13,7,6,8,11,0,TM_CL_SM,PCC,0
48,LTE_PHY_PUSCH_CSF,2021-11-29 20:11:16.373004,102,3,631,MODE_APERIODIC_RM31,0,Rank 2,13,7,6,8,11,0,TM_CL_SM,PCC,0
48,LTE_PHY_PUSCH_CSF,2021-11-29 20:10:56.815212,102,5,723,MODE_APERIODIC_RM31,0,Rank 2,13,7,7,8,11,0,TM_CL_SM,PCC,0
48,LTE_PHY_PUSCH_CSF,2021-11-29 20:10:56.823073,102,3,724,MODE_APERIODIC_RM31,0,Rank 2,13,7,6,8,11,0,TM_CL_SM,PCC,0
48,LTE_PHY_PUSCH_CSF,2021-11-29 20:10:56.858080,102,8,727,MODE_APERIODIC_RM31,0,Rank 2,13,7,6,8,11,0,TM_CL_SM,PCC,0
48,LTE_PHY_PUSCH_CSF,2021-11-29 20:10:56.866269,102,6,728,MODE_APERIODIC_RM31,0,Rank 2,13,7,6,8,11,0,TM_CL_SM,PCC,0
48,LTE_PHY_PUSCH_CSF,2021-11-29 20:10:56.888077,102,8,730,MODE_APERIODIC_RM31,0,Rank 2,13,7,6,8,11,0,TM_CL_SM,PCC,0
48,LTE_PHY_PUSCH_CSF,2021-11-29 20:10:56.918078,102,8,733,MODE_APERIODIC_RM31,0,Rank 2,13,7,6,8,11,0,TM_CL_SM,PCC,0
48,LTE_PHY_PUSCH_CSF,2021-11-29 20:10:35.873145,102,3,677,MODE_APERIODIC_RM31,0,Rank 2,13,6,5,8,11,0,TM_CL_SM,PCC,0
48,LTE_PHY_PUSCH_CSF,2021-11-29 20:10:35.893145,102,3,679,MODE_APERIODIC_RM31,0,Rank 2,10,6,5,8,5,0,TM_CL_SM,SCC,0
48,LTE_PHY_PUSCH_CSF,2021-11-29 20:10:35.970266,102,0,687,MODE_APERIODIC_RM31,0,Rank 2,13,6,5,8,11,0,TM_CL_SM,PCC,0
48,LTE_PHY_PUSCH_CSF,2021-11-29 20:10:35.971323,102,1,687,MODE_APERIODIC_RM31,0,Rank 2,10,5,5,8,6,0,TM_CL_SM,SCC,0
48,LTE_PHY_PUSCH_CSF,2021-11-29 20:10:35.973145,102,3,687,MODE_APERIODIC_RM31,0,Rank 2,13,6,5,8,11,0,TM_CL_SM,PCC,0
48,LTE_PHY_PUSCH_CSF,2021-11-29 20:10:35.983155,102,3,688,MODE_APERIODIC_RM31,0,Rank 2,10,5,5,8,15,0,TM_CL_SM,SCC,0
48,LTE_PHY_PUSCH_CSF,2021-11-29 20:10:35.990265,102,0,689,MODE_APERIODIC_RM31,0,Rank 2,13,6,5,8,11,0,TM_CL_SM,PCC,0
48,LTE_PHY_PUSCH_CSF,2021-11-29 20:10:35.990808,102,1,689,MODE_APERIODIC_RM31,0,Rank 2,10,4,5,8,5,0,TM_CL_SM,SCC,0
48,LTE_PHY_PUSCH_CSF,2021-11-29 20:10:36.015228,102,5,691,MODE_APERIODIC_RM31,0,Rank 2,13,6,5,8,11,0,TM_CL_SM,PCC,0
48,LTE_PHY_PUSCH_CSF,2021-11-29 20:10:36.016337,102,6,691,MODE_APERIODIC_RM31,0,Rank 2,10,5,4,8,15,0,TM_CL_SM,SCC,0
48,LTE_PHY_PUSCH_CSF,2021-11-29 20:10:36.018144,102,8,691,MODE_APERIODIC_RM31,0,Rank 2,13,6,5,8,11,0,TM_CL_SM,PCC,0
48,LTE_PHY_PUSCH_CSF,2021-11-29 20:10:36.019202,102,9,691,MODE_APERIODIC_RM31,0,Rank 2,10,5,5,8,14,0,TM_CL_SM,SCC,0
48,LTE_PHY_PUSCH_CSF,2021-11-29 20:10:36.021339,102,1,692,MODE_APERIODIC_RM31,0,Rank 2,13,6,5,8,11,0,TM_CL_SM,PCC,0
48,LTE_PHY_PUSCH_CSF,2021-11-29 20:10:36.050273,102,0,695,MODE_APERIODIC_RM31,0,Rank 2,10,6,5,8,10,0,TM_CL_SM,SCC,0
48,LTE_PHY_PUSCH_CSF,2021-11-29 20:10:36.051332,102,1,695,MODE_APERIODIC_RM31,0,Rank 2,13,6,5,8,11,0,TM_CL_SM,PCC,0
48,LTE_PHY_PUSCH_CSF,2021-11-29 20:11:16.403003,102,3,634,MODE_APERIODIC_RM31,0,Rank 2,13,7,6,8,11,0,TM_CL_SM,PCC,0
48,LTE_PHY_PUSCH_CSF,2021-11-29 20:11:16.413002,102,3,635,MODE_APERIODIC_RM31,0,Rank 2,13,7,6,8,11,0,TM_CL_SM,PCC,0
48,LTE_PHY_PUSCH_CSF,2021-11-29 20:11:16.420132,102,0,636,MODE_APERIODIC_RM31,0,Rank 2,13,7,6,8,11,0,TM_CL_SM,PCC,0
48,LTE_PHY_PUSCH_CSF,2021-11-29 20:11:16.453005,102,3,639,MODE_APERIODIC_RM31,0,Rank 2,13,7,6,8,11,0,TM_CL_SM,PCC,0
48,LTE_PHY_PUSCH_CSF,2021-11-29 20:11:16.460130,102,0,640,MODE_APERIODIC_RM31,0,Rank 2,13,7,6,8,11,0,TM_CL_SM,PCC,0
48,LTE_PHY_PUSCH_CSF,2021-11-29 20:11:16.482998,102,3,642,MODE_APERIODIC_RM31,0,Rank 2,13,7,6,8,11,0,TM_CL_SM,PCC,0
48,LTE_PHY_PUSCH_CSF,2021-11-29 20:11:16.485878,102,6,642,MODE_APERIODIC_RM31,0,Rank 2,13,6,6,8,11,0,TM_CL_SM,PCC,0
48,LTE_PHY_PUSCH_CSF,2021-11-29 20:11:16.513002,102,3,645,MODE_APERIODIC_RM31,0,Rank 2,13,7,6,8,11,0,TM_CL_SM,PCC,0
48,LTE_PHY_PUSCH_CSF,2021-11-29 20:11:16.520129,102,0,646,MODE_APERIODIC_RM31,0,Rank 2,13,7,6,8,11,0,TM_CL_SM,PCC,0
48,LTE_PHY_PUSCH_CSF,2021-11-29 20:11:16.573002,102,3,651,MODE_APERIODIC_RM31,0,Rank 2,13,7,6,8,11,0,TM_CL_SM,PCC,0
48,LTE_PHY_PUSCH_CSF,2021-11-29 20:11:16.593001,102,3,653,MODE_APERIODIC_RM31,0,Rank 2,13,7,6,8,11,0,TM_CL_SM,PCC,0
48,LTE_PHY_PUSCH_CSF,2021-11-29 20:11:16.603010,102,3,654,MODE_APERIODIC_RM31,0,Rank 2,13,7,6,8,11,0,TM_CL_SM,PCC,0
48,LTE_PHY_PUSCH_CSF,2021-11-29 20:11:16.632999,102,3,657,MODE_APERIODIC_RM31,0,Rank 2,13,6,6,8,11,0,TM_CL_SM,PCC,0
