Number of padding BSR,Number of regular BSR,Number of periodic BSR,Number of cancel BSR,Grant received,Grant utilized,label
0,0,0,0,0,0,airbnb
0,0,0,0,0,0,airbnb
0,0,0,0,0,0,airbnb
1,1,0,0,174,12,airbnb
0,0,0,0,0,0,airbnb
0,0,0,0,0,0,airbnb
0,0,0,0,0,0,airbnb
0,0,0,0,0,0,airbnb
0,0,0,0,0,0,airbnb
0,0,0,0,0,0,airbnb
0,0,0,0,0,0,airbnb
2,0,3,0,7929,7869,airbnb
3,2,0,1,413,78,airbnb
2,4,0,0,757,468,airbnb
0,0,0,0,0,0,airbnb
3,1,2,0,5233,4967,airbnb
0,0,0,0,0,0,airbnb
1,0,0,0,61,6,airbnb
0,0,0,0,0,0,airbnb
0,0,0,0,0,0,airbnb
0,0,0,0,0,0,airbnb
0,0,0,0,0,0,airbnb
0,0,0,0,0,0,airbnb
0,0,0,0,0,0,airbnb
0,0,0,0,0,0,airbnb
0,0,0,0,0,0,airbnb
0,0,0,0,0,0,airbnb
0,0,0,0,0,0,airbnb
0,0,0,0,0,0,airbnb
0,0,0,0,0,0,airbnb
0,0,0,0,0,0,airbnb
0,0,0,0,0,0,airbnb
0,0,0,0,0,0,airbnb
0,0,0,0,0,0,airbnb
0,0,0,0,0,0,airbnb
0,0,0,0,0,0,airbnb
0,0,0,0,0,0,airbnb
0,0,0,0,0,0,airbnb
0,0,0,0,0,0,airbnb
0,0,0,0,0,0,airbnb
0,0,0,0,0,0,airbnb
0,0,0,0,0,0,airbnb
0,1,0,0,177,82,airbnb
1,0,0,0,51,6,airbnb
1,0,0,0,61,6,airbnb
5,2,1,0,3334,2647,airbnb
2,3,1,0,1754,1472,airbnb
1,3,0,0,444,374,airbnb
1,1,0,0,254,158,airbnb
1,1,0,0,248,167,airbnb
1,1,1,0,428,268,airbnb
1,0,0,0,105,6,airbnb
2,1,1,0,1781,1552,airbnb
0,2,0,0,314,90,airbnb
0,0,0,0,0,0,airbnb
1,0,0,0,87,6,airbnb
0,0,0,0,0,0,airbnb
0,0,0,0,0,0,airbnb
0,0,0,0,0,0,airbnb
3,1,1,0,1952,1620,airbnb
0,0,0,0,0,0,airbnb
0,0,0,0,0,0,airbnb
0,0,0,0,0,0,airbnb
0,0,0,0,0,0,airbnb
0,0,0,0,0,0,airbnb
0,0,0,0,0,0,airbnb
0,0,0,0,0,0,airbnb
0,0,0,0,0,0,airbnb
0,0,0,0,0,0,airbnb
0,0,0,0,0,0,airbnb
0,0,0,0,0,0,airbnb
0,0,0,0,0,0,airbnb
0,0,0,0,0,0,airbnb
0,0,0,0,0,0,airbnb
0,0,0,0,0,0,airbnb
0,0,0,0,0,0,airbnb
0,0,0,0,0,0,airbnb
0,0,0,0,0,0,airbnb
0,0,0,0,0,0,airbnb
0,0,0,0,0,0,airbnb
0,0,0,0,0,0,airbnb
0,0,0,0,0,0,airbnb
0,0,0,0,0,0,airbnb
0,0,0,0,0,0,airbnb
0,0,0,0,0,0,airbnb
0,0,0,0,0,0,airbnb
0,0,0,0,0,0,airbnb
0,0,0,0,0,0,airbnb
0,0,0,0,0,0,airbnb
1,0,0,0,61,6,airbnb
0,0,0,0,0,0,airbnb
0,0,0,0,0,0,airbnb
0,0,0,0,0,0,airbnb
0,0,0,0,0,0,airbnb
1,0,0,0,133,6,airbnb
0,0,0,0,0,0,airbnb
2,2,0,0,622,416,airbnb
1,2,0,0,523,310,airbnb
0,1,0,0,161,86,airbnb
5,5,0,0,4545,3355,airbnb
0,0,0,0,0,0,airbnb
0,0,0,0,0,0,airbnb
0,0,0,0,0,0,airbnb
0,0,0,0,0,0,airbnb
0,0,0,0,0,0,airbnb
0,0,0,0,0,0,airbnb
0,0,0,0,0,0,airbnb
2,1,0,0,555,426,airbnb
1,3,0,0,632,200,airbnb
0,0,0,0,0,0,airbnb
1,0,0,0,61,6,airbnb
0,3,0,0,531,276,airbnb
1,4,0,0,1009,730,airbnb
4,1,2,0,2629,2225,airbnb
0,1,0,0,125,82,airbnb
1,0,0,0,42,6,airbnb
1,0,0,0,65,6,airbnb
0,0,0,0,0,0,airbnb
0,0,0,0,0,0,airbnb
0,0,0,0,0,0,airbnb
0,0,0,0,0,0,airbnb
0,0,0,0,0,0,airbnb
0,0,0,0,0,0,airbnb
0,0,0,0,0,0,airbnb
0,0,0,0,0,0,airbnb
0,0,0,0,0,0,airbnb
0,0,0,0,0,0,airbnb
0,1,0,0,85,8,airbnb
0,1,0,0,141,8,airbnb
0,2,0,0,286,172,airbnb
0,0,0,0,0,0,airbnb
0,0,0,0,0,0,airbnb
0,0,0,0,0,0,airbnb
0,0,0,0,0,0,airbnb
0,0,0,0,0,0,airbnb
0,0,0,0,0,0,airbnb
1,0,0,0,65,6,airbnb
0,0,0,0,0,0,airbnb
1,0,0,0,55,6,airbnb
0,0,0,0,0,0,airbnb
0,0,0,0,0,0,airbnb
0,0,0,0,0,0,airbnb
1,2,1,0,795,735,airbnb
1,3,0,0,1056,271,airbnb
2,2,0,0,8512,7647,airbnb
0,0,0,0,0,0,airbnb
0,0,0,0,0,0,airbnb
0,0,0,0,0,0,airbnb
0,0,0,0,0,0,airbnb
0,0,0,0,0,0,airbnb
0,0,0,0,0,0,airbnb
0,0,0,0,0,0,airbnb
0,0,0,0,0,0,airbnb
1,0,0,0,13,6,airbnb
3,0,5,0,23512,22946,airbnb
3,3,2,0,6005,5332,airbnb
4,4,1,0,2167,1944,airbnb
3,3,0,0,1321,1066,airbnb
5,2,1,0,1785,1481,airbnb
3,4,0,0,1934,1636,airbnb
1,1,0,0,501,355,airbnb
0,0,0,0,0,0,airbnb
0,0,0,0,0,0,airbnb
0,0,0,0,0,0,airbnb
0,0,0,0,0,0,airbnb
0,0,0,0,0,0,airbnb
0,0,0,0,0,0,airbnb
0,2,0,0,286,90,airbnb
3,2,0,0,2447,1741,airbnb
0,2,0,0,274,90,airbnb
1,0,0,0,61,6,airbnb
2,4,0,0,671,350,airbnb
1,0,0,0,47,6,airbnb
0,0,0,0,0,0,airbnb
2,0,0,0,132,12,airbnb
0,0,0,0,0,0,airbnb
0,0,0,0,0,0,airbnb
0,0,0,0,0,0,airbnb
0,0,0,0,0,0,airbnb
1,1,0,0,166,12,airbnb
0,3,0,0,483,192,airbnb
3,4,0,0,3066,2544,airbnb
2,1,0,0,337,299,airbnb
0,0,0,0,0,0,airbnb
0,0,0,0,0,0,airbnb
0,0,0,0,0,0,airbnb
1,0,0,0,18,6,airbnb
1,0,0,0,141,6,airbnb
1,0,0,0,55,6,airbnb
1,0,0,0,47,6,airbnb
1,0,0,0,153,6,airbnb
1,0,0,0,51,6,airbnb
0,0,0,0,0,0,airbnb
0,0,0,0,0,0,airbnb
0,0,0,0,0,0,airbnb
0,0,0,0,0,0,airbnb
0,0,0,0,0,0,airbnb
0,2,1,0,1461,1423,airbnb
1,0,0,0,69,6,airbnb
0,0,0,0,0,0,airbnb
1,0,0,0,87,6,airbnb
0,0,0,0,0,0,airbnb
0,0,0,0,0,0,airbnb
0,0,0,0,0,0,airbnb
0,0,0,0,0,0,airbnb
0,0,0,0,0,0,airbnb
1,1,0,0,79,45,airbnb
0,0,0,0,0,0,airbnb
0,0,0,0,0,0,airbnb
0,0,0,0,0,0,airbnb
0,0,0,0,0,0,airbnb
0,0,0,0,0,0,airbnb
0,0,0,0,0,0,airbnb
0,0,0,0,0,0,airbnb
0,0,0,0,0,0,airbnb
0,0,0,0,0,0,airbnb
0,0,0,0,0,0,airbnb
1,0,0,0,61,6,airbnb
0,0,0,0,0,0,airbnb
0,0,0,0,0,0,airbnb
0,0,0,0,0,0,airbnb
0,0,0,0,0,0,airbnb
1,0,0,0,61,6,airbnb
0,0,0,0,0,0,airbnb
0,0,0,0,0,0,airbnb
0,0,0,0,0,0,airbnb
0,0,0,0,0,0,airbnb
2,2,0,0,656,531,airbnb
3,2,1,0,2494,2054,airbnb
1,2,0,0,127,54,airbnb
1,4,0,0,661,422,airbnb
1,0,0,0,85,6,airbnb
0,0,0,0,0,0,airbnb
0,0,0,0,0,0,airbnb
0,0,0,0,0,0,airbnb
0,0,0,0,0,0,airbnb
0,0,0,0,0,0,airbnb
0,0,0,0,0,0,airbnb
2,3,0,0,1061,607,airbnb
0,4,0,0,720,302,airbnb
2,4,0,0,1628,1360,airbnb
1,0,0,0,67,6,airbnb
0,0,0,0,0,0,airbnb
0,0,0,0,0,0,airbnb
0,0,0,0,0,0,airbnb
0,0,0,0,0,0,airbnb
0,0,0,0,0,0,airbnb
0,0,0,0,0,0,airbnb
1,1,0,0,246,12,airbnb
0,0,0,0,0,0,airbnb
0,0,0,0,0,0,airbnb
0,0,0,0,0,0,airbnb
0,0,0,0,0,0,airbnb
0,0,0,0,0,0,airbnb
0,0,0,0,0,0,airbnb
0,0,0,0,0,0,airbnb
0,0,0,0,0,0,airbnb
0,0,0,0,0,0,airbnb
0,0,0,0,0,0,airbnb
0,0,0,0,0,0,airbnb
0,0,0,0,0,0,airbnb
0,0,0,0,0,0,airbnb
0,0,0,0,0,0,airbnb
0,0,0,0,0,0,airbnb
0,0,0,0,0,0,airbnb
3,0,1,0,269,246,airbnb
1,1,0,0,132,91,airbnb
0,0,1,0,408,397,airbnb
1,0,0,0,61,6,airbnb
0,0,0,0,0,0,airbnb
0,0,0,0,0,0,airbnb
0,0,0,0,0,0,airbnb
0,0,0,0,0,0,airbnb
0,0,0,0,0,0,airbnb
0,2,0,0,302,90,airbnb
1,0,0,0,75,6,airbnb
0,0,0,0,0,0,airbnb
1,1,0,0,298,268,airbnb
1,0,0,0,61,6,airbnb
0,0,0,0,0,0,airbnb
1,0,0,0,61,6,airbnb
0,0,0,0,0,0,airbnb
1,0,0,0,87,6,airbnb
0,0,0,0,0,0,airbnb
0,0,0,0,0,0,airbnb
0,1,0,0,153,21,airbnb
0,0,0,0,0,0,airbnb
0,0,0,0,0,0,airbnb
0,0,0,0,0,0,airbnb
0,0,0,0,0,0,airbnb
0,0,0,0,0,0,airbnb
0,0,0,0,0,0,airbnb
0,0,0,0,0,0,airbnb
0,0,0,0,0,0,airbnb
0,0,0,0,0,0,airbnb
0,0,0,0,0,0,airbnb
1,4,0,0,963,475,airbnb
0,2,0,0,330,32,airbnb
0,0,0,0,0,0,airbnb
1,0,0,0,51,6,airbnb
8,4,0,0,1259,394,airbnb
4,3,0,0,851,45,airbnb
1,0,0,0,41,6,airbnb
0,0,0,0,0,0,airbnb
1,1,0,0,248,167,airbnb
1,0,0,0,253,176,airbnb
1,0,0,0,87,6,airbnb
1,0,0,0,87,6,airbnb
3,4,0,0,810,674,airbnb
0,1,0,0,85,8,airbnb
1,0,0,0,61,6,airbnb
0,3,0,0,539,160,Amazon Shopping
0,1,0,0,153,8,Amazon Shopping
1,0,0,0,133,6,Amazon Shopping
0,0,0,0,0,0,Amazon Shopping
0,0,0,0,0,0,Amazon Shopping
0,0,0,0,0,0,Amazon Shopping
0,0,0,0,0,0,Amazon Shopping
0,0,0,0,0,0,Amazon Shopping
0,0,0,0,0,0,Amazon Shopping
0,0,0,0,0,0,Amazon Shopping
0,0,0,0,0,0,Amazon Shopping
0,0,0,0,0,0,Amazon Shopping
0,0,0,0,0,0,Amazon Shopping
0,0,0,0,0,0,Amazon Shopping
0,0,0,0,0,0,Amazon Shopping
0,0,0,0,0,0,Amazon Shopping
0,0,0,0,0,0,Amazon Shopping
0,0,0,0,0,0,Amazon Shopping
0,0,0,0,0,0,Amazon Shopping
0,0,0,0,0,0,Amazon Shopping
0,0,0,0,0,0,Amazon Shopping
5,3,2,0,12991,12335,Amazon Shopping
3,1,2,0,6106,5687,Amazon Shopping
3,2,0,0,2751,2040,Amazon Shopping
0,1,0,0,113,8,Amazon Shopping
1,0,0,0,32,6,Amazon Shopping
2,2,2,0,5167,5044,Amazon Shopping
1,2,0,0,505,290,Amazon Shopping
3,2,0,0,1459,1293,Amazon Shopping
2,3,0,0,1510,1244,Amazon Shopping
1,2,0,0,2386,2333,Amazon Shopping
1,4,2,0,3443,3248,Amazon Shopping
1,2,2,0,4178,4006,Amazon Shopping
1,0,0,0,157,6,Amazon Shopping
1,0,0,0,105,6,Amazon Shopping
1,1,3,0,6044,5897,Amazon Shopping
5,5,1,0,19849,18332,Amazon Shopping
1,1,3,0,7059,6967,Amazon Shopping
0,0,0,0,0,0,Amazon Shopping
1,2,0,0,475,129,Amazon Shopping
0,0,0,0,0,0,Amazon Shopping
5,0,0,0,921,26,Amazon Shopping
0,1,4,0,18086,18086,Amazon Shopping
7,2,3,0,24561,21787,Amazon Shopping
2,2,2,0,10117,9166,Amazon Shopping
0,0,0,0,0,0,Amazon Shopping
1,0,0,0,47,6,Amazon Shopping
1,0,0,0,141,6,Amazon Shopping
0,1,0,0,161,105,Amazon Shopping
3,0,5,0,51350,49134,Amazon Shopping
4,2,1,0,8441,7662,Amazon Shopping
1,4,1,0,1729,1296,Amazon Shopping
2,2,0,0,1186,766,Amazon Shopping
1,2,0,0,345,188,Amazon Shopping
0,2,2,0,8800,8559,Amazon Shopping
4,4,0,0,2633,2355,Amazon Shopping
1,3,2,0,9047,8644,Amazon Shopping
1,0,0,0,69,6,Amazon Shopping
0,0,0,0,0,0,Amazon Shopping
0,0,0,0,0,0,Amazon Shopping
2,1,1,0,3335,2770,Amazon Shopping
0,0,0,0,0,0,Amazon Shopping
0,0,0,0,0,0,Amazon Shopping
1,1,0,0,165,99,Amazon Shopping
1,3,0,0,2213,2084,Amazon Shopping
0,2,3,0,6165,6013,Amazon Shopping
1,2,1,0,821,497,Amazon Shopping
0,2,1,0,945,825,Amazon Shopping
3,4,0,0,1736,1263,Amazon Shopping
2,2,1,0,19267,18143,Amazon Shopping
1,1,3,0,2617,2551,Amazon Shopping
3,1,1,0,3762,2992,Amazon Shopping
3,2,0,0,2164,1621,Amazon Shopping
2,2,0,0,1509,1230,Amazon Shopping
0,0,0,0,0,0,Amazon Shopping
1,0,0,0,133,6,Amazon Shopping
0,0,0,0,0,0,Amazon Shopping
0,0,0,0,0,0,Amazon Shopping
0,0,0,0,0,0,Amazon Shopping
2,2,2,0,11370,11253,Amazon Shopping
5,3,2,0,27369,25911,Amazon Shopping
1,0,0,0,61,6,Amazon Shopping
0,0,0,0,0,0,Amazon Shopping
0,1,2,0,1725,1725,Amazon Shopping
1,1,3,0,4577,4512,Amazon Shopping
3,2,0,0,705,440,Amazon Shopping
2,1,0,0,535,20,Amazon Shopping
0,0,0,0,0,0,Amazon Shopping
1,1,3,0,15956,15763,Amazon Shopping
0,0,4,0,9377,9377,Amazon Shopping
0,0,5,0,30753,30753,Amazon Shopping
1,5,0,0,4685,3893,Amazon Shopping
2,3,1,0,4293,3763,Amazon Shopping
0,1,0,0,113,8,Amazon Shopping
1,0,0,0,87,6,Amazon Shopping
4,1,3,0,25295,23507,Amazon Shopping
0,4,0,0,788,243,Amazon Shopping
1,0,0,0,61,6,Amazon Shopping
0,0,0,0,0,0,Amazon Shopping
0,0,0,0,0,0,Amazon Shopping
0,0,0,0,0,0,Amazon Shopping
0,0,0,0,0,0,Amazon Shopping
0,0,0,0,0,0,Amazon Shopping
0,0,0,0,0,0,Amazon Shopping
2,1,1,0,2632,2208,Amazon Shopping
3,3,0,0,1467,1228,Amazon Shopping
4,3,2,0,21403,19761,Amazon Shopping
5,3,2,0,5701,5310,Amazon Shopping
2,3,0,0,758,433,Amazon Shopping
4,2,1,0,6252,4985,Amazon Shopping
0,1,2,0,2776,2776,Amazon Shopping
2,2,1,0,1754,1545,Amazon Shopping
1,3,1,0,1698,1431,Amazon Shopping
3,2,0,0,1855,1629,Amazon Shopping
2,4,1,0,2158,1936,Amazon Shopping
3,2,2,0,31573,30475,Amazon Shopping
2,2,2,0,3433,3241,Amazon Shopping
167,126,70,1,0,0,Amazon Shopping
0,0,0,0,0,0,Amazon Shopping
0,0,0,0,0,0,Amazon Shopping
0,0,0,0,0,0,Amazon Shopping
0,0,0,0,0,0,Amazon Shopping
0,0,0,0,0,0,Amazon Shopping
0,0,0,0,0,0,Amazon Shopping
0,0,0,0,0,0,Amazon Shopping
0,0,0,0,0,0,Amazon Shopping
2,2,2,0,3132,2829,Amazon Shopping
5,3,1,0,2585,2156,Amazon Shopping
0,2,0,0,162,131,Amazon Shopping
1,0,0,0,105,6,Amazon Shopping
0,0,0,0,0,0,Amazon Shopping
0,0,0,0,0,0,Amazon Shopping
2,1,1,0,16313,13373,Amazon Shopping
1,0,0,0,113,6,Amazon Shopping
1,0,0,0,55,6,Amazon Shopping
0,0,0,0,0,0,Amazon Shopping
0,0,0,0,0,0,Amazon Shopping
0,0,0,0,0,0,Amazon Shopping
0,0,0,0,0,0,Amazon Shopping
0,0,0,0,0,0,Amazon Shopping
0,0,0,0,0,0,Amazon Shopping
0,0,0,0,0,0,Amazon Shopping
0,1,0,0,1604,1604,Amazon Shopping
0,1,2,0,13422,13347,Amazon Shopping
4,1,1,0,13757,13248,Amazon Shopping
0,1,3,0,30612,30612,Amazon Shopping
0,0,0,0,0,0,Amazon Shopping
0,0,0,0,0,0,Amazon Shopping
2,1,0,0,12009,10167,Amazon Shopping
0,3,0,0,211,142,Amazon Shopping
0,3,0,0,463,56,Amazon Shopping
0,0,0,0,0,0,Amazon Shopping
3,1,1,0,2180,2069,Amazon Shopping
3,1,3,0,8085,7703,Amazon Shopping
1,0,0,0,79,6,Amazon Shopping
0,0,0,0,0,0,Amazon Shopping
0,0,0,0,0,0,Amazon Shopping
0,0,0,0,0,0,Amazon Shopping
1,1,4,0,11156,11081,Amazon Shopping
1,0,0,0,41,6,Amazon Shopping
1,0,0,0,47,6,Amazon Shopping
2,3,2,0,19372,18122,Amazon Shopping
0,0,0,0,0,0,Amazon Shopping
0,0,0,0,0,0,Amazon Shopping
0,0,0,0,0,0,Amazon Shopping
0,0,0,0,0,0,Amazon Shopping
0,0,0,0,0,0,Amazon Shopping
0,0,0,0,0,0,Amazon Shopping
0,0,0,0,0,0,Amazon Shopping
1,2,2,0,6254,5984,Amazon Shopping
7,1,1,0,6142,4551,Amazon Shopping
1,0,0,0,47,6,Amazon Shopping
1,0,0,0,61,6,Amazon Shopping
0,0,0,0,0,0,Amazon Shopping
0,0,0,0,0,0,Amazon Shopping
1,0,0,0,47,6,Amazon Shopping
0,0,0,0,0,0,Amazon Shopping
0,0,0,0,0,0,Amazon Shopping
0,0,0,0,0,0,Amazon Shopping
0,0,0,0,0,0,Amazon Shopping
1,0,0,0,87,6,Amazon Shopping
0,0,0,0,0,0,Amazon Shopping
0,0,0,0,0,0,Amazon Shopping
2,2,0,0,4241,3344,Amazon Shopping
0,1,0,0,32,32,Amazon Shopping
1,0,0,0,75,13,Amazon Shopping
1,0,0,0,87,6,Amazon Shopping
1,0,0,0,37,6,Amazon Shopping
0,1,0,0,1237,1237,Amazon Shopping
0,0,0,0,0,0,Amazon Shopping
0,0,0,0,0,0,Amazon Shopping
0,0,0,0,0,0,Amazon Shopping
1,1,0,0,975,775,Amazon Shopping
0,1,0,0,161,139,Amazon Shopping
0,0,0,0,0,0,Amazon Shopping
0,0,0,0,0,0,Amazon Shopping
0,0,0,0,0,0,Amazon Shopping
0,0,0,0,0,0,Amazon Shopping
0,0,0,0,0,0,Amazon Shopping
0,0,0,0,0,0,Amazon Shopping
0,0,0,0,0,0,Amazon Shopping
0,0,0,0,0,0,Amazon Shopping
4,3,1,0,1991,1818,Amazon Shopping
2,2,3,0,3546,3153,Amazon Shopping
0,3,0,0,555,86,Amazon Shopping
0,0,0,0,0,0,Amazon Shopping
1,0,0,0,105,6,Amazon Shopping
0,0,0,0,0,0,Amazon Shopping
0,0,0,0,0,0,Amazon Shopping
0,0,0,0,0,0,Amazon Shopping
2,0,0,0,266,12,Amazon Shopping
0,0,0,0,0,0,Amazon Shopping
3,1,3,0,2293,2149,Amazon Shopping
1,2,0,0,417,311,Amazon Shopping
2,2,1,0,1379,1310,Amazon Shopping
4,2,0,0,1651,1374,Amazon Shopping
0,1,0,0,125,86,Amazon Shopping
0,2,1,0,5946,5907,Amazon Shopping
5,2,2,0,17042,15692,Amazon Shopping
0,4,0,0,624,250,Amazon Shopping
1,0,0,0,149,6,Amazon Shopping
1,0,0,0,87,6,Amazon Shopping
0,0,0,0,0,0,Amazon Shopping
0,0,0,0,0,0,Amazon Shopping
1,0,0,0,161,6,Amazon Shopping
1,2,2,0,2469,2306,Amazon Shopping
5,2,1,0,3822,3160,Amazon Shopping
0,3,0,0,515,238,Amazon Shopping
0,3,0,0,463,98,Amazon Shopping
0,0,0,0,0,0,Amazon Shopping
1,0,0,0,87,6,Amazon Shopping
0,0,0,0,0,0,Amazon Shopping
0,0,0,0,0,0,Amazon Shopping
1,1,0,0,248,25,Amazon Shopping
1,0,0,0,47,6,Amazon Shopping
1,0,0,0,61,6,Amazon Shopping
0,2,0,0,246,94,Amazon Shopping
0,0,0,0,0,0,Amazon Shopping
2,2,0,0,795,541,Amazon Shopping
0,0,0,0,0,0,Amazon Shopping
1,0,0,0,47,6,Amazon Shopping
3,3,0,0,557,362,Amazon Shopping
0,2,0,0,322,243,Amazon Shopping
0,0,0,0,0,0,Amazon Shopping
0,0,0,0,0,0,Amazon Shopping
1,1,0,0,153,140,Amazon Shopping
1,4,0,0,1354,882,Amazon Shopping
3,2,0,0,4446,3292,Amazon Shopping
0,2,0,0,322,231,Amazon Shopping
0,0,0,0,0,0,Amazon Shopping
2,2,0,0,1233,1082,Amazon Shopping
0,1,0,0,153,8,Amazon Shopping
0,0,0,0,0,0,Amazon Shopping
0,0,0,0,0,0,Amazon Shopping
0,1,1,0,6804,6804,Amazon Shopping
2,1,0,0,947,768,Amazon Shopping
0,2,0,0,394,88,Amazon Shopping
1,0,0,0,87,6,Amazon Shopping
5,2,1,0,2695,2188,Amazon Shopping
3,4,0,0,2359,2010,Amazon Shopping
3,2,0,0,8798,8260,Amazon Shopping
3,3,3,0,19406,17972,Amazon Shopping
3,1,2,0,14068,13246,Amazon Shopping
2,1,0,0,991,759,Amazon Shopping
0,0,4,0,17349,17349,Amazon Shopping
2,1,3,0,8386,8096,Amazon Shopping
0,0,0,0,0,0,Amazon Shopping
1,0,0,0,87,6,Amazon Shopping
0,0,0,0,0,0,Amazon Shopping
0,0,0,0,0,0,Amazon Shopping
0,0,0,0,0,0,Amazon Shopping
0,0,0,0,0,0,Amazon Shopping
0,0,0,0,0,0,Amazon Shopping
1,1,4,0,8858,8815,Amazon Shopping
5,3,0,0,7662,5859,Amazon Shopping
2,3,0,0,2247,1823,Amazon Shopping
0,0,0,0,0,0,Amazon Shopping
0,0,0,0,0,0,Amazon Shopping
0,0,0,0,0,0,Amazon Shopping
0,0,0,0,0,0,Amazon Shopping
0,1,2,0,15880,15880,Amazon Shopping
0,0,0,0,0,0,doordash
0,0,0,0,0,0,doordash
1,0,0,0,18,6,doordash
1,0,0,0,18,6,doordash
0,0,0,0,0,0,doordash
1,4,1,0,1780,1215,doordash
1,3,0,0,916,479,doordash
1,3,0,0,996,200,doordash
2,1,0,0,279,224,doordash
0,0,0,0,0,0,doordash
1,0,0,0,61,6,doordash
1,0,0,0,61,6,doordash
1,0,0,0,61,6,doordash
1,1,0,0,194,180,doordash
0,0,0,0,0,0,doordash
0,0,0,0,0,0,doordash
0,0,0,0,0,0,doordash
0,0,0,0,0,0,doordash
2,4,0,0,2895,2227,doordash
1,1,0,0,847,689,doordash
0,2,0,0,506,415,doordash
0,1,0,0,294,294,doordash
1,0,0,0,214,164,doordash
1,1,0,0,154,141,doordash
1,0,0,0,61,6,doordash
1,0,0,0,61,6,doordash
0,0,0,0,0,0,doordash
0,0,0,0,0,0,doordash
0,0,0,0,0,0,doordash
1,1,0,0,394,328,doordash
1,0,0,0,61,6,doordash
1,0,0,0,61,6,doordash
0,1,0,0,153,35,doordash
1,0,0,0,61,6,doordash
0,0,0,0,0,0,doordash
0,0,0,0,0,0,doordash
0,0,0,0,0,0,doordash
2,1,0,0,360,275,doordash
1,1,0,0,370,270,doordash
2,0,0,0,374,12,doordash
2,0,0,0,254,12,doordash
1,0,0,0,125,6,doordash
0,0,0,0,0,0,doordash
0,0,0,0,0,0,doordash
0,0,0,0,0,0,doordash
0,0,0,0,0,0,doordash
0,0,0,0,0,0,doordash
3,1,0,0,416,347,doordash
0,0,0,0,0,0,doordash
1,0,0,0,177,6,doordash
0,0,0,0,0,0,doordash
0,0,0,0,0,0,doordash
0,0,0,0,0,0,doordash
0,1,0,0,177,21,doordash
0,0,0,0,0,0,doordash
0,0,0,0,0,0,doordash
0,1,0,0,125,21,doordash
8,2,0,0,1112,60,doordash
3,5,0,1,380,282,doordash
0,0,0,0,0,0,doordash
1,0,0,0,61,6,doordash
1,0,0,0,73,6,doordash
0,0,0,0,0,0,doordash
4,3,0,0,3590,2889,doordash
6,4,1,0,10831,8883,doordash
0,0,0,0,0,0,doordash
0,0,0,0,0,0,doordash
0,0,0,0,0,0,doordash
0,0,0,0,0,0,doordash
0,0,0,0,0,0,doordash
0,0,0,0,0,0,doordash
0,0,0,0,0,0,doordash
0,0,0,0,0,0,doordash
0,0,0,0,0,0,doordash
0,0,0,0,0,0,doordash
0,0,0,0,0,0,doordash
0,1,0,0,85,35,doordash
1,0,0,0,61,6,doordash
1,0,0,0,61,6,doordash
1,1,0,0,202,180,doordash
0,0,0,0,0,0,doordash
1,0,0,0,75,6,doordash
1,0,0,0,69,6,doordash
2,2,0,0,270,103,doordash
2,0,0,0,123,12,doordash
2,0,0,0,173,12,doordash
3,4,0,0,1618,1351,doordash
1,0,0,0,79,6,doordash
1,0,0,0,61,6,doordash
0,0,0,0,0,0,doordash
4,1,0,0,1707,1301,doordash
3,0,0,0,351,18,doordash
2,0,0,0,330,12,doordash
1,0,0,0,42,6,doordash
0,0,0,0,0,0,doordash
0,0,0,0,0,0,doordash
1,0,0,0,22,6,doordash
1,1,0,0,232,204,doordash
0,0,0,0,0,0,doordash
0,0,0,0,0,0,doordash
0,0,0,0,0,0,doordash
0,0,0,0,0,0,doordash
0,0,0,0,0,0,doordash
0,0,0,0,0,0,doordash
0,0,0,0,0,0,doordash
0,0,0,0,0,0,doordash
1,0,0,0,51,6,doordash
0,0,0,0,0,0,doordash
0,0,0,0,0,0,doordash
0,0,0,0,0,0,doordash
0,0,0,0,0,0,doordash
0,0,0,0,0,0,doordash
0,0,0,0,0,0,doordash
0,0,0,0,0,0,doordash
1,0,0,0,32,6,doordash
1,0,0,0,42,6,doordash
0,0,0,0,0,0,doordash
0,0,0,0,0,0,doordash
1,0,0,0,61,6,doordash
1,1,0,0,318,270,doordash
1,0,0,0,55,6,doordash
1,0,0,0,32,6,doordash
9,3,0,0,1744,96,doordash
1,0,0,0,53,21,doordash
0,0,0,0,0,0,doordash
0,0,0,0,0,0,doordash
0,0,0,0,0,0,doordash
0,0,0,0,0,0,doordash
0,0,0,0,0,0,doordash
0,0,0,0,0,0,doordash
0,0,0,0,0,0,doordash
0,0,0,0,0,0,doordash
0,0,0,0,0,0,doordash
1,0,0,0,77,6,doordash
1,0,0,0,42,6,doordash
0,0,0,0,0,0,doordash
0,0,0,0,0,0,doordash
1,0,0,1,349,38,doordash
0,0,0,0,0,0,doordash
1,0,0,0,73,6,doordash
0,3,0,0,551,141,doordash
0,0,0,0,0,0,doordash
1,0,0,0,113,6,doordash
1,1,0,0,228,214,doordash
1,1,0,0,254,214,doordash
0,0,0,0,0,0,doordash
1,1,0,0,222,204,doordash
1,1,0,0,222,214,doordash
2,2,0,0,468,428,doordash
1,0,0,0,79,6,doordash
0,0,0,0,0,0,doordash
0,0,0,0,0,0,doordash
0,0,0,0,0,0,doordash
0,0,0,0,0,0,doordash
0,0,0,0,0,0,doordash
0,0,0,0,0,0,doordash
1,1,0,0,190,23,doordash
1,0,0,0,177,6,doordash
0,0,0,0,0,0,doordash
1,0,0,0,42,6,doordash
0,0,0,0,0,0,doordash
1,0,0,0,42,6,doordash
0,0,0,0,0,0,doordash
0,0,0,0,0,0,doordash
0,0,0,0,0,0,doordash
1,1,0,0,67,12,doordash
12,4,0,0,677,140,doordash
0,0,0,0,0,0,doordash
2,1,1,0,1565,1330,doordash
1,0,0,0,61,6,doordash
1,0,0,0,42,6,doordash
0,0,0,0,0,0,doordash
2,1,0,0,302,223,doordash
0,0,0,0,0,0,doordash
0,0,0,0,0,0,doordash
0,0,0,0,0,0,doordash
0,0,0,0,0,0,doordash
0,0,0,0,0,0,doordash
0,0,0,0,0,0,doordash
0,0,0,0,0,0,doordash
0,0,0,0,0,0,doordash
0,0,0,0,0,0,doordash
0,0,0,0,0,0,doordash
1,0,0,0,42,6,doordash
0,0,0,0,0,0,doordash
0,0,0,0,0,0,doordash
1,0,0,0,42,6,doordash
0,0,0,0,0,0,doordash
0,0,0,0,0,0,doordash
0,0,0,0,0,0,doordash
1,1,0,0,174,78,doordash
0,0,0,0,0,0,doordash
3,2,0,0,593,486,doordash
0,1,0,0,161,8,doordash
1,0,0,0,61,6,doordash
0,0,0,0,0,0,doordash
0,0,0,0,0,0,doordash
0,0,0,0,0,0,doordash
0,0,0,0,0,0,doordash
0,0,0,0,0,0,doordash
0,0,0,0,0,0,doordash
0,0,0,0,0,0,doordash
0,0,0,0,0,0,doordash
0,0,0,0,0,0,doordash
0,0,0,0,0,0,doordash
0,0,0,0,0,0,doordash
2,2,0,0,712,572,doordash
1,1,0,0,180,145,doordash
0,1,0,0,141,139,doordash
0,1,0,0,177,8,doordash
1,1,0,0,238,200,doordash
0,1,0,0,177,8,doordash
1,0,0,0,61,6,doordash
0,0,0,0,0,0,doordash
1,0,0,0,61,6,doordash
0,0,0,0,0,0,doordash
2,1,0,0,206,169,doordash
1,0,0,0,125,6,doordash
1,0,0,0,22,6,doordash
0,0,0,0,0,0,doordash
0,0,0,0,0,0,doordash
2,0,0,0,152,12,doordash
0,0,0,0,0,0,doordash
0,0,0,0,0,0,doordash
0,0,0,0,0,0,doordash
0,0,0,0,0,0,doordash
0,0,0,0,0,0,doordash
0,0,0,0,0,0,doordash
0,0,0,0,0,0,doordash
0,0,0,0,0,0,doordash
0,0,0,0,0,0,doordash
0,0,0,0,0,0,doordash
1,0,0,0,13,6,doordash
0,3,0,0,264,54,doordash
1,3,1,0,773,514,doordash
0,2,0,0,254,16,doordash
1,0,0,0,41,6,doordash
1,0,0,0,41,6,doordash
0,0,0,0,0,0,doordash
0,0,0,0,0,0,doordash
2,0,0,0,266,12,doordash
3,0,0,0,391,18,doordash
1,0,0,0,141,6,doordash
0,0,0,0,0,0,doordash
1,0,0,0,13,6,doordash
0,1,0,0,153,74,doordash
1,0,0,0,61,6,doordash
1,0,0,0,55,6,doordash
1,1,0,0,100,81,doordash
1,0,0,0,61,6,doordash
2,1,0,0,278,210,doordash
1,2,0,0,281,208,doordash
1,0,0,0,28,6,doordash
1,0,0,0,61,6,doordash
0,0,0,0,0,0,doordash
0,0,0,0,0,0,doordash
0,0,0,0,0,0,doordash
0,0,0,0,0,0,doordash
0,0,0,0,0,0,doordash
0,0,0,0,0,0,doordash
0,0,0,0,0,0,doordash
2,1,0,0,351,282,doordash
1,0,0,0,41,6,doordash
0,0,0,0,0,0,doordash
0,0,0,0,0,0,doordash
0,0,0,0,0,0,doordash
0,0,0,0,0,0,doordash
2,1,0,0,308,221,doordash
1,2,0,0,239,145,doordash
2,1,0,0,269,218,doordash
1,1,0,0,190,78,doordash
1,0,0,0,61,6,doordash
1,0,0,0,61,6,doordash
0,0,0,0,0,0,doordash
0,0,0,0,0,0,doordash
0,0,0,0,0,0,doordash
0,0,0,0,0,0,doordash
0,0,0,0,0,0,doordash
0,0,0,0,0,0,doordash
0,0,0,0,0,0,doordash
0,0,0,0,0,0,doordash
0,0,0,0,0,0,doordash
0,0,0,0,0,0,doordash
0,0,0,0,0,0,doordash
3,1,0,0,780,24,doordash
2,0,0,0,518,12,doordash
1,0,0,0,55,6,doordash
0,0,0,0,0,0,doordash
0,0,0,0,0,0,doordash
0,0,0,0,0,0,doordash
0,0,0,0,0,0,doordash
0,0,0,0,0,0,doordash
0,0,0,0,0,0,doordash
0,0,0,0,0,0,doordash
0,0,0,0,0,0,doordash
0,0,0,0,0,0,doordash
0,0,0,0,0,0,doordash
0,0,0,0,0,0,doordash
0,0,0,0,0,0,doordash
0,0,0,0,0,0,doordash
0,0,0,0,0,0,doordash
3,1,0,0,554,424,doordash
1,0,0,0,55,6,doordash
0,0,0,0,0,0,doordash
0,0,0,0,0,0,doordash
0,0,0,0,0,0,doordash
0,0,0,0,0,0,doordash
2,1,0,0,393,286,doordash
5,2,2,0,7971,7224,doordash
1,2,0,0,659,487,doordash
4,3,1,0,1411,1193,doordash
5,3,2,0,2293,2093,doordash
0,0,0,0,0,0,doordash
0,0,0,0,0,0,doordash
2,1,0,0,363,277,doordash
0,0,0,0,0,0,doordash
1,0,0,0,55,6,doordash
0,0,0,0,0,0,doordash
1,0,0,0,61,6,doordash
0,0,0,0,0,0,doordash
0,0,0,0,0,0,doordash
0,0,0,0,0,0,doordash
0,0,0,0,0,0,doordash
0,0,0,0,0,0,doordash
0,0,0,0,0,0,doordash
0,0,0,0,0,0,doordash
0,0,0,0,0,0,doordash
0,0,0,0,0,0,doordash
0,0,0,0,0,0,doordash
1,0,0,0,61,6,doordash
1,0,0,0,61,6,doordash
0,0,0,0,0,0,doordash
0,0,0,0,0,0,doordash
0,0,0,0,0,0,doordash
0,0,0,0,0,0,doordash
5,3,1,0,4612,3665,doordash
2,2,1,0,2018,1622,doordash
2,2,0,0,789,743,doordash
0,2,0,0,322,92,doordash
1,0,0,0,69,6,doordash
2,2,0,0,1077,771,doordash
3,5,0,0,2498,1775,doordash
0,2,0,0,281,45,doordash
1,4,0,0,734,351,doordash
0,0,0,0,0,0,doordash
0,1,0,0,141,134,doordash
0,0,0,0,0,0,doordash
0,0,0,0,0,0,doordash
1,1,0,0,251,221,doordash
0,0,0,0,0,0,doordash
0,0,0,0,0,0,doordash
1,1,0,0,174,138,doordash
1,0,0,0,61,6,doordash
1,0,0,0,73,6,doordash
0,0,0,0,0,0,doordash
1,0,0,0,61,6,doordash
1,1,0,0,195,192,doordash
1,0,0,0,55,6,doordash
23,8,0,0,4285,276,doordash
0,0,0,0,0,0,doordash
1,0,0,0,61,6,doordash
2,2,2,0,4605,4405,doordash
4,4,1,0,3334,2897,doordash
0,0,0,0,0,0,doordash
0,0,0,0,0,0,doordash
0,0,0,0,0,0,doordash
0,0,0,0,0,0,doordash
0,0,0,0,0,0,doordash
4,1,0,0,574,223,Dualingo
2,4,0,0,986,807,Dualingo
1,0,0,0,69,6,Dualingo
0,0,0,0,0,0,Dualingo
0,0,0,0,0,0,Dualingo
0,0,0,0,0,0,Dualingo
0,0,0,0,0,0,Dualingo
0,0,0,0,0,0,Dualingo
0,0,0,0,0,0,Dualingo
0,0,0,0,0,0,Dualingo
0,0,0,0,0,0,Dualingo
1,2,0,0,295,270,Dualingo
0,1,0,0,133,22,Dualingo
0,0,0,0,0,0,Dualingo
0,2,0,0,266,141,Dualingo
0,3,0,0,399,153,Dualingo
1,0,0,0,61,6,Dualingo
0,0,0,0,0,0,Dualingo
1,0,0,0,32,6,Dualingo
0,0,0,0,0,0,Dualingo
1,1,0,0,78,27,Dualingo
0,1,0,0,53,21,Dualingo
0,1,0,0,177,21,Dualingo
0,2,0,0,190,126,Dualingo
1,2,0,0,187,163,Dualingo
2,1,1,0,660,503,Dualingo
0,1,0,0,69,8,Dualingo
0,0,0,0,0,0,Dualingo
0,0,0,0,0,0,Dualingo
0,0,0,0,0,0,Dualingo
0,0,0,0,0,0,Dualingo
0,0,0,0,0,0,Dualingo
0,0,0,0,0,0,Dualingo
0,0,0,0,0,0,Dualingo
0,1,0,0,79,31,Dualingo
0,0,0,0,0,0,Dualingo
0,1,0,0,79,21,Dualingo
0,1,0,0,79,21,Dualingo
0,0,0,0,0,0,Dualingo
0,0,0,0,0,0,Dualingo
0,0,0,0,0,0,Dualingo
0,0,0,0,0,0,Dualingo
0,0,0,0,0,0,Dualingo
0,0,0,0,0,0,Dualingo
0,0,0,0,0,0,Dualingo
1,0,0,0,55,6,Dualingo
0,0,0,0,0,0,Dualingo
0,0,0,0,0,0,Dualingo
0,0,0,0,0,0,Dualingo
0,0,0,0,0,0,Dualingo
0,0,0,0,0,0,Dualingo
0,1,0,0,79,21,Dualingo
0,1,0,0,79,21,Dualingo
0,1,0,0,79,21,Dualingo
0,0,0,0,0,0,Dualingo
0,0,0,0,0,0,Dualingo
0,0,0,0,0,0,Dualingo
0,0,0,0,0,0,Dualingo
0,0,0,0,0,0,Dualingo
0,0,0,0,0,0,Dualingo
0,0,0,0,0,0,Dualingo
0,0,0,0,0,0,Dualingo
0,0,0,0,0,0,Dualingo
2,2,1,0,522,509,Dualingo
0,0,0,0,0,0,Dualingo
1,0,0,0,15,6,Dualingo
1,0,0,0,79,6,Dualingo
0,0,0,0,0,0,Dualingo
1,1,0,0,164,14,Dualingo
0,2,0,0,282,102,Dualingo
1,0,0,0,37,6,Dualingo
1,0,0,0,75,6,Dualingo
0,0,0,0,0,0,Dualingo
0,0,0,0,0,0,Dualingo
1,0,0,0,79,6,Dualingo
0,0,0,0,0,0,Dualingo
1,1,0,0,145,45,Dualingo
0,0,0,0,0,0,Dualingo
0,0,0,0,0,0,Dualingo
0,1,0,0,79,21,Dualingo
0,1,0,0,79,21,Dualingo
0,0,0,0,0,0,Dualingo
0,1,0,0,79,21,Dualingo
0,1,0,0,79,21,Dualingo
0,1,0,0,79,21,Dualingo
0,0,0,0,0,0,Dualingo
0,0,0,0,0,0,Dualingo
0,0,0,0,0,0,Dualingo
3,2,0,0,393,265,Dualingo
7,3,1,0,4036,3638,Dualingo
0,2,0,0,158,16,Dualingo
1,2,0,0,319,210,Dualingo
2,4,0,0,907,673,Dualingo
0,0,0,0,0,0,Dualingo
1,0,0,0,79,6,Dualingo
0,0,0,0,0,0,Dualingo
0,0,0,0,0,0,Dualingo
0,0,0,0,0,0,Dualingo
1,0,0,0,55,6,Dualingo
0,0,0,0,0,0,Dualingo
0,0,0,0,0,0,Dualingo
3,2,0,0,462,392,Dualingo
3,4,1,0,992,733,Dualingo
3,3,0,0,761,663,Dualingo
0,3,0,0,399,258,Dualingo
0,2,0,0,266,172,Dualingo
0,3,0,0,399,258,Dualingo
0,1,0,0,55,21,Dualingo
0,1,0,0,75,21,Dualingo
0,1,0,0,69,21,Dualingo
2,2,0,0,424,269,Dualingo
0,0,0,0,0,0,Dualingo
1,0,0,0,61,6,Dualingo
0,0,0,0,0,0,Dualingo
0,0,0,0,0,0,Dualingo
0,0,0,0,0,0,Dualingo
0,0,0,0,0,0,Dualingo
0,0,0,0,0,0,Dualingo
0,1,0,0,41,21,Dualingo
0,0,0,0,0,0,Dualingo
1,0,0,1,31,22,Dualingo
2,3,0,0,419,272,Dualingo
1,2,0,0,291,179,Dualingo
3,3,0,0,472,279,Dualingo
0,1,0,0,79,21,Dualingo
0,1,0,0,79,21,Dualingo
0,1,0,0,79,21,Dualingo
1,0,0,0,22,6,Dualingo
0,0,0,0,0,0,Dualingo
0,0,0,0,0,0,Dualingo
0,0,0,0,0,0,Dualingo
0,0,0,0,0,0,Dualingo
1,0,0,0,61,6,Dualingo
1,0,0,0,32,6,Dualingo
0,0,0,0,0,0,Dualingo
0,0,0,0,0,0,Dualingo
0,0,0,0,0,0,Dualingo
1,2,0,0,361,179,Dualingo
0,3,0,0,399,258,Dualingo
0,2,0,0,266,147,Dualingo
0,1,0,0,133,22,Dualingo
1,4,0,0,697,420,Dualingo
2,1,0,0,876,658,Dualingo
4,2,1,0,495,479,Dualingo
0,0,0,0,0,0,Dualingo
0,0,0,0,0,0,Dualingo
0,0,0,0,0,0,Dualingo
0,0,0,0,0,0,Dualingo
0,0,0,0,0,0,Dualingo
0,0,0,0,0,0,Dualingo
0,0,0,0,0,0,Dualingo
0,0,0,0,0,0,Dualingo
0,0,0,0,0,0,Dualingo
0,0,0,0,0,0,Dualingo
0,0,0,0,0,0,Dualingo
0,0,0,0,0,0,Dualingo
0,0,0,0,0,0,Dualingo
0,0,0,0,0,0,Dualingo
3,2,0,0,457,200,Dualingo
2,3,0,0,399,255,Dualingo
1,1,0,0,148,85,Dualingo
0,1,0,0,133,21,Dualingo
0,1,0,0,133,21,Dualingo
0,0,0,0,0,0,Dualingo
0,1,0,0,79,21,Dualingo
3,3,0,0,675,572,Dualingo
0,0,0,0,0,0,Dualingo
0,0,0,0,0,0,Dualingo
0,0,0,0,0,0,Dualingo
0,0,0,0,0,0,Dualingo
0,1,0,0,32,8,Dualingo
2,2,2,0,879,824,Dualingo
1,1,0,0,877,794,Dualingo
1,0,0,0,125,6,Dualingo
0,0,0,0,0,0,Dualingo
0,0,0,0,0,0,Dualingo
0,0,0,0,0,0,Dualingo
0,0,0,0,0,0,Dualingo
0,0,0,0,0,0,Dualingo
5,2,1,0,1474,1382,Dualingo
0,0,0,0,0,0,Dualingo
1,0,0,0,13,6,Dualingo
0,0,0,0,0,0,Dualingo
0,0,0,0,0,0,Dualingo
0,0,0,0,0,0,Dualingo
0,0,0,0,0,0,Dualingo
0,0,0,0,0,0,Dualingo
0,0,0,0,0,0,Dualingo
0,0,0,0,0,0,Dualingo
0,0,0,0,0,0,Dualingo
0,0,0,0,0,0,Dualingo
5,2,2,0,861,594,Dualingo
1,2,0,0,366,328,Dualingo
3,1,0,0,426,381,Dualingo
0,0,0,0,0,0,Dualingo
1,1,0,0,249,190,Dualingo
2,2,0,0,484,444,Dualingo
3,3,0,0,474,279,Dualingo
2,2,0,0,312,186,Dualingo
2,1,1,0,363,266,Dualingo
0,3,0,0,327,258,Dualingo
3,3,0,0,943,795,Dualingo
1,0,0,0,47,6,Dualingo
0,0,0,0,0,0,Dualingo
0,0,0,0,0,0,Dualingo
0,0,0,0,0,0,Dualingo
0,0,0,0,0,0,Dualingo
0,0,0,0,0,0,Dualingo
2,3,0,0,393,316,Dualingo
1,0,0,0,64,41,Dualingo
1,0,0,0,79,6,Dualingo
3,4,0,0,1851,1359,Dualingo
1,2,0,0,823,552,Dualingo
0,1,0,0,141,21,Dualingo
0,1,0,0,133,21,Dualingo
1,0,0,0,41,6,Dualingo
0,0,0,0,0,0,Dualingo
0,0,0,0,0,0,Dualingo
0,0,0,0,0,0,Dualingo
0,0,0,0,0,0,Dualingo
0,0,0,0,0,0,Dualingo
0,0,0,0,0,0,Dualingo
0,0,0,0,0,0,Gmail
0,0,0,0,0,0,Gmail
0,0,0,0,0,0,Gmail
1,1,1,0,1027,757,Gmail
0,1,1,0,140,97,Gmail
0,0,0,0,0,0,Gmail
0,0,0,0,0,0,Gmail
0,0,0,0,0,0,Gmail
0,0,0,0,0,0,Gmail
0,0,0,0,0,0,Gmail
1,0,0,0,141,6,Gmail
0,0,0,0,0,0,Gmail
0,0,0,0,0,0,Gmail
0,1,0,0,153,19,Gmail
0,1,0,0,177,15,Gmail
0,0,0,0,0,0,Gmail
1,0,0,0,61,6,Gmail
0,0,0,0,0,0,Gmail
0,0,0,0,0,0,Gmail
0,0,0,0,0,0,Gmail
0,0,0,0,0,0,Gmail
4,2,1,0,4760,4207,Gmail
4,3,1,0,3114,2724,Gmail
0,6,1,0,760,388,Gmail
1,0,0,0,35,6,Gmail
0,0,0,0,0,0,Gmail
1,0,0,0,61,6,Gmail
0,1,0,0,77,17,Gmail
1,0,0,0,47,6,Gmail
1,0,0,0,69,6,Gmail
0,0,0,0,0,0,Gmail
0,0,0,0,0,0,Gmail
3,2,1,0,560,413,Gmail
0,1,0,0,41,8,Gmail
1,0,0,0,61,6,Gmail
0,0,0,0,0,0,Gmail
0,0,0,0,0,0,Gmail
1,3,0,0,488,331,Gmail
6,3,0,0,4074,3782,Gmail
2,1,1,0,982,870,Gmail
1,0,0,0,55,6,Gmail
0,0,0,0,0,0,Gmail
0,0,0,0,0,0,Gmail
0,0,0,0,0,0,Gmail
0,0,0,0,0,0,Gmail
0,0,0,0,0,0,Gmail
0,0,0,0,0,0,Gmail
0,0,0,0,0,0,Gmail
0,0,0,0,0,0,Gmail
0,0,0,0,0,0,Gmail
0,0,0,0,0,0,Gmail
3,2,0,0,335,272,Gmail
0,1,0,0,97,8,Gmail
1,0,0,0,69,6,Gmail
2,0,0,0,198,10,Gmail
2,1,3,0,800,763,Gmail
2,1,2,0,1850,1822,Gmail
1,0,4,0,2162,2099,Gmail
1,1,2,0,1831,1794,Gmail
0,0,4,0,2265,2248,Gmail
1,0,0,0,51,6,Gmail
0,0,0,0,0,0,Gmail
0,0,0,0,0,0,Gmail
1,4,0,0,647,293,Gmail
0,0,0,0,0,0,Gmail
0,0,0,0,0,0,Gmail
1,0,0,0,47,6,Gmail
0,0,0,0,0,0,Gmail
0,0,0,0,0,0,Gmail
0,0,0,0,0,0,Gmail
0,0,0,0,0,0,Gmail
0,0,0,0,0,0,Gmail
118,137,165,3,178,12,Gmail
1,0,0,0,69,6,Gmail
0,0,0,0,0,0,Gmail
0,0,0,0,0,0,Gmail
1,1,0,0,140,118,Gmail
1,4,0,0,494,296,Gmail
0,1,0,0,85,8,Gmail
6,3,2,0,5598,5082,Gmail
1,1,1,0,449,424,Gmail
1,1,0,0,200,141,Gmail
1,0,0,0,105,6,Gmail
0,0,0,0,0,0,Gmail
1,0,0,0,55,6,Gmail
0,0,0,0,0,0,Gmail
1,0,0,0,22,6,Gmail
0,0,0,0,0,0,Gmail
0,0,0,0,0,0,Gmail
0,0,0,0,0,0,Gmail
0,0,0,0,0,0,Gmail
0,0,0,0,0,0,Gmail
1,1,0,0,48,44,Gmail
2,3,0,0,1354,1148,Gmail
3,2,0,0,1903,1518,Gmail
0,0,0,0,0,0,Gmail
0,0,0,0,0,0,Gmail
0,0,0,0,0,0,Gmail
0,0,0,0,0,0,Gmail
0,0,0,0,0,0,Gmail
0,0,0,0,0,0,Gmail
0,0,0,0,0,0,Gmail
0,0,0,0,0,0,Gmail
0,0,0,0,0,0,Gmail
0,0,0,0,0,0,Gmail
0,0,0,0,0,0,Gmail
0,0,0,0,0,0,Gmail
0,0,0,0,0,0,Gmail
0,0,0,0,0,0,Gmail
1,1,3,0,2060,2000,Gmail
0,1,0,0,113,8,Gmail
1,3,0,0,1145,1064,Gmail
2,1,3,0,3453,3292,Gmail
0,0,0,0,0,0,Gmail
0,0,0,0,0,0,Gmail
0,0,0,0,0,0,Gmail
0,0,0,0,0,0,Gmail
0,0,0,0,0,0,Gmail
0,0,0,0,0,0,Gmail
3,1,3,0,2197,1961,Gmail
3,1,0,0,320,116,Gmail
0,2,0,0,254,192,Gmail
2,3,1,0,4392,3990,Gmail
0,0,0,0,0,0,Google Chrome
0,0,0,0,0,0,Google Chrome
0,0,0,0,0,0,Google Chrome
0,0,0,0,0,0,Google Chrome
0,0,0,0,0,0,Google Chrome
1,0,0,0,41,6,Google Chrome
0,0,0,0,0,0,Google Chrome
1,1,0,0,172,165,Google Chrome
0,1,0,0,667,667,Google Chrome
3,1,2,0,7352,6907,Google Chrome
0,2,0,0,246,97,Google Chrome
1,0,0,0,75,6,Google Chrome
2,3,1,0,12641,11642,Google Chrome
2,3,0,0,2883,2438,Google Chrome
4,4,0,0,1760,1447,Google Chrome
0,2,0,0,314,166,Google Chrome
1,1,0,0,248,217,Google Chrome
1,1,1,0,1303,1182,Google Chrome
1,2,0,0,1837,1461,Google Chrome
0,2,0,0,286,194,Google Chrome
1,2,0,0,275,104,Google Chrome
0,0,0,0,0,0,Google Chrome
1,1,0,0,119,48,Google Chrome
1,0,0,0,15,6,Google Chrome
0,1,0,0,141,8,Google Chrome
0,1,0,0,141,82,Google Chrome
1,0,0,0,87,6,Google Chrome
5,4,0,0,3828,3351,Google Chrome
0,0,0,0,0,0,Google Chrome
0,0,0,0,0,0,Google Chrome
1,1,0,0,144,50,Google Chrome
0,0,0,0,0,0,Google Chrome
1,0,0,0,225,6,Google Chrome
1,0,0,0,55,6,Google Chrome
0,0,0,0,0,0,Google Chrome
0,0,0,0,0,0,Google Chrome
0,0,0,0,0,0,Google Chrome
0,1,0,0,153,17,Google Chrome
1,3,0,1,1002,647,Google Chrome
2,1,2,0,6461,5818,Google Chrome
3,2,2,0,3614,3363,Google Chrome
1,3,1,0,764,646,Google Chrome
2,0,1,0,1520,1365,Google Chrome
1,0,0,0,47,6,Google Chrome
4,2,1,0,7084,6361,Google Chrome
3,3,1,0,1014,759,Google Chrome
1,0,0,0,105,6,Google Chrome
1,0,0,0,105,6,Google Chrome
0,0,0,0,0,0,Google Chrome
3,1,0,0,1921,1586,Google Chrome
2,2,0,0,459,383,Google Chrome
0,0,0,0,0,0,Google Chrome
0,0,0,0,0,0,Google Chrome
0,0,0,0,0,0,Google Chrome
2,1,2,0,14115,13748,Google Chrome
3,3,0,0,3510,2745,Google Chrome
2,1,3,0,8159,8129,Google Chrome
8,0,3,0,10893,9333,Google Chrome
6,1,2,0,5214,4533,Google Chrome
3,3,1,0,2494,2073,Google Chrome
0,0,0,0,0,0,Google Chrome
0,1,0,0,449,449,Google Chrome
4,1,3,0,16506,15059,Google Chrome
1,0,0,0,161,6,Google Chrome
1,0,0,0,105,6,Google Chrome
1,0,0,0,105,6,Google Chrome
4,4,0,0,2469,1870,Google Chrome
1,1,0,0,119,81,Google Chrome
0,0,0,0,0,0,Google Chrome
2,0,0,0,298,10,Google Chrome
0,0,0,0,0,0,Google Chrome
2,0,0,0,232,12,Google Chrome
0,0,0,0,0,0,Google Chrome
0,0,5,0,12673,12673,Google Chrome
4,5,0,0,1886,1313,Google Chrome
1,2,1,0,1265,1230,Google Chrome
2,2,1,0,1341,1063,Google Chrome
0,0,0,0,0,0,Google Chrome
0,0,0,0,0,0,Google Chrome
0,0,0,0,0,0,Google Chrome
0,0,0,0,0,0,Google Chrome
0,0,0,0,0,0,Google Chrome
0,0,0,0,0,0,Google Chrome
0,0,0,0,0,0,Google Chrome
3,3,1,0,1637,1359,Google Chrome
5,2,1,0,2479,2130,Google Chrome
0,0,0,0,0,0,Google Chrome
2,3,0,0,552,394,Google Chrome
3,3,0,0,1319,1150,Google Chrome
0,1,3,0,9322,9322,Google Chrome
4,2,1,0,3860,3345,Google Chrome
3,3,1,0,2900,2553,Google Chrome
1,3,3,0,3543,3427,Google Chrome
2,3,0,0,2043,1736,Google Chrome
0,0,0,0,0,0,Google Chrome
2,0,0,0,266,12,Google Chrome
1,0,0,0,141,6,Google Chrome
1,2,1,0,1332,1224,Google Chrome
1,4,2,0,2052,1643,Google Chrome
0,0,0,0,0,0,Google Chrome
5,4,0,0,3174,2820,Google Chrome
4,1,0,0,2576,2058,Google Chrome
3,3,1,0,1724,1476,Google Chrome
3,6,0,0,2640,2061,Google Chrome
0,0,0,0,0,0,Google Chrome
0,0,0,0,0,0,Google Chrome
0,0,0,0,0,0,Google Chrome
1,4,0,0,639,369,Google Chrome
0,1,0,0,125,8,Google Chrome
1,0,0,0,113,6,Google Chrome
1,0,0,0,61,6,Google Chrome
1,0,0,0,85,6,Google Chrome
0,0,0,0,0,0,Google Chrome
5,1,3,0,11740,11043,Google Chrome
0,2,0,0,450,168,Google Chrome
0,1,0,0,177,8,Google Chrome
1,1,0,0,122,98,Google Chrome
1,3,0,0,424,259,Google Chrome
2,5,1,0,1144,840,Google Chrome
0,1,0,0,161,8,Google Chrome
1,1,1,0,495,414,Google Chrome
0,2,0,0,330,90,Google Chrome
1,0,0,0,113,6,Google Chrome
1,0,0,0,87,6,Google Chrome
2,2,2,0,4471,4294,Google Chrome
2,2,3,0,2272,2138,Google Chrome
0,2,0,0,314,90,Google Chrome
1,0,0,0,105,6,Google Chrome
0,0,0,0,0,0,Google Chrome
0,0,0,0,0,0,Google Chrome
0,0,0,0,0,0,Google Chrome
0,0,0,0,0,0,Google Chrome
0,0,0,0,0,0,Google Chrome
0,0,0,0,0,0,Google Chrome
0,0,0,0,0,0,Google Chrome
0,0,0,0,0,0,Google Chrome
0,0,0,0,0,0,Google Chrome
0,0,0,0,0,0,Google Chrome
0,0,0,0,0,0,Google Chrome
0,0,0,0,0,0,Google Chrome
1,0,0,0,85,85,Google Chrome
1,0,0,0,69,6,Google Chrome
1,0,0,0,55,6,Google Chrome
0,0,0,0,0,0,Google Chrome
0,0,0,0,0,0,Google Chrome
0,0,0,0,0,0,Google Chrome
0,0,0,0,0,0,Google Chrome
2,3,0,0,535,276,Google Chrome
0,0,0,0,0,0,Google Chrome
0,0,0,0,0,0,Google Chrome
0,0,0,0,0,0,Google Chrome
0,0,0,0,0,0,Google Chrome
2,1,0,0,295,187,Google Chrome
1,0,0,0,113,6,Google Chrome
1,1,3,0,4296,4289,Google Chrome
1,2,2,0,1573,1393,Google Chrome
0,0,0,0,0,0,Google Chrome
1,2,0,0,257,174,Google Chrome
0,0,0,0,0,0,Google Chrome
1,0,0,0,47,6,Google Chrome
1,3,0,0,456,264,Google Chrome
0,0,0,0,0,0,Google Chrome
1,0,0,0,47,6,Google Chrome
0,0,0,0,0,0,Google Chrome
2,1,0,0,1688,1435,Google Chrome
2,2,0,0,4127,3430,Google Chrome
1,0,4,0,6903,6903,Google Chrome
1,0,0,0,125,6,Google Chrome
1,0,0,0,133,6,Google Chrome
0,0,0,0,0,0,Google Chrome
0,0,0,0,0,0,Google Chrome
2,1,0,0,1674,1311,Google Chrome
3,3,1,0,2898,2557,Google Chrome
5,4,0,0,2945,2328,Google Chrome
0,1,0,0,113,8,Google Chrome
0,0,0,0,0,0,Google Chrome
1,2,0,0,259,105,Google Chrome
2,0,0,0,212,10,Google Chrome
1,0,0,0,61,6,Google Chrome
0,0,0,0,0,0,Google Chrome
0,0,0,0,0,0,Google Chrome
0,0,0,0,0,0,Google Chrome
0,0,0,0,0,0,Google Chrome
0,2,0,0,322,90,Google Chrome
1,2,0,0,486,397,Google Chrome
2,2,0,0,616,432,Google Chrome
1,1,0,0,119,45,Google Chrome
1,0,0,0,79,6,Google Chrome
0,0,0,0,0,0,Google Chrome
1,0,0,0,133,6,Google Chrome
0,0,0,0,0,0,Google Chrome
1,3,0,0,587,291,Google Chrome
0,0,0,0,0,0,Google Chrome
1,0,0,0,87,6,Google Chrome
1,0,0,0,113,6,Google Chrome
1,0,0,0,69,6,Google Chrome
0,2,0,0,250,168,Google Chrome
0,0,0,0,0,0,Google Chrome
4,4,0,0,2348,2034,Google Chrome
4,4,0,0,2941,2411,Google Chrome
0,2,0,0,218,88,Google Chrome
1,0,0,0,87,6,Google Chrome
0,0,0,0,0,0,Google Chrome
3,1,1,0,1383,1195,Google Chrome
0,0,0,0,0,0,Google Chrome
0,3,0,0,455,285,Google Chrome
4,2,0,0,1643,1251,Google Chrome
0,1,0,0,141,8,Google Chrome
1,0,0,0,79,6,Google Chrome
0,0,0,0,0,0,Google Chrome
0,0,0,0,0,0,Google Chrome
1,1,0,0,240,12,Google Chrome
0,2,0,0,322,168,Google Chrome
0,0,0,0,0,0,Google Chrome
0,0,0,0,0,0,Google Chrome
0,0,0,0,0,0,Google Chrome
2,4,0,0,1948,1719,Google Chrome
0,0,0,0,0,0,Google Chrome
0,0,0,0,0,0,Google Chrome
0,0,0,0,0,0,Google Chrome
0,0,0,0,0,0,Google Chrome
2,2,0,0,245,182,Google Chrome
0,1,0,0,67,8,Google Chrome
0,1,0,0,18,18,Google Chrome
1,0,1,1,495,462,Google Chrome
2,3,0,0,1803,1417,Google Chrome
0,0,0,0,0,0,Google Chrome
0,0,0,0,0,0,Google Chrome
0,0,0,0,0,0,Google Chrome
0,0,0,0,0,0,Google Chrome
0,0,0,0,0,0,Google Chrome
0,0,0,0,0,0,Google Chrome
0,0,0,0,0,0,Google Chrome
0,1,0,0,113,92,Google Chrome
1,0,0,0,69,6,Google Chrome
0,0,0,0,0,0,Google Chrome
0,0,0,0,0,0,Google Chrome
1,1,0,0,202,92,Google Chrome
1,0,0,0,113,6,Google Chrome
0,0,0,0,0,0,Google Chrome
0,0,0,0,0,0,Google Maps
1,0,0,0,41,6,Google Maps
0,0,0,0,0,0,Google Maps
0,0,0,0,0,0,Google Maps
2,1,0,0,254,209,Google Maps
1,3,0,0,420,230,Google Maps
1,1,0,0,98,98,Google Maps
0,0,0,0,0,0,Google Maps
0,0,0,0,0,0,Google Maps
0,0,0,0,0,0,Google Maps
0,0,0,0,0,0,Google Maps
0,0,0,0,0,0,Google Maps
0,0,0,0,0,0,Google Maps
0,0,0,0,0,0,Google Maps
0,0,0,0,0,0,Google Maps
0,0,0,0,0,0,Google Maps
1,1,0,0,351,176,Google Maps
1,3,1,0,745,641,Google Maps
1,1,0,0,114,98,Google Maps
0,0,0,0,0,0,Google Maps
0,0,0,0,0,0,Google Maps
0,0,0,0,0,0,Google Maps
1,0,0,1,64,38,Google Maps
1,0,0,0,42,6,Google Maps
1,3,0,0,566,282,Google Maps
1,0,0,0,61,6,Google Maps
0,0,0,0,0,0,Google Maps
2,2,2,0,1623,1517,Google Maps
3,3,2,0,5685,5349,Google Maps
1,0,0,0,61,6,Google Maps
1,0,0,0,47,6,Google Maps
1,0,0,0,125,6,Google Maps
0,0,0,0,0,0,Google Maps
0,0,0,0,0,0,Google Maps
0,0,0,0,0,0,Google Maps
0,0,0,0,0,0,Google Maps
1,0,0,0,49,6,Google Maps
0,0,0,0,0,0,Google Maps
0,0,0,0,0,0,Google Maps
0,0,0,0,0,0,Google Maps
1,0,0,0,32,6,Google Maps
1,0,0,0,32,6,Google Maps
1,0,0,0,109,6,Google Maps
0,0,0,0,0,0,Google Maps
1,0,0,0,26,6,Google Maps
1,0,0,0,47,6,Google Maps
0,0,0,0,0,0,Google Maps
0,0,0,0,0,0,Google Maps
0,0,0,0,0,0,Google Maps
1,0,0,0,35,6,Google Maps
1,0,0,0,47,6,Google Maps
1,1,0,0,132,102,Google Maps
1,0,0,0,61,6,Google Maps
0,0,0,0,0,0,Google Maps
1,0,0,0,61,6,Google Maps
2,2,0,0,452,284,Google Maps
0,0,0,0,0,0,Google Maps
1,0,0,0,47,6,Google Maps
1,0,0,0,51,6,Google Maps
1,3,0,0,334,197,Google Maps
0,0,0,0,0,0,Google Maps
1,0,0,0,55,6,Google Maps
0,0,0,0,0,0,Google Maps
0,0,0,0,0,0,Google Maps
0,0,0,0,0,0,Google Maps
0,0,0,0,0,0,Google Maps
0,0,0,0,0,0,Google Maps
0,0,0,0,0,0,Google Maps
0,0,0,0,0,0,Google Maps
0,0,0,0,0,0,Google Maps
0,0,0,0,0,0,Google Maps
0,0,0,0,0,0,Google Maps
2,2,2,0,691,655,Google Maps
1,0,0,0,59,6,Google Maps
1,0,0,0,42,6,Google Maps
1,0,0,0,42,6,Google Maps
0,0,0,0,0,0,Google Maps
0,0,0,0,0,0,Google Maps
0,0,0,0,0,0,Google Maps
0,1,0,0,125,35,Google Maps
1,0,0,0,42,6,Google Maps
1,0,0,0,42,6,Google Maps
0,0,0,0,0,0,Google Maps
0,0,0,0,0,0,Google Maps
0,0,0,0,0,0,Google Maps
0,0,0,0,0,0,Google Maps
0,0,0,0,0,0,Google Maps
0,0,0,0,0,0,Google Maps
0,0,0,0,0,0,Google Maps
0,0,0,0,0,0,Google Maps
1,0,0,0,125,6,Google Maps
0,0,0,0,0,0,Google Maps
0,0,0,0,0,0,Google Maps
0,0,0,0,0,0,Google Maps
0,0,0,0,0,0,Google Maps
1,0,0,0,47,6,Google Maps
0,0,0,0,0,0,Google Maps
1,0,0,0,41,6,Google Maps
0,0,0,0,0,0,Google Maps
0,0,0,0,0,0,Google Maps
0,0,0,0,0,0,Google Maps
0,0,0,0,0,0,Google Maps
2,1,0,0,359,267,Google Maps
0,2,0,0,266,99,Google Maps
0,0,0,0,0,0,Google Maps
1,2,0,0,321,171,Google Maps
1,2,0,0,271,172,Google Maps
1,2,0,0,327,195,Google Maps
0,0,0,0,0,0,Google Maps
3,3,0,0,636,570,Google Maps
1,3,0,0,732,572,Google Maps
0,3,1,0,1988,1856,Google Maps
0,1,0,0,141,91,Google Maps
0,0,0,0,0,0,Google Maps
1,0,0,0,51,6,Google Maps
0,2,0,0,202,99,Google Maps
0,0,0,0,0,0,Google Maps
0,1,0,0,125,8,Google Maps
1,1,0,0,376,318,Google Maps
0,0,0,0,0,0,Google Maps
0,0,0,0,0,0,Google Maps
0,0,0,0,0,0,Google Maps
0,0,0,0,0,0,Google Maps
11,6,0,0,2088,612,Google Maps
0,0,0,0,0,0,Google Maps
0,0,0,0,0,0,Google Maps
0,0,0,0,0,0,Google Maps
4,2,0,0,858,37,Google Maps
2,2,0,0,791,585,Google Maps
1,1,1,0,617,544,Google Maps
0,0,0,0,0,0,Google Maps
0,0,0,0,0,0,Google Maps
0,0,0,0,0,0,Google Maps
0,0,0,0,0,0,Google Maps
0,0,0,0,0,0,Google Maps
0,0,0,0,0,0,Google Maps
0,0,0,0,0,0,Google Maps
0,0,0,0,0,0,Google Maps
0,0,0,0,0,0,Google Maps
0,0,0,0,0,0,Google Maps
0,0,0,0,0,0,Google Maps
0,0,0,0,0,0,Google Maps
1,0,0,0,47,6,Google Maps
0,0,0,0,0,0,Google Maps
0,0,0,0,0,0,Google Maps
0,0,0,0,0,0,Google Maps
0,0,0,0,0,0,Google Maps
0,0,0,0,0,0,Google Maps
0,0,0,0,0,0,Google Maps
0,0,0,0,0,0,Google Maps
2,2,0,0,1326,1013,Google Maps
2,3,0,0,477,407,Google Maps
0,0,0,0,0,0,Google Maps
2,2,1,0,401,296,Google Maps
2,2,0,0,247,204,Google Maps
1,1,0,0,132,98,Google Maps
0,0,0,0,0,0,Google Maps
0,0,0,0,0,0,Google Maps
0,0,0,0,0,0,Google Maps
0,0,0,0,0,0,Google Maps
0,0,0,0,0,0,Google Maps
0,0,0,0,0,0,Google Maps
0,0,0,0,0,0,Google Maps
8,1,0,0,155,42,Google Maps
3,2,1,0,2861,2670,Google Play
3,4,0,0,1047,731,Google Play
0,1,0,0,141,8,Google Play
1,1,3,0,3429,3429,Google Play
1,2,3,0,897,861,Google Play
3,1,3,0,3755,3687,Google Play
2,3,1,0,4520,4116,Google Play
4,3,1,0,5178,4866,Google Play
0,0,4,0,4601,4601,Google Play
1,0,0,0,42,6,Google Play
0,0,0,0,0,0,Google Play
0,2,0,0,266,190,Google Play
1,0,0,0,75,6,Google Play
0,0,0,0,0,0,Google Play
2,2,0,0,526,453,Google Play
0,1,0,0,113,8,Google Play
3,2,1,0,3769,3590,Google Play
0,1,0,0,85,8,Google Play
3,5,0,0,1462,1040,Google Play
2,1,3,0,2236,2234,Google Play
0,0,0,0,0,0,Google Play
0,0,0,0,0,0,Google Play
0,0,0,0,0,0,Google Play
0,0,0,0,0,0,Google Play
0,0,0,0,0,0,Google Play
0,0,0,0,0,0,Google Play
0,0,0,0,0,0,Google Play
0,0,0,0,0,0,Google Play
1,3,0,0,617,358,Google Play
1,4,0,0,931,677,Google Play
3,3,0,0,969,852,Google Play
0,0,0,0,0,0,Linked In
0,0,0,0,0,0,Linked In
0,0,0,0,0,0,Linked In
0,0,0,0,0,0,Linked In
0,0,0,0,0,0,Linked In
0,0,0,0,0,0,Linked In
0,0,0,0,0,0,Linked In
0,0,0,0,0,0,Linked In
0,0,0,0,0,0,Linked In
0,0,0,0,0,0,Linked In
0,0,0,0,0,0,Linked In
0,0,0,0,0,0,Linked In
0,0,0,0,0,0,Linked In
0,0,0,0,0,0,Linked In
0,0,0,0,0,0,Linked In
0,0,0,0,0,0,Linked In
1,0,0,0,61,6,Linked In
0,0,0,0,0,0,Linked In
0,0,0,0,0,0,Linked In
1,2,0,0,443,294,Linked In
4,2,0,0,5346,4348,Linked In
3,2,0,0,1138,860,Linked In
3,1,1,0,2006,1821,Linked In
1,0,0,0,125,6,Linked In
0,0,0,0,0,0,Linked In
0,2,0,0,260,90,Linked In
0,0,0,0,0,0,Linked In
2,3,1,0,1603,1549,Linked In
2,1,2,0,3570,3303,Linked In
0,2,0,0,314,168,Linked In
0,0,0,0,0,0,Linked In
1,0,0,0,51,6,Linked In
0,0,0,0,0,0,Linked In
0,0,0,0,0,0,Linked In
0,0,0,0,0,0,Linked In
0,0,0,0,0,0,Linked In
0,0,0,0,0,0,Linked In
0,4,0,0,604,380,Linked In
5,3,0,0,2165,1696,Linked In
2,2,1,0,619,572,Linked In
0,0,0,0,0,0,Linked In
0,1,0,0,177,177,Linked In
2,1,0,0,1146,836,Linked In
0,1,0,0,177,139,Linked In
1,3,0,0,1245,782,Linked In
2,5,1,0,2790,2375,Linked In
0,0,0,0,0,0,Linked In
0,0,0,0,0,0,Linked In
0,0,0,0,0,0,Linked In
0,0,0,0,0,0,Linked In
0,0,0,0,0,0,Linked In
0,0,0,0,0,0,Linked In
0,0,0,0,0,0,Linked In
0,0,0,0,0,0,Linked In
0,0,0,0,0,0,Linked In
0,0,0,0,0,0,Linked In
2,2,0,0,2011,1608,Linked In
2,3,0,0,467,294,Linked In
1,0,0,0,141,6,Linked In
0,0,0,0,0,0,Linked In
1,0,0,0,125,6,Linked In
1,0,0,0,61,6,Linked In
1,0,0,0,55,6,Linked In
0,0,0,0,0,0,Linked In
0,0,0,0,0,0,Linked In
0,1,0,0,1713,1713,Linked In
0,0,0,0,0,0,Linked In
1,0,0,0,22,6,Linked In
0,0,0,0,0,0,Linked In
0,1,0,0,141,38,Linked In
1,0,0,0,79,6,Linked In
0,1,0,0,77,8,Linked In
1,0,0,0,42,6,Linked In
0,0,0,0,0,0,Linked In
0,0,0,0,0,0,Linked In
0,0,0,0,0,0,Linked In
0,0,0,0,0,0,Linked In
0,0,0,0,0,0,Linked In
0,0,0,0,0,0,Linked In
0,0,0,0,0,0,Linked In
0,0,0,0,0,0,Linked In
0,0,0,0,0,0,Linked In
0,0,0,0,0,0,Linked In
0,0,0,0,0,0,Linked In
0,0,0,0,0,0,Linked In
0,0,0,0,0,0,Linked In
0,0,0,0,0,0,Linked In
2,1,0,0,1274,1054,Linked In
0,1,0,0,67,8,Linked In
1,0,0,0,41,6,Linked In
1,4,1,0,2373,2017,Linked In
4,4,0,0,2270,1842,Linked In
4,2,0,0,3601,2764,Linked In
0,2,0,0,462,206,Linked In
0,1,0,0,269,8,Linked In
1,0,0,0,61,6,Linked In
0,0,0,0,0,0,Linked In
1,0,0,0,61,6,Linked In
1,0,0,0,51,6,Linked In
2,2,0,0,2087,1579,Linked In
0,0,0,0,0,0,Linked In
0,0,0,0,0,0,Linked In
0,0,0,0,0,0,Linked In
0,0,0,0,0,0,Linked In
0,0,0,0,0,0,Linked In
0,0,0,0,0,0,Linked In
1,0,0,0,32,6,Linked In
0,0,0,0,0,0,Linked In
0,0,0,0,0,0,Linked In
0,0,0,0,0,0,Linked In
0,0,0,0,0,0,Linked In
0,0,0,0,0,0,Linked In
1,0,0,0,69,6,Linked In
0,0,0,0,0,0,Linked In
0,0,0,0,0,0,Linked In
1,1,0,0,266,230,Linked In
2,1,2,0,3185,3027,Linked In
0,1,0,0,141,82,Linked In
1,4,0,0,917,548,Linked In
2,2,0,0,2374,1933,Linked In
0,0,0,0,0,0,Linked In
1,0,0,0,41,6,Linked In
0,0,0,0,0,0,Linked In
2,4,1,0,2289,1991,Linked In
2,3,1,0,2303,2140,Linked In
0,5,0,0,1309,459,Linked In
0,0,0,0,0,0,Linked In
0,0,0,0,0,0,Linked In
1,2,0,0,671,451,Linked In
1,1,0,0,230,145,Linked In
0,1,0,0,125,8,Linked In
1,3,0,0,527,425,Linked In
5,4,1,0,14724,13454,Linked In
1,3,0,0,946,708,Linked In
0,1,0,0,125,8,Linked In
1,2,0,0,552,419,Linked In
1,1,0,0,198,145,Linked In
1,0,0,0,61,6,Linked In
1,0,0,0,55,6,Linked In
0,0,0,0,0,0,Linked In
0,0,0,0,0,0,Linked In
0,0,0,0,0,0,Linked In
1,1,0,0,354,80,Linked In
0,0,0,0,0,0,Linked In
0,0,0,0,0,0,Linked In
0,0,0,0,0,0,Linked In
3,4,0,0,3738,3182,Linked In
1,0,0,0,79,6,Linked In
1,0,0,0,41,6,Linked In
0,0,0,0,0,0,Linked In
2,2,0,0,703,552,Linked In
0,0,0,0,0,0,Linked In
0,2,0,0,262,82,Linked In
0,0,0,0,0,0,Linked In
1,1,0,0,140,80,Linked In
3,2,1,0,1103,828,Linked In
2,1,0,0,724,562,Linked In
2,3,0,0,842,667,Linked In
0,0,0,0,0,0,Linked In
0,0,0,0,0,0,Linked In
0,0,0,0,0,0,Linked In
0,0,0,0,0,0,Linked In
0,0,0,0,0,0,Linked In
0,0,0,0,0,0,Linked In
0,0,0,0,0,0,Linked In
0,0,0,0,0,0,Linked In
0,0,0,0,0,0,Linked In
0,0,0,0,0,0,Linked In
0,0,0,0,0,0,Linked In
0,0,0,0,0,0,Linked In
1,5,0,0,2812,2625,Linked In
2,1,1,0,718,635,Linked In
0,1,0,0,85,8,Linked In
0,0,0,0,0,0,Linked In
0,0,0,0,0,0,Linked In
0,0,0,0,0,0,Linked In
0,0,0,0,0,0,Linked In
0,0,0,0,0,0,Linked In
0,0,0,0,0,0,Linked In
0,0,0,0,0,0,Linked In
0,0,0,0,0,0,Linked In
0,0,0,0,0,0,Linked In
1,2,0,0,361,208,Linked In
0,1,0,0,141,74,Linked In
1,2,2,0,6185,6154,Linked In
2,0,0,0,73,12,Linked In
1,0,0,0,141,6,Linked In
1,0,0,0,161,6,Linked In
1,0,0,0,69,6,Linked In
0,1,0,0,141,139,Linked In
0,0,0,0,0,0,Linked In
1,0,0,0,42,6,Linked In
1,0,0,0,141,6,Linked In
0,0,0,0,0,0,Linked In
0,1,0,0,141,38,Linked In
0,0,0,0,0,0,Linked In
0,0,0,0,0,0,Linked In
0,0,0,0,0,0,Linked In
0,0,0,0,0,0,Linked In
1,1,0,0,64,47,Linked In
1,0,0,0,37,6,Linked In
2,2,0,0,1743,1289,Linked In
0,1,0,0,177,74,Linked In
1,0,0,0,61,6,Linked In
1,3,1,0,1938,1641,Linked In
1,0,4,0,1228,1214,Linked In
3,2,0,1,938,837,Linked In
2,1,3,0,9625,9043,Macys
6,1,0,0,761,34,Macys
0,0,0,0,0,0,Macys
0,0,0,0,0,0,Macys
0,0,0,0,0,0,Macys
3,2,1,0,2957,2573,Macys
0,0,0,0,0,0,Macys
1,3,0,0,1092,752,Macys
3,1,2,0,17874,14941,Macys
0,0,0,0,0,0,Macys
0,0,0,0,0,0,Macys
0,0,0,0,0,0,Macys
0,0,0,0,0,0,Macys
0,0,0,0,0,0,Macys
0,0,0,0,0,0,Macys
0,0,0,0,0,0,Macys
1,1,0,0,332,96,Macys
1,0,0,0,61,6,Macys
0,0,0,0,0,0,Macys
2,1,0,0,899,742,Macys
0,0,0,0,0,0,Macys
0,0,0,0,0,0,Macys
3,0,0,0,373,16,Macys
0,0,0,0,0,0,Macys
1,0,0,0,357,6,Macys
3,0,0,0,951,18,Macys
2,0,0,0,634,12,Macys
2,0,0,0,634,12,Macys
1,1,0,0,634,197,Macys
0,0,0,0,0,0,Macys
0,0,0,0,0,0,Macys
0,0,0,0,0,0,Macys
0,0,0,0,0,0,Macys
0,0,0,0,0,0,Macys
0,0,0,0,0,0,Macys
1,0,0,0,133,6,Macys
0,0,0,0,0,0,Macys
0,0,0,0,0,0,Macys
0,0,0,0,0,0,Macys
1,0,0,0,32,6,Macys
0,0,0,0,0,0,Macys
0,0,0,0,0,0,Macys
0,0,0,0,0,0,Macys
0,0,0,0,0,0,Macys
0,0,0,0,0,0,Macys
1,2,0,0,647,94,Macys
0,0,0,0,0,0,Macys
1,0,0,0,51,6,Macys
0,0,0,0,0,0,Macys
0,2,0,0,666,21,Macys
0,1,0,0,161,15,Macys
0,0,0,0,0,0,Macys
0,0,0,0,0,0,Macys
1,0,0,0,317,6,Macys
0,0,0,0,0,0,Macys
0,0,0,0,0,0,Macys
0,0,0,0,0,0,Macys
0,0,0,0,0,0,Macys
0,1,1,0,375,127,Macys
1,0,0,0,113,6,Macys
0,0,0,0,0,0,Macys
0,0,0,0,0,0,Macys
0,0,0,0,0,0,Macys
0,0,0,0,0,0,Macys
0,0,0,0,0,0,Macys
0,0,0,0,0,0,Macys
0,0,0,0,0,0,Macys
0,0,0,0,0,0,Macys
0,0,0,0,0,0,Macys
2,1,0,0,1086,1012,Macys
1,1,0,0,1147,909,Macys
0,2,0,0,338,88,Macys
0,0,0,0,0,0,Macys
1,0,0,0,133,6,Macys
1,0,0,0,79,6,Macys
2,3,0,0,1324,941,Macys
3,5,0,0,1267,1208,Macys
1,0,0,0,61,6,Macys
0,0,0,0,0,0,Macys
0,3,0,0,751,446,Macys
0,0,0,0,0,0,Macys
1,0,0,0,61,6,Macys
1,0,0,0,55,6,Macys
0,0,0,0,0,0,Macys
0,0,0,0,0,0,Macys
0,0,0,0,0,0,Macys
0,0,0,0,0,0,Macys
0,0,0,0,0,0,Macys
0,0,0,0,0,0,Macys
0,0,0,0,0,0,Macys
1,0,0,0,32,6,Macys
0,0,0,0,0,0,Macys
1,1,0,0,95,45,Macys
1,0,0,0,161,6,Macys
0,0,0,0,0,0,Macys
3,3,0,0,7341,6374,Macys
4,3,1,0,7089,6049,Macys
1,1,0,0,216,92,Macys
0,2,0,0,338,214,Macys
0,4,0,0,692,274,Macys
0,0,0,0,0,0,Macys
0,0,0,0,0,0,Macys
0,0,0,0,0,0,Macys
0,0,0,0,0,0,Macys
0,0,0,0,0,0,Macys
0,0,0,0,0,0,Macys
0,0,0,0,0,0,Macys
0,0,0,0,0,0,Macys
0,0,0,0,0,0,Macys
1,0,0,0,51,6,Macys
0,0,0,0,0,0,Macys
0,0,0,0,0,0,Macys
0,0,0,0,0,0,Macys
0,0,0,0,0,0,Macys
0,0,0,0,0,0,Macys
0,0,0,0,0,0,Macys
0,0,0,0,0,0,Macys
0,0,0,0,0,0,Macys
1,0,0,0,61,6,Macys
1,0,0,0,61,6,Macys
0,0,0,0,0,0,Macys
17,5,0,0,2200,417,Macys
20,3,0,0,3045,193,Macys
0,0,0,0,0,0,Macys
0,0,0,0,0,0,Macys
0,0,0,0,0,0,Macys
0,0,0,0,0,0,Macys
0,0,0,0,0,0,Macys
1,0,0,0,69,6,Macys
1,0,0,0,69,6,Macys
1,0,0,0,97,6,Macys
0,0,0,0,0,0,Macys
0,0,0,0,0,0,Macys
0,0,0,0,0,0,Macys
0,0,0,0,0,0,Macys
1,2,0,0,1454,999,Macys
0,0,0,0,0,0,Macys
0,0,0,0,0,0,Macys
0,0,0,0,0,0,Macys
0,0,0,0,0,0,Macys
0,0,0,0,0,0,Macys
1,2,0,0,459,96,Macys
0,0,0,0,0,0,Macys
1,0,0,0,61,6,Macys
1,0,0,0,61,6,Macys
1,0,0,0,141,6,Macys
0,0,0,0,0,0,Macys
0,0,0,0,0,0,Macys
0,0,0,0,0,0,Macys
0,0,0,0,0,0,Macys
0,0,0,0,0,0,Macys
0,0,0,0,0,0,Macys
0,0,0,0,0,0,Macys
0,0,0,0,0,0,Macys
0,0,0,0,0,0,Macys
0,0,0,0,0,0,Macys
0,0,0,0,0,0,Macys
0,0,0,0,0,0,Macys
1,0,0,0,13,6,Macys
4,1,0,0,529,188,Macys
1,0,0,0,37,6,Macys
1,0,0,0,55,6,Macys
0,0,0,0,0,0,Macys
0,0,0,0,0,0,Macys
0,0,0,0,0,0,Macys
1,1,0,0,28,12,Macys
3,1,0,0,526,287,Macys
2,1,0,0,903,220,Macys
0,0,0,0,0,0,Macys
1,0,0,0,55,6,Macys
0,0,0,0,0,0,Macys
0,0,0,0,0,0,Macys
0,0,0,0,0,0,Macys
0,0,0,0,0,0,Macys
0,0,0,0,0,0,Macys
0,0,0,0,0,0,Macys
2,0,0,0,254,12,Macys
0,0,0,0,0,0,Macys
0,0,0,0,0,0,Macys
0,0,0,0,0,0,Macys
0,0,0,0,0,0,Macys
0,0,0,0,0,0,Macys
0,0,0,0,0,0,Macys
0,0,0,0,0,0,Macys
0,0,0,0,0,0,Macys
1,0,0,0,42,6,Macys
1,0,0,0,42,6,Macys
0,0,0,0,0,0,Macys
0,0,0,0,0,0,Macys
0,0,0,0,0,0,Macys
0,0,0,0,0,0,Macys
0,0,0,0,0,0,Macys
0,0,0,0,0,0,Macys
0,0,0,0,0,0,Macys
0,0,0,0,0,0,Macys
1,2,0,0,362,32,Macys
2,3,0,0,2375,1962,Macys
1,3,0,0,888,633,Macys
1,0,0,0,61,6,Macys
1,0,0,0,61,6,Macys
0,0,0,0,0,0,Macys
1,1,0,0,330,270,Macys
1,0,0,0,61,6,Macys
0,0,0,0,0,0,Macys
0,0,0,0,0,0,Macys
0,0,0,0,0,0,Macys
0,0,0,0,0,0,Macys
0,0,0,0,0,0,Macys
0,0,0,0,0,0,Macys
0,0,0,0,0,0,Macys
0,0,0,0,0,0,Macys
0,0,0,0,0,0,Macys
0,0,0,0,0,0,Macys
1,0,0,0,18,6,Macys
0,0,0,0,0,0,Macys
3,2,0,0,1717,1426,Macys
1,2,0,0,880,629,Macys
1,0,0,0,149,6,Macys
0,0,0,0,0,0,Macys
0,1,0,0,177,86,Macys
1,0,0,0,309,6,Macys
0,0,0,0,0,0,Macys
0,0,0,0,0,0,Macys
0,0,0,0,0,0,Macys
1,0,0,0,61,6,Macys
0,0,0,0,0,0,Macys
0,0,0,0,0,0,Macys
0,0,0,0,0,0,Macys
0,0,0,0,0,0,Macys
0,0,0,0,0,0,Macys
0,0,0,0,0,0,Macys
1,0,0,0,61,6,Macys
2,1,0,0,835,220,Macys
1,1,0,0,503,459,Macys
0,0,0,0,0,0,Macys
1,0,0,0,105,6,Macys
1,3,0,0,696,365,Macys
0,0,0,0,0,0,Macys
2,0,0,0,310,12,Macys
2,4,0,0,464,294,Macys
0,1,0,0,85,8,Macys
1,0,0,0,55,6,Macys
0,0,0,0,0,0,Macys
0,0,0,0,0,0,Macys
0,0,0,0,0,0,Macys
0,0,0,0,0,0,Macys
0,0,0,0,0,0,Macys
0,0,0,0,0,0,Macys
0,0,0,0,0,0,Macys
1,1,0,0,167,49,Macys
0,2,0,0,322,194,Macys
0,1,0,0,177,8,Macys
1,0,0,0,51,6,Macys
0,0,0,0,0,0,Macys
0,0,0,0,0,0,Macys
2,2,1,0,3086,2796,Macys
0,2,0,0,250,88,Macys
1,0,0,0,37,6,Macys
1,0,0,0,113,6,Macys
0,0,0,0,0,0,Macys
0,0,0,0,0,0,Macys
0,0,0,0,0,0,Macys
0,0,0,0,0,0,Macys
0,0,0,0,0,0,Macys
0,0,0,0,0,0,Macys
0,0,0,0,0,0,Macys
0,0,0,0,0,0,Macys
0,0,0,0,0,0,Macys
0,0,0,0,0,0,Macys
0,0,0,0,0,0,Macys
0,0,0,0,0,0,Macys
0,0,0,0,0,0,Macys
0,0,0,0,0,0,Macys
1,2,0,0,391,197,Macys
0,2,0,0,306,16,Macys
1,0,0,0,61,6,Macys
1,0,0,0,149,6,Macys
0,0,0,0,0,0,Macys
0,0,0,0,0,0,Macys
0,0,0,0,0,0,Macys
24,214,88,34,31,12,New York Post
0,0,0,0,0,0,New York Post
0,0,0,0,0,0,New York Post
0,0,0,0,0,0,New York Post
0,0,0,0,0,0,New York Post
0,0,0,0,0,0,New York Post
0,0,0,0,0,0,New York Post
0,0,0,0,0,0,New York Post
0,0,0,0,0,0,New York Post
0,0,0,0,0,0,New York Post
0,0,0,0,0,0,New York Post
0,0,0,0,0,0,New York Post
0,0,0,0,0,0,New York Post
0,0,0,0,0,0,New York Post
0,0,0,0,0,0,New York Post
0,0,0,0,0,0,New York Post
0,0,0,0,0,0,New York Post
1,2,1,0,590,449,New York Post
0,0,0,0,0,0,New York Post
1,1,0,0,222,140,New York Post
1,0,0,0,55,6,New York Post
0,0,0,0,0,0,New York Post
1,0,0,0,69,6,New York Post
0,0,0,0,0,0,New York Post
0,0,0,0,0,0,New York Post
0,0,0,0,0,0,New York Post
0,0,0,0,0,0,New York Post
0,1,0,0,59,8,New York Post
0,1,0,0,141,82,New York Post
1,0,0,0,55,6,New York Post
1,0,0,0,51,6,New York Post
0,0,0,0,0,0,New York Post
0,0,0,0,0,0,New York Post
0,0,0,0,0,0,New York Post
0,0,0,0,0,0,New York Post
2,1,0,0,128,107,New York Post
2,0,0,0,212,54,New York Post
1,0,0,0,41,6,New York Post
1,0,0,0,41,6,New York Post
0,0,0,0,0,0,New York Post
0,0,0,0,0,0,New York Post
0,0,0,0,0,0,New York Post
0,0,0,0,0,0,New York Post
0,0,0,0,0,0,New York Post
0,0,0,0,0,0,New York Post
0,0,0,0,0,0,New York Post
0,0,0,0,0,0,New York Post
0,0,0,0,0,0,New York Post
0,0,0,0,0,0,New York Post
0,0,0,0,0,0,New York Post
0,0,0,0,0,0,New York Post
0,0,0,0,0,0,New York Post
0,0,0,0,0,0,New York Post
1,1,0,0,168,138,New York Post
1,0,0,0,61,6,New York Post
0,0,0,0,0,0,New York Post
1,0,0,0,51,6,New York Post
0,0,0,0,0,0,New York Post
0,0,0,0,0,0,New York Post
0,0,0,0,0,0,New York Post
0,0,0,0,0,0,New York Post
0,0,0,0,0,0,New York Post
0,0,0,0,0,0,New York Post
0,0,0,0,0,0,New York Post
0,0,0,0,0,0,New York Post
0,1,1,0,66,61,New York Post
0,2,0,0,108,21,New York Post
1,0,0,0,79,6,New York Post
1,0,0,0,41,6,New York Post
0,0,0,0,0,0,New York Post
0,0,0,0,0,0,New York Post
0,0,0,0,0,0,New York Post
0,0,0,0,0,0,New York Post
0,0,0,0,0,0,New York Post
1,2,0,0,321,218,New York Post
3,1,4,0,4037,3852,New York Post
3,3,0,0,1383,1106,New York Post
2,4,1,0,1564,1279,New York Post
2,2,2,0,2236,2081,New York Post
2,3,1,0,942,905,New York Post
2,1,2,0,1264,1181,New York Post
2,3,2,0,2500,2455,New York Post
2,2,2,0,1597,1499,New York Post
0,3,2,0,1129,951,New York Post
5,2,1,0,7823,6984,New York Post
2,4,1,0,2496,2241,New York Post
3,2,2,0,7054,6202,New York Post
1,1,3,0,3903,3890,New York Post
1,1,3,0,4453,4335,New York Post
1,1,3,0,13021,13021,New York Post
5,1,2,0,13181,11954,New York Post
3,2,3,0,10478,9914,New York Post
3,3,1,0,2886,2610,New York Post
3,1,2,0,8809,8499,New York Post
4,4,1,0,2639,2136,New York Post
5,2,1,0,3903,3469,New York Post
1,1,3,0,4492,4486,New York Post
2,3,2,0,10685,9728,New York Post
3,2,2,0,3842,3497,New York Post
2,2,3,0,5823,5574,New York Post
3,2,1,0,2348,2293,New York Post
1,4,1,0,3470,3283,New York Post
2,2,2,0,5036,4544,New York Post
1,3,1,0,1428,1203,New York Post
4,2,0,0,1582,1080,New York Post
1,1,2,0,3397,3234,New York Post
0,0,4,0,2892,2892,New York Post
5,2,2,0,3780,3449,New York Post
1,2,2,0,4805,4623,New York Post
1,1,3,0,1836,1802,New York Post
6,4,0,0,4714,3927,New York Post
2,2,0,0,783,740,New York Post
0,2,0,0,294,221,New York Post
0,0,0,0,0,0,New York Post
1,0,0,0,141,6,New York Post
0,0,0,0,0,0,New York Post
1,1,0,0,111,98,New York Post
1,0,0,0,113,6,New York Post
0,0,0,0,0,0,New York Post
1,1,0,0,188,38,New York Post
0,0,0,0,0,0,New York Post
1,0,0,0,125,6,New York Post
1,0,0,0,105,6,New York Post
0,0,0,0,0,0,New York Post
1,3,0,0,2651,2513,New York Post
2,0,4,0,5276,5052,New York Post
4,2,3,0,8315,7749,New York Post
0,1,3,0,5140,5096,New York Post
0,2,1,0,407,146,New York Post
1,1,3,0,8159,8152,New York Post
2,1,3,0,4750,4497,New York Post
1,1,3,0,6803,6609,New York Post
1,1,3,0,6421,6421,New York Post
1,1,3,0,4158,4093,New York Post
1,1,0,0,220,169,New York Post
3,2,0,0,2805,2514,New York Post
0,0,0,0,0,0,New York Post
0,1,0,0,153,89,New York Post
1,0,0,0,69,6,New York Post
0,0,0,0,0,0,New York Post
0,0,0,0,0,0,New York Post
0,0,0,0,0,0,New York Post
0,0,0,0,0,0,New York Post
3,3,0,0,652,542,New York Post
2,2,0,0,1751,1413,New York Post
3,3,1,0,4299,3576,New York Post
1,0,0,0,47,6,New York Post
0,0,0,0,0,0,New York Post
1,1,0,0,606,486,New York Post
1,1,3,0,2781,2647,New York Post
2,1,1,0,1498,1348,New York Post
0,0,0,0,0,0,New York Post
3,3,0,0,1084,878,New York Post
1,1,3,0,4429,4429,New York Post
2,1,1,0,2096,2028,New York Post
1,2,2,0,1350,1281,New York Post
3,2,1,0,2111,2037,New York Post
2,2,3,0,2400,2284,New York Post
2,2,2,0,2499,2468,New York Post
0,0,4,0,12070,12070,New York Post
3,2,1,0,2302,2185,New York Post
1,2,2,0,1597,1501,New York Post
1,0,4,0,4810,4810,New York Post
1,1,2,0,780,748,New York Post
4,3,1,0,2873,2588,New York Post
0,0,5,0,7149,7149,New York Post
1,2,0,0,1368,1067,New York Post
1,3,0,0,512,288,New York Post
0,0,0,0,0,0,New York Post
0,0,0,0,0,0,New York Post
0,0,0,0,0,0,New York Post
1,4,1,0,1762,1579,New York Post
1,2,2,0,3335,3102,New York Post
1,0,0,0,69,6,New York Post
0,0,0,0,0,0,New York Post
1,0,0,0,47,6,New York Post
1,0,0,0,55,6,New York Post
0,0,0,0,0,0,New York Post
0,0,0,0,0,0,New York Post
0,0,0,0,0,0,New York Post
0,0,0,0,0,0,New York Post
0,0,0,0,0,0,New York Post
0,0,0,0,0,0,New York Post
3,4,0,0,1363,1125,New York Post
1,2,0,0,492,247,New York Post
1,1,0,0,134,134,New York Post
2,2,0,0,750,550,New York Post
0,0,0,0,0,0,New York Post
1,0,0,0,75,6,New York Post
1,0,0,0,69,6,New York Post
1,0,0,0,73,27,New York Post
1,0,0,0,73,6,New York Post
1,0,0,0,41,6,New York Post
0,0,0,0,0,0,New York Post
1,1,0,0,222,214,New York Post
0,0,0,0,0,0,New York Post
2,1,0,0,269,220,New York Post
1,0,0,0,47,6,New York Post
2,1,0,0,860,747,New York Post
0,0,0,0,0,0,New York Post
0,0,0,0,0,0,New York Post
3,2,0,0,1847,1408,New York Post
1,2,1,0,2782,2527,New York Post
0,0,0,0,0,0,New York Post
0,0,0,0,0,0,New York Post
2,0,3,0,1848,1706,New York Post
1,0,0,0,79,6,New York Post
1,0,0,0,113,6,New York Post
1,0,0,0,85,85,New York Post
1,0,0,0,85,6,New York Post
1,0,0,0,41,6,New York Post
0,0,0,0,0,0,New York Post
0,0,0,0,0,0,New York Post
3,1,2,0,2421,2211,New York Post
3,2,0,0,2713,2320,New York Post
0,0,0,0,0,0,New York Post
0,0,0,0,0,0,New York Post
1,0,0,0,47,6,New York Post
1,0,0,0,47,6,New York Post
2,1,0,0,91,54,New York Post
1,0,0,0,157,6,New York Post
0,1,0,0,1649,1649,New York Post
4,3,1,0,4682,3928,New York Post
1,4,0,0,1011,891,New York Post
4,2,1,0,3922,3329,New York Post
3,5,0,0,870,754,New York Post
0,0,0,0,0,0,New York Post
0,0,0,0,0,0,New York Post
0,0,0,0,0,0,New York Post
0,0,0,0,0,0,New York Post
1,1,0,0,148,102,New York Post
2,2,0,0,1878,1727,New York Post
1,1,1,0,935,796,New York Post
1,0,0,0,61,6,New York Post
0,0,0,0,0,0,New York Post
0,0,0,0,0,0,New York Post
0,0,0,0,0,0,New York Post
0,0,0,0,0,0,New York Post
6,1,0,0,504,306,New York Post
0,0,0,0,0,0,New York Post
0,0,0,0,0,0,New York Post
0,0,0,0,0,0,New York Post
0,0,0,0,0,0,New York Post
0,0,0,0,0,0,New York Post
0,0,0,0,0,0,New York Post
0,0,0,0,0,0,New York Post
0,0,0,0,0,0,New York Post
0,0,0,0,0,0,New York Post
0,0,0,0,0,0,New York Post
0,0,0,0,0,0,New York Post
1,1,0,0,93,49,New York Post
0,0,0,0,0,0,New York Post
4,3,1,0,2565,2112,New York Post
0,0,0,0,0,0,New York Post
1,0,0,0,41,6,New York Post
1,0,0,0,55,6,New York Post
0,0,0,0,0,0,New York Post
0,0,0,0,0,0,New York Post
0,0,0,0,0,0,New York Post
2,3,0,0,455,162,New York Post
2,1,0,0,746,582,New York Post
1,0,0,0,87,6,Pinterest
0,0,0,0,0,0,Pinterest
0,0,0,0,0,0,Pinterest
0,0,0,0,0,0,Pinterest
3,3,0,0,1358,1206,Pinterest
1,2,0,0,578,480,Pinterest
1,0,0,0,61,6,Pinterest
0,0,0,0,0,0,Pinterest
1,0,0,0,113,6,Pinterest
1,0,0,0,55,6,Pinterest
0,0,0,0,0,0,Pinterest
0,0,0,0,0,0,Pinterest
0,0,0,0,0,0,Pinterest
0,0,0,0,0,0,Pinterest
0,0,0,0,0,0,Pinterest
1,2,0,0,1471,975,Pinterest
0,0,1,0,85,23,Pinterest
1,0,0,0,28,6,Pinterest
1,0,0,0,47,6,Pinterest
3,2,2,0,13499,13088,Pinterest
2,1,3,0,28240,28170,Pinterest
3,3,0,0,754,513,Pinterest
2,2,0,0,1637,1148,Pinterest
1,2,0,0,688,541,Pinterest
2,1,0,0,555,399,Pinterest
0,0,0,0,0,0,Pinterest
0,3,0,0,499,253,Pinterest
1,2,0,0,1616,1023,Pinterest
3,2,1,0,4363,3667,Pinterest
1,0,0,0,133,6,Pinterest
0,0,0,0,0,0,Pinterest
0,0,0,0,0,0,Pinterest
0,0,0,0,0,0,Pinterest
0,0,0,0,0,0,Pinterest
0,0,0,0,0,0,Pinterest
0,1,0,0,161,8,Pinterest
1,0,0,0,87,6,Pinterest
1,0,0,0,61,6,Pinterest
0,0,0,0,0,0,Pinterest
1,3,0,0,623,444,Pinterest
1,0,1,0,322,261,Pinterest
1,0,0,0,113,6,Pinterest
1,0,0,0,125,6,Pinterest
0,0,0,0,0,0,Pinterest
0,0,0,0,0,0,Pinterest
0,0,0,0,0,0,Pinterest
2,2,0,0,405,388,Pinterest
0,1,0,0,161,8,Pinterest
1,0,0,0,55,6,Pinterest
0,0,0,0,0,0,Pinterest
0,0,0,0,0,0,Pinterest
0,0,0,0,0,0,Pinterest
0,0,0,0,0,0,Pinterest
0,0,0,0,0,0,Pinterest
0,0,0,0,0,0,Pinterest
0,0,0,0,0,0,Pinterest
1,0,0,0,87,6,Pinterest
0,0,0,0,0,0,Pinterest
0,1,0,0,141,141,Pinterest
0,0,0,0,0,0,Pinterest
0,0,0,0,0,0,Pinterest
0,0,0,0,0,0,Pinterest
0,0,0,0,0,0,Pinterest
0,2,0,0,430,168,Pinterest
0,0,0,0,0,0,Pinterest
1,0,0,0,47,6,Pinterest
0,0,0,0,0,0,Pinterest
0,0,0,0,0,0,Pinterest
0,0,0,0,0,0,Pinterest
0,0,0,0,0,0,Pinterest
0,0,0,0,0,0,Pinterest
0,0,0,0,0,0,Pinterest
0,0,0,0,0,0,Pinterest
0,0,0,0,0,0,Pinterest
0,0,0,0,0,0,Pinterest
0,0,0,0,0,0,Pinterest
0,0,0,0,0,0,Pinterest
0,0,0,0,0,0,Pinterest
0,0,0,0,0,0,Pinterest
0,0,0,0,0,0,Pinterest
0,1,0,0,161,86,Pinterest
1,0,0,0,47,6,Pinterest
0,0,0,0,0,0,Pinterest
190,196,6,1,0,0,Pinterest
2,5,0,0,465,212,Pinterest
0,0,0,0,0,0,Pinterest
4,3,0,0,2277,1853,Pinterest
2,3,1,0,1667,1346,Pinterest
0,1,0,0,177,86,Pinterest
1,0,0,0,75,6,Pinterest
0,0,0,0,0,0,Pinterest
1,0,0,0,75,6,Pinterest
0,0,0,0,0,0,Pinterest
0,0,0,0,0,0,Pinterest
1,3,1,0,2878,2620,Pinterest
1,1,2,0,983,871,Pinterest
1,2,0,0,401,215,Pinterest
1,3,0,0,554,267,Pinterest
0,0,0,0,0,0,Pinterest
1,0,0,0,113,6,Pinterest
0,0,0,0,0,0,Pinterest
5,2,1,0,3464,2781,Pinterest
0,0,0,0,0,0,Pinterest
0,0,0,0,0,0,Pinterest
0,0,0,0,0,0,Pinterest
0,0,0,0,0,0,Pinterest
0,0,0,0,0,0,Pinterest
0,0,0,0,0,0,Pinterest
0,1,0,0,113,82,Pinterest
1,0,0,0,133,6,Pinterest
0,0,0,0,0,0,Pinterest
0,0,0,0,0,0,Pinterest
0,2,0,0,394,332,Pinterest
1,0,1,0,1178,1079,Pinterest
1,0,0,0,87,6,Pinterest
0,0,0,0,0,0,Pinterest
1,0,0,0,37,6,Pinterest
0,0,0,0,0,0,Pinterest
0,0,0,0,0,0,Pinterest
0,0,0,0,0,0,Pinterest
0,0,0,0,0,0,Pinterest
1,1,2,0,1443,1333,Pinterest
1,1,1,0,1730,1495,Pinterest
1,2,0,0,2251,1843,Pinterest
0,0,0,0,0,0,Pinterest
0,0,0,0,0,0,Pinterest
0,0,0,0,0,0,Pinterest
0,0,0,0,0,0,Pinterest
0,0,0,0,0,0,Pinterest
2,3,0,0,830,631,Reddit
0,2,0,0,194,16,Reddit
1,0,0,0,47,6,Reddit
1,1,0,0,194,169,Reddit
1,0,0,0,105,6,Reddit
3,3,0,0,811,624,Reddit
0,0,0,0,0,0,Reddit
0,0,0,0,0,0,Reddit
1,0,0,0,73,6,Reddit
1,1,0,0,246,216,Reddit
1,0,0,0,28,6,Reddit
1,0,0,0,47,6,Reddit
1,0,0,0,61,6,Reddit
0,0,0,0,0,0,Reddit
0,0,0,0,0,0,Reddit
0,0,0,0,0,0,Reddit
0,0,0,0,0,0,Reddit
1,0,0,0,87,6,Reddit
1,0,0,0,125,6,Reddit
0,0,0,0,0,0,Reddit
0,0,0,0,0,0,Reddit
0,0,0,0,0,0,Reddit
0,0,0,0,0,0,Reddit
0,0,0,0,0,0,Reddit
0,0,0,0,0,0,Reddit
0,0,0,0,0,0,Reddit
0,0,0,0,0,0,Reddit
1,1,0,0,238,214,Reddit
1,0,0,0,35,6,Reddit
0,0,0,0,0,0,Reddit
0,0,0,0,0,0,Reddit
1,0,0,0,133,6,Reddit
1,1,0,0,405,327,Reddit
1,0,0,0,105,6,Reddit
0,0,0,0,0,0,Reddit
1,0,0,0,69,6,Reddit
0,0,0,0,0,0,Reddit
0,0,0,0,0,0,Reddit
0,0,0,0,0,0,Reddit
0,0,0,0,0,0,Reddit
0,0,0,0,0,0,Reddit
1,2,0,0,394,279,Reddit
1,1,0,0,274,208,Reddit
0,4,0,0,552,290,Snapchat
4,2,0,0,1113,952,Snapchat
2,2,0,0,961,754,Snapchat
0,0,0,0,0,0,Snapchat
0,0,0,0,0,0,Snapchat
0,0,0,0,0,0,Snapchat
0,0,0,0,0,0,Snapchat
0,0,0,0,0,0,Snapchat
0,0,0,0,0,0,Snapchat
1,0,0,0,18,6,Snapchat
0,0,0,0,0,0,Snapchat
0,0,0,0,0,0,Snapchat
0,0,0,0,0,0,Snapchat
0,0,0,0,0,0,Snapchat
0,0,0,0,0,0,Snapchat
0,0,0,0,0,0,Snapchat
0,0,0,0,0,0,Snapchat
0,0,0,0,0,0,Snapchat
0,0,0,0,0,0,Snapchat
0,1,0,0,15,8,Snapchat
0,0,0,0,0,0,Snapchat
1,0,0,0,79,6,Snapchat
1,0,0,0,37,6,Snapchat
0,0,0,0,0,0,Snapchat
0,0,0,0,0,0,Snapchat
0,0,0,0,0,0,Snapchat
0,0,0,0,0,0,Snapchat
0,0,0,0,0,0,Snapchat
0,0,0,0,0,0,Snapchat
0,0,0,0,0,0,Snapchat
0,0,0,0,0,0,Snapchat
0,0,0,0,0,0,Snapchat
0,0,0,0,0,0,Snapchat
0,0,0,0,0,0,Snapchat
0,0,0,0,0,0,Snapchat
0,0,0,0,0,0,Snapchat
0,0,0,0,0,0,Snapchat
0,0,0,0,0,0,Snapchat
0,0,0,0,0,0,Snapchat
3,1,0,0,1149,941,Snapchat
3,4,0,0,1596,1171,Snapchat
1,1,0,0,631,387,Snapchat
1,0,0,0,61,6,Snapchat
0,0,0,0,0,0,Snapchat
0,0,0,0,0,0,Snapchat
0,0,0,0,0,0,Snapchat
0,1,0,0,113,35,Snapchat
0,0,0,0,0,0,Snapchat
0,0,0,0,0,0,Snapchat
0,0,0,0,0,0,Snapchat
0,0,0,0,0,0,Snapchat
0,0,0,0,0,0,Snapchat
0,0,0,0,0,0,Snapchat
0,0,0,0,0,0,Snapchat
0,0,0,0,0,0,Snapchat
0,0,0,0,0,0,Snapchat
0,0,0,0,0,0,Snapchat
3,0,0,0,527,18,Snapchat
2,0,0,0,402,12,Snapchat
0,0,0,0,0,0,Starbucks
0,0,0,0,0,0,Starbucks
1,1,0,0,48,48,Starbucks
1,0,0,0,97,6,Starbucks
1,1,0,0,101,97,Starbucks
5,2,0,0,1301,1123,Starbucks
1,1,2,0,2408,2319,Starbucks
0,0,0,0,0,0,Starbucks
0,0,0,0,0,0,Starbucks
0,0,0,0,0,0,Starbucks
0,0,0,0,0,0,Starbucks
0,0,0,0,0,0,Starbucks
0,0,0,0,0,0,Starbucks
0,0,0,0,0,0,Starbucks
1,1,0,0,154,23,Starbucks
0,0,0,0,0,0,Starbucks
0,0,0,0,0,0,Starbucks
1,3,1,0,575,416,Starbucks
0,0,0,0,0,0,Starbucks
1,3,0,0,1568,1150,Starbucks
1,0,0,0,32,6,Starbucks
0,0,0,0,0,0,Starbucks
0,0,0,0,0,0,Starbucks
0,0,0,0,0,0,Starbucks
0,0,0,0,0,0,Starbucks
0,0,0,0,0,0,Starbucks
1,1,3,0,8601,8493,Starbucks
4,3,1,0,1899,1600,Starbucks
0,0,0,0,0,0,Starbucks
1,0,0,0,32,6,Starbucks
0,0,0,0,0,0,Starbucks
0,0,0,0,0,0,Starbucks
0,0,0,0,0,0,Starbucks
1,1,0,0,101,93,Starbucks
1,0,0,0,32,6,Starbucks
0,0,0,0,0,0,Starbucks
0,0,0,0,0,0,Starbucks
1,0,0,0,85,6,Starbucks
0,0,0,0,0,0,Starbucks
0,0,0,0,0,0,Starbucks
0,0,0,0,0,0,Starbucks
0,0,0,0,0,0,Starbucks
0,0,0,0,0,0,Starbucks
0,0,0,0,0,0,Starbucks
0,1,0,0,113,21,Starbucks
0,0,0,0,0,0,Starbucks
0,1,0,0,113,8,Starbucks
1,0,0,0,42,6,Starbucks
0,0,0,0,0,0,Starbucks
0,0,0,0,0,0,Starbucks
0,0,0,0,0,0,Starbucks
0,0,0,0,0,0,Starbucks
0,0,0,0,0,0,Starbucks
0,0,0,0,0,0,Starbucks
0,0,0,0,0,0,Starbucks
0,0,0,0,0,0,Starbucks
1,0,0,0,77,6,Starbucks
0,0,0,0,0,0,Starbucks
1,2,0,0,874,717,Starbucks
1,2,0,0,185,97,Starbucks
1,0,0,0,125,6,Starbucks
1,0,0,0,61,6,Starbucks
0,0,0,0,0,0,Starbucks
0,0,0,0,0,0,Starbucks
0,0,0,0,0,0,Starbucks
0,0,0,0,0,0,Starbucks
1,0,0,0,41,6,Starbucks
0,0,0,0,0,0,Starbucks
1,0,0,0,42,6,Starbucks
0,0,0,0,0,0,Starbucks
1,0,0,0,61,6,Starbucks
0,0,0,0,0,0,Starbucks
0,0,0,0,0,0,Starbucks
0,0,0,0,0,0,Starbucks
0,0,0,0,0,0,Starbucks
1,0,0,0,22,6,Starbucks
0,0,0,0,0,0,Starbucks
0,0,0,0,0,0,Starbucks
0,0,0,0,0,0,Starbucks
0,0,0,0,0,0,Starbucks
1,0,0,0,35,6,Starbucks
0,0,0,0,0,0,Starbucks
0,1,0,0,440,440,Starbucks
2,3,0,0,1170,817,Starbucks
0,1,0,0,113,8,Starbucks
1,0,0,0,65,6,Starbucks
0,1,0,0,113,8,Starbucks
0,1,0,0,85,13,Starbucks
0,1,0,0,47,15,Starbucks
1,0,0,0,42,6,Starbucks
0,1,0,0,125,15,Starbucks
1,0,0,0,55,6,Starbucks
0,0,0,0,0,0,Starbucks
0,0,0,0,0,0,Starbucks
1,0,0,0,47,6,Starbucks
1,0,0,0,47,6,Starbucks
0,0,0,0,0,0,Starbucks
0,0,0,0,0,0,Starbucks
0,0,0,0,0,0,Starbucks
0,0,0,0,0,0,Starbucks
0,0,0,0,0,0,Starbucks
3,1,0,0,1652,1396,Starbucks
1,2,1,0,1505,1256,Starbucks
0,0,0,0,0,0,Starbucks
1,2,1,0,685,387,Starbucks
0,1,0,0,97,8,Starbucks
2,2,0,0,1120,927,Starbucks
0,0,0,0,0,0,Starbucks
0,0,0,0,0,0,Starbucks
1,0,0,0,18,6,Starbucks
0,0,0,0,0,0,Starbucks
0,0,0,0,0,0,Starbucks
1,2,1,0,1560,1498,Starbucks
2,2,2,0,3896,3490,Starbucks
0,1,0,0,113,38,Starbucks
1,0,0,0,79,6,Starbucks
0,0,0,0,0,0,Starbucks
1,0,0,0,79,6,Starbucks
2,2,1,0,867,654,Starbucks
0,0,0,0,0,0,Starbucks
1,0,0,0,65,6,Starbucks
2,1,2,0,2170,2117,Starbucks
0,0,0,0,0,0,Starbucks
1,3,1,0,689,542,Starbucks
3,1,1,0,2009,1660,Starbucks
2,3,0,0,540,377,Starbucks
0,0,0,0,0,0,Starbucks
0,0,0,0,0,0,Starbucks
0,0,0,0,0,0,Starbucks
0,0,0,0,0,0,Starbucks
0,0,0,0,0,0,Starbucks
1,0,0,0,85,85,Starbucks
0,0,0,0,0,0,Starbucks
0,0,0,0,0,0,Starbucks
0,0,0,0,0,0,Starbucks
0,0,0,0,0,0,Starbucks
0,0,0,0,0,0,Starbucks
0,0,0,0,0,0,Starbucks
0,0,0,0,0,0,Starbucks
0,0,0,0,0,0,Starbucks
0,0,0,0,0,0,Starbucks
2,2,1,1,1499,1336,Starbucks
0,0,0,0,0,0,Starbucks
1,0,0,0,28,6,Starbucks
3,2,0,0,1541,1125,Starbucks
1,1,0,0,1371,1165,Starbucks
0,1,0,0,97,86,Starbucks
1,0,0,0,47,6,Starbucks
1,0,0,0,13,6,Starbucks
1,0,0,0,28,6,Starbucks
1,1,0,0,489,413,Starbucks
1,2,0,0,327,204,Starbucks
5,2,0,0,2629,2135,Starbucks
2,2,0,0,1602,1238,Starbucks
1,2,0,0,456,365,Starbucks
0,0,0,0,0,0,Starbucks
0,0,0,0,0,0,Starbucks
0,0,0,0,0,0,Starbucks
1,1,0,0,54,49,Starbucks
1,0,0,0,26,6,Starbucks
0,0,0,0,0,0,Starbucks
0,1,0,0,125,8,Starbucks
0,1,0,0,49,15,Starbucks
1,1,0,0,100,12,Starbucks
1,4,0,0,961,833,Starbucks
1,1,1,0,2874,2625,Starbucks
1,0,0,0,18,6,Starbucks
0,0,0,0,0,0,Starbucks
1,0,0,0,69,6,Starbucks
2,1,2,0,1681,1672,Starbucks
0,0,0,0,0,0,Starbucks
2,0,0,0,126,12,Starbucks
1,0,0,0,153,6,Starbucks
0,0,0,0,0,0,Starbucks
1,1,0,0,110,105,Starbucks
2,2,0,0,1012,724,Starbucks
0,2,0,0,210,90,Starbucks
1,0,0,0,77,6,Starbucks
3,2,1,0,1630,1294,Starbucks
1,3,0,0,1877,1665,Starbucks
2,4,0,0,818,552,Starbucks
2,2,1,0,2691,2142,Starbucks
0,4,0,0,476,209,Starbucks
2,2,0,0,269,40,Twitch
3,3,0,0,768,412,Twitch
0,4,0,0,764,256,Twitch
0,1,0,0,269,38,Twitch
1,0,0,0,79,6,Twitch
1,0,0,0,133,6,Twitch
0,0,0,0,0,0,Twitch
0,0,0,0,0,0,Twitch
0,0,0,0,0,0,Twitch
0,0,0,0,0,0,Twitch
3,2,0,0,1981,1424,Twitch
1,1,1,0,419,334,Twitch
4,2,2,0,9178,8780,Twitch
3,2,0,0,3280,2603,Twitch
4,1,1,0,2792,2309,Twitch
0,2,0,0,274,16,Twitch
1,1,1,0,934,785,Twitch
0,1,0,0,161,86,Twitch
1,0,0,0,47,6,Twitch
1,0,0,0,125,6,Twitch
0,0,0,0,0,0,Twitch
1,1,0,0,200,96,Twitch
0,1,0,0,113,8,Twitch
2,1,1,0,2374,2014,Twitch
0,1,0,0,141,8,Twitch
3,2,1,0,2465,1965,Twitch
2,2,0,0,2078,1742,Twitch
2,3,0,0,956,637,Twitch
1,4,0,0,877,490,Twitch
0,0,0,0,0,0,Twitch
0,0,0,0,0,0,Twitch
0,0,0,0,0,0,Twitch
0,0,0,0,0,0,Twitch
0,0,0,0,0,0,Twitch
0,0,0,0,0,0,Twitch
2,1,2,0,17024,16100,Twitch
0,4,0,0,548,252,Twitch
2,2,2,0,5274,5066,Twitch
1,0,4,0,24199,24199,Twitch
0,0,5,0,25941,25941,Twitch
0,1,0,0,77,8,Twitch
1,2,0,0,711,612,Twitch
1,3,0,0,2091,1533,Twitch
2,1,0,0,1686,1377,Twitch
0,2,0,0,466,94,Twitch
0,0,0,0,0,0,Twitch
1,0,0,0,125,6,Twitch
1,2,0,0,583,401,Twitch
2,1,0,0,654,554,Twitch
3,1,0,0,800,486,Twitch
1,1,0,0,639,625,Twitch
0,3,0,0,611,535,Twitch
1,3,0,0,748,529,Twitch
0,0,0,0,0,0,Twitch
0,0,0,0,0,0,Twitch
0,0,0,0,0,0,Twitch
0,0,0,0,0,0,Twitch
0,0,0,0,0,0,Twitch
1,4,0,0,542,297,Twitch
1,1,0,0,450,353,Twitch
2,2,0,0,727,534,Twitch
1,1,3,0,3755,3667,Twitch
2,1,0,0,564,479,Twitch
1,2,0,0,732,554,Twitch
0,0,0,0,0,0,Twitch
0,0,0,0,0,0,Twitch
0,0,0,0,0,0,Twitch
0,0,0,0,0,0,Twitch
0,0,0,0,0,0,Twitch
0,0,0,0,0,0,Twitch
0,0,0,0,0,0,Twitch
0,0,0,0,0,0,Twitch
3,3,1,0,4901,4423,Twitch
0,2,3,0,7475,7398,Twitch
0,0,5,0,10554,10554,Twitch
2,2,1,0,9155,8988,Twitch
2,1,0,0,8202,7554,Twitch
2,2,0,0,1606,1217,Twitch
0,1,0,0,141,8,Twitch
1,2,0,0,427,325,Twitch
2,1,1,0,817,719,Twitch
1,0,0,0,69,6,Twitch
0,0,0,0,0,0,Twitch
0,0,0,0,0,0,Twitch
0,0,0,0,0,0,Twitch
0,0,0,0,0,0,Twitch
0,0,0,0,0,0,Twitch
0,0,0,0,0,0,Twitch
0,0,0,0,0,0,Twitch
0,0,0,0,0,0,Twitch
0,0,0,0,0,0,Twitch
0,0,0,0,0,0,Twitch
0,0,0,0,0,0,Twitch
0,0,0,0,0,0,Twitch
2,4,1,0,5693,5308,Twitch
0,0,5,0,38409,38409,Twitch
2,1,2,0,5245,4988,Twitch
2,1,0,0,1690,1425,Twitch
1,3,1,0,1148,858,Twitch
2,2,0,0,506,427,Twitch
2,1,2,0,2167,1906,Twitch
1,2,1,0,2082,1955,Twitch
4,1,1,0,2063,1862,Twitch
4,3,2,0,3352,2988,Twitch
1,2,1,0,998,705,Twitch
0,0,5,0,8958,8958,Twitch
0,0,5,0,7150,7150,Twitch
0,1,1,0,2527,2527,Twitch
3,1,3,0,2955,2639,Twitch
0,2,1,0,717,650,Twitch
2,2,0,0,604,473,Twitch
1,2,1,0,858,833,Twitch
4,2,2,0,1390,1281,Twitch
0,0,0,0,0,0,Twitch
0,0,0,0,0,0,Twitch
0,0,0,0,0,0,Twitch
0,0,0,0,0,0,Twitch
1,2,0,0,885,602,Twitch
2,4,0,0,1110,808,Twitch
4,2,1,0,2400,2079,Twitch
0,3,0,0,423,176,Twitch
0,0,0,0,0,0,Twitch
1,2,1,0,458,422,Twitch
2,2,0,0,2400,1917,Twitch
1,1,0,0,76,48,Twitter
0,0,0,0,0,0,Twitter
1,0,0,0,41,6,Twitter
1,0,0,0,69,6,Twitter
0,0,0,0,0,0,Twitter
1,0,0,0,69,6,Twitter
0,0,0,0,0,0,Twitter
3,1,0,0,174,103,Twitter
0,0,0,0,0,0,Twitter
1,0,0,0,41,6,Twitter
2,2,1,0,1087,1003,Twitter
1,3,0,0,684,611,Twitter
1,1,1,0,295,207,Twitter
1,2,0,0,558,481,Twitter
1,2,0,0,327,288,Twitter
1,0,0,0,41,6,Twitter
0,2,0,0,294,88,Twitter
1,0,0,0,87,6,Twitter
1,0,0,0,161,6,Twitter
1,0,0,0,87,6,Twitter
1,0,0,0,87,6,Twitter
0,0,0,0,0,0,Twitter
0,0,0,0,0,0,Twitter
0,0,0,0,0,0,Twitter
0,1,0,0,113,86,Twitter
0,0,0,0,0,0,Twitter
1,0,0,0,141,6,Twitter
1,0,0,0,109,6,Twitter
0,0,0,0,0,0,Twitter
2,1,0,0,259,175,Twitter
2,2,1,0,2106,1917,Twitter
0,1,0,0,97,42,Twitter
1,1,0,0,114,95,Twitter
1,0,0,0,55,6,Twitter
0,0,0,0,0,0,Twitter
0,0,0,0,0,0,Twitter
0,0,0,0,0,0,Twitter
0,0,0,0,0,0,Twitter
0,0,0,0,0,0,Twitter
0,0,0,0,0,0,Twitter
2,1,0,0,683,508,Twitter
0,2,0,0,265,171,Twitter
2,3,0,0,1206,894,Twitter
0,0,0,0,0,0,Twitter
0,0,0,0,0,0,Twitter
2,1,0,0,240,102,Twitter
2,1,1,0,2788,2318,Twitter
0,0,0,0,0,0,Twitter
0,0,0,0,0,0,Twitter
1,1,0,0,234,199,Twitter
0,0,0,0,0,0,Twitter
1,0,0,0,47,6,Twitter
3,1,0,0,263,189,Twitter
1,4,1,0,870,706,Twitter
0,1,0,0,153,8,Twitter
1,0,0,0,55,6,Twitter
0,0,0,0,0,0,Twitter
0,0,0,0,0,0,Twitter
0,0,0,0,0,0,Twitter
0,0,0,0,0,0,Twitter
0,0,0,0,0,0,Twitter
0,0,0,0,0,0,Twitter
0,0,0,0,0,0,Twitter
0,1,0,0,177,8,Twitter
1,0,0,0,75,6,Twitter
0,0,0,0,0,0,Twitter
0,0,0,0,0,0,Twitter
0,0,0,0,0,0,Twitter
0,0,0,0,0,0,Twitter
0,1,0,0,18,18,Twitter
0,0,0,0,0,0,Twitter
1,1,0,0,184,131,Twitter
0,2,0,0,350,88,Twitter
1,0,0,0,193,6,Twitter
2,1,1,0,1917,1851,Twitter
0,0,0,0,0,0,Twitter
1,0,0,0,47,6,Twitter
1,2,0,0,309,94,Twitter
1,1,0,0,226,104,Twitter
3,2,0,0,642,595,Twitter
1,0,0,0,47,6,Twitter
0,0,0,0,0,0,Twitter
1,0,0,0,79,6,Twitter
0,0,0,0,0,0,Twitter
2,1,0,0,984,826,Twitter
2,3,0,0,324,224,Twitter
0,1,0,0,49,8,Twitter
0,0,0,0,0,0,Twitter
0,0,0,0,0,0,Twitter
1,1,0,0,165,128,Twitter
0,1,0,0,269,86,Twitter
0,0,0,0,0,0,Twitter
0,1,0,0,141,86,Twitter
1,0,0,0,87,6,Twitter
1,0,0,0,87,6,Twitter
1,0,0,0,13,6,Twitter
0,0,0,0,0,0,Twitter
1,0,0,0,61,6,Twitter
0,1,0,0,153,153,Twitter
1,0,0,0,18,6,Twitter
0,0,0,0,0,0,Twitter
0,0,0,0,0,0,Twitter
2,1,1,0,2373,2222,Twitter
0,0,0,0,0,0,Twitter
1,1,0,0,48,45,Twitter
1,0,0,0,109,6,Twitter
1,0,0,0,59,6,Twitter
1,2,0,0,483,352,Twitter
0,0,0,0,0,0,Twitter
0,0,0,0,0,0,Twitter
2,1,0,0,1584,1353,Twitter
1,3,0,0,432,328,Twitter
1,0,0,0,125,6,Twitter
1,0,0,0,32,6,Twitter
0,0,0,0,0,0,Twitter
3,0,0,0,363,18,Twitter
1,2,0,0,475,254,Twitter
0,3,0,0,379,170,Twitter
1,0,0,0,41,6,Twitter
5,2,0,0,2591,2066,Twitter
4,1,2,0,1933,1662,Twitter
1,0,0,0,87,6,Twitter
1,0,0,0,87,6,Twitter
0,0,0,0,0,0,Twitter
0,0,0,0,0,0,Twitter
0,0,0,0,0,0,Twitter
0,0,0,0,0,0,Twitter
0,1,0,0,97,86,Twitter
1,0,0,0,87,6,Twitter
0,0,0,0,0,0,Twitter
1,0,0,0,87,6,Twitter
0,0,0,0,0,0,Twitter
0,0,0,0,0,0,Twitter
0,0,0,0,0,0,Twitter
0,0,0,0,0,0,Twitter
0,0,0,0,0,0,Twitter
2,0,1,0,991,788,Twitter
0,1,0,0,161,143,Twitter
1,0,0,0,47,6,Twitter
1,0,0,0,13,6,Twitter
0,2,0,0,170,90,Twitter
1,2,0,0,801,514,Twitter
1,0,0,0,55,6,Twitter
3,3,0,0,790,595,Twitter
1,0,0,0,105,6,Twitter
0,0,0,0,0,0,Twitter
3,1,2,0,4019,3688,Twitter
0,0,0,0,0,0,Twitter
0,0,0,0,0,0,Twitter
0,0,0,0,0,0,Twitter
0,0,0,0,0,0,Twitter
0,0,0,0,0,0,Twitter
0,0,0,0,0,0,Twitter
0,0,0,0,0,0,Twitter
0,1,0,0,141,117,Twitter
0,1,0,0,77,8,Twitter
1,0,0,0,79,6,Twitter
2,1,2,1,881,732,Twitter
0,0,0,0,0,0,Twitter
2,4,1,0,2525,1830,Twitter
0,0,0,0,0,0,Twitter
1,0,0,0,61,6,Twitter
4,1,3,0,2842,2664,Twitter
0,1,0,0,18,8,Twitter
2,1,2,1,3583,3412,Twitter
0,0,0,0,0,0,Twitter
0,0,0,0,0,0,Twitter
0,0,0,0,0,0,Twitter
0,0,0,0,0,0,Twitter
0,0,0,0,0,0,Twitter
0,0,0,0,0,0,Twitter
0,1,0,0,233,86,Twitter
3,1,0,0,1217,971,Twitter
3,1,0,0,1140,996,Twitter
1,0,0,0,79,6,Twitter
5,3,0,0,1900,1498,Twitter
1,2,0,0,330,254,Twitter
3,2,0,0,695,597,Twitter
1,0,0,0,125,6,Twitter
0,0,5,0,15132,15132,Walmart
0,0,5,0,19713,19713,Walmart
0,0,5,0,38627,38627,Walmart
0,0,5,0,45044,45044,Walmart
0,0,0,0,0,0,Walmart
1,0,0,0,41,6,Walmart
0,0,0,0,0,0,Walmart
0,0,0,0,0,0,Walmart
0,0,0,0,0,0,Walmart
0,0,5,0,26560,26560,Walmart
1,4,0,0,1130,839,Walmart
0,0,5,0,14717,14717,Walmart
2,0,3,0,7104,6764,Walmart
0,1,0,0,125,86,Walmart
1,0,0,0,69,6,Walmart
1,3,0,0,556,357,Walmart
0,1,0,0,193,8,Walmart
1,0,0,0,69,6,Walmart
0,0,0,0,0,0,Walmart
0,0,0,0,0,0,Walmart
0,1,4,0,16382,16382,Walmart
2,2,2,0,3579,3376,Walmart
7,1,1,0,3944,3306,Walmart
0,0,0,0,0,0,Walmart
2,1,1,0,1760,1565,Walmart
0,0,0,0,0,0,Walmart
0,1,0,0,141,8,Walmart
1,0,0,0,47,6,Walmart
0,0,0,0,0,0,Walmart
0,0,0,0,0,0,Walmart
2,2,2,0,765,648,Walmart
0,0,0,0,0,0,Walmart
1,0,0,0,113,6,Walmart
1,2,1,0,1546,1532,Walmart
1,1,2,1,1684,1518,Walmart
1,3,0,0,712,251,Walmart
0,6,0,0,1230,948,Walmart
2,1,0,0,1321,1160,Walmart
0,1,3,0,10854,10854,Walmart
0,0,5,0,23826,23826,Walmart
1,2,0,0,331,220,Walmart
1,1,1,0,738,683,Walmart
1,0,0,0,77,6,Walmart
0,0,5,0,41666,41666,Walmart
0,0,5,0,6444,6444,Walmart
0,0,0,0,0,0,Walmart
0,0,0,0,0,0,Walmart
0,0,0,0,0,0,Walmart
0,0,0,0,0,0,Walmart
0,0,0,0,0,0,Walmart
0,0,0,0,0,0,Walmart
0,0,0,0,0,0,Walmart
0,0,0,0,0,0,Walmart
0,0,0,0,0,0,Walmart
3,3,0,0,1887,1433,Walmart
1,3,1,0,2353,2191,Walmart
2,4,0,0,2035,1705,Walmart
0,0,0,0,0,0,Walmart
0,0,0,0,0,0,Walmart
0,0,0,0,0,0,Walmart
0,0,0,1,41,41,Walmart
1,0,0,0,26,4,Walmart
1,0,0,0,41,6,Walmart
1,0,0,0,113,6,Walmart
0,0,0,0,0,0,Walmart
0,0,0,0,0,0,Walmart
3,1,1,0,1624,1390,Walmart
1,0,0,0,55,6,Walmart
0,0,0,0,0,0,Walmart
0,0,0,0,0,0,Walmart
1,2,0,0,672,603,Walmart
2,1,1,0,754,701,Walmart
0,0,0,0,0,0,Walmart
0,1,0,0,177,43,Walmart
0,1,0,0,79,19,Walmart
0,1,0,0,193,15,Walmart
3,3,0,0,632,545,Walmart
3,4,0,0,1117,773,Walmart
0,0,0,0,0,0,Walmart
1,4,0,0,3649,3625,Walmart
0,0,5,0,18405,18405,Walmart
2,2,0,0,1052,873,Walmart
0,0,4,0,23700,23700,Walmart
0,0,0,0,0,0,Walmart
0,0,0,0,0,0,Walmart
0,0,0,0,0,0,Walmart
0,0,0,0,0,0,Walmart
2,1,0,0,474,409,Walmart
0,0,0,0,0,0,Walmart
0,0,0,0,0,0,Walmart
0,0,0,0,0,0,Walmart
0,0,0,0,0,0,Walmart
1,0,0,0,32,6,Walmart
0,0,0,0,0,0,Walmart
0,0,0,0,0,0,Walmart
0,0,0,0,0,0,Walmart
0,0,0,0,0,0,Walmart
0,0,0,0,0,0,Walmart
3,1,0,0,506,418,Walmart
0,0,5,0,20056,20056,Walmart
0,0,5,0,22108,22108,Walmart
0,0,0,0,0,0,Walmart
0,0,0,0,0,0,Walmart
0,0,0,0,0,0,Walmart
0,0,0,0,0,0,Walmart
0,0,0,0,0,0,Walmart
0,0,0,0,0,0,Walmart
0,0,0,0,0,0,Walmart
3,2,3,0,9918,9291,Walmart
0,1,0,0,97,8,Walmart
1,0,0,0,113,6,Walmart
0,0,0,0,0,0,Walmart
2,2,0,0,372,267,Walmart
0,0,0,0,0,0,Walmart
0,0,0,0,0,0,Walmart
0,0,0,0,0,0,Walmart
0,0,0,0,0,0,Walmart
1,1,0,0,258,209,Walmart
2,1,0,0,837,684,Walmart
2,1,3,0,31202,30739,Walmart
1,2,1,0,1105,732,Walmart
1,0,0,0,69,6,Walmart
0,0,5,0,26455,26455,Walmart
0,0,0,0,0,0,Walmart
0,0,0,0,0,0,Walmart
0,0,0,0,0,0,Walmart
0,0,0,0,0,0,Walmart
0,0,0,0,0,0,Walmart
3,2,1,0,1042,936,Walmart
2,1,2,0,5047,4619,Walmart
0,0,0,0,0,0,Walmart
1,0,0,0,61,6,Walmart
0,0,0,0,0,0,Walmart
3,1,0,0,201,125,Walmart
0,0,0,0,0,0,Walmart
1,0,0,0,63,6,Walmart
0,0,5,0,35935,35935,Walmart
0,0,5,0,39837,39837,Walmart
0,3,0,0,929,696,Walmart
1,1,1,0,349,155,Walmart
1,0,0,0,113,6,Walmart
2,2,2,0,26491,25492,Walmart
2,2,1,0,4212,2848,Walmart
0,2,0,0,378,90,Walmart
2,2,3,0,10279,9892,Walmart
0,2,0,0,250,94,Walmart
2,1,2,0,11038,10845,Walmart
0,0,5,0,19868,19868,Walmart
0,0,0,0,0,0,Walmart
4,2,1,0,6819,6268,Walmart
2,3,1,0,1864,1498,Walmart
0,1,4,0,10680,10680,Walmart
0,0,5,0,16977,16977,Walmart
2,4,0,0,1728,1411,Walmart
3,2,1,0,3393,2946,Walmart
0,0,0,0,0,0,Walmart
0,0,0,0,0,0,Walmart
0,0,0,0,0,0,Walmart
1,1,1,0,323,302,Walmart
0,0,5,0,13021,13021,Walmart
0,0,5,0,12158,12158,Walmart
0,0,0,0,0,0,Walmart
1,1,0,0,235,217,Walmart
0,1,1,0,168,151,Walmart
1,0,0,0,26,6,Walmart
1,0,0,0,55,6,Walmart
0,0,0,0,0,0,Walmart
1,0,0,0,42,6,Walmart
0,0,0,0,0,0,Walmart
0,0,0,0,0,0,Walmart
1,2,0,0,132,32,Walmart
5,5,0,0,1306,1005,Walmart
2,2,2,0,4780,4609,Walmart
0,0,0,0,0,0,Walmart
0,0,0,0,0,0,Walmart
0,0,0,0,0,0,Walmart
0,1,4,0,15754,15754,Walmart
1,1,0,0,487,426,Walmart
0,1,0,0,141,86,Walmart
1,0,0,0,69,6,Walmart
1,1,0,0,771,730,Walmart
1,1,1,0,5685,5549,Walmart
0,1,0,0,161,8,Walmart
1,0,0,0,13,6,Walmart
0,0,0,0,0,0,Walmart
0,0,0,0,0,0,Walmart
0,0,0,0,0,0,Walmart
1,2,0,0,339,283,Walmart
1,1,0,0,347,337,Walmart
2,3,2,0,2263,2039,Walmart
2,2,2,0,1792,1666,Walmart
0,0,0,0,0,0,Walmart
0,0,0,0,0,0,Walmart
0,0,0,0,0,0,Walmart
0,0,0,0,0,0,Walmart
0,0,0,0,0,0,Walmart
0,0,0,0,0,0,Walmart
0,0,0,0,0,0,Walmart
2,1,0,0,324,125,Walmart
0,1,0,0,113,8,Walmart
3,3,1,0,2704,2218,Walmart
0,0,0,0,0,0,Walmart
1,0,0,0,75,6,Walmart
1,0,0,0,41,6,Walmart
0,0,0,0,0,0,Walmart
1,0,0,0,41,6,Walmart
1,0,0,0,75,6,Walmart
0,0,0,0,0,0,Walmart
0,0,0,0,0,0,Walmart
0,0,0,0,0,0,Walmart
0,0,0,0,0,0,Walmart
1,1,0,0,394,92,Walmart
0,0,0,0,0,0,Walmart
1,0,0,0,55,6,Walmart
0,0,0,0,0,0,Walmart
0,0,5,0,24680,24680,Walmart
1,0,0,0,69,6,Walmart
1,0,0,0,69,6,Walmart
0,0,0,0,0,0,Walmart
0,0,0,0,0,0,Walmart
1,0,0,0,55,6,Walmart
0,0,5,0,15120,15120,Walmart
0,0,5,0,23012,23012,Walmart
0,0,0,0,0,0,Walmart
0,0,0,0,0,0,Walmart
0,0,0,0,0,0,Walmart
0,0,0,0,0,0,Walmart
2,2,1,0,4500,4328,Walmart
0,0,0,0,0,0,Walmart
0,0,0,0,0,0,Walmart
0,0,0,0,0,0,Walmart
2,2,1,0,3309,2724,Walmart
0,1,0,0,193,8,Walmart
1,0,0,0,65,6,Walmart
1,2,4,0,29931,29466,Walmart
0,0,5,0,46804,46804,Walmart
0,0,0,0,0,0,Walmart
0,0,0,0,0,0,Walmart
0,0,0,0,0,0,Walmart
1,1,0,0,111,49,Walmart
1,0,0,0,125,6,Walmart
2,0,4,0,19383,19196,Walmart
0,1,0,0,193,86,Walmart
0,0,0,0,0,0,Walmart
0,0,0,0,0,0,Walmart
0,0,0,0,0,0,Walmart
1,1,0,0,232,210,Walmart
0,0,5,0,27178,27178,Walmart
3,2,0,0,3932,2735,Walmart
0,1,0,0,193,8,Walmart
1,0,0,0,28,6,Walmart
1,0,0,0,42,6,Walmart
0,0,0,0,0,0,Walmart
0,0,0,0,0,0,Walmart
0,0,0,0,0,0,Walmart
0,1,2,0,4229,4229,Walmart
0,0,4,0,16599,16599,Walmart
1,0,0,0,79,6,Walmart
0,0,0,0,0,0,Walmart
1,0,0,0,61,6,Walmart
0,0,0,0,0,0,Walmart
0,0,0,0,0,0,Walmart
1,0,0,0,65,6,Walmart
1,1,0,0,238,211,Walmart
1,3,0,0,589,294,Walmart
1,2,0,0,631,565,Youtube
1,2,1,0,808,623,Youtube
0,0,0,0,0,0,Youtube
1,0,0,0,42,6,Youtube
0,0,0,0,0,0,Youtube
0,0,0,0,0,0,Youtube
0,0,0,0,0,0,Youtube
1,0,0,0,87,6,Youtube
1,0,0,0,87,6,Youtube
0,0,0,0,0,0,Youtube
0,1,0,0,161,161,Youtube
0,0,0,0,0,0,Youtube
0,0,0,0,0,0,Youtube
0,0,0,0,0,0,Youtube
0,0,0,0,0,0,Youtube
2,1,3,0,17010,15933,Youtube
1,4,0,0,1097,584,Youtube
0,0,0,0,0,0,Youtube
0,0,0,0,0,0,Youtube
0,0,0,0,0,0,Youtube
0,0,0,0,0,0,Youtube
2,1,1,0,5975,5102,Youtube
0,0,4,0,4133,4133,Youtube
2,3,3,0,7008,6739,Youtube
3,2,1,0,1901,1783,Youtube
0,0,0,0,0,0,Youtube
1,0,0,0,133,6,Youtube
0,0,0,0,0,0,Youtube
0,0,3,0,2472,2472,Youtube
1,1,3,0,3042,3024,Youtube
0,0,0,0,0,0,Youtube
0,0,0,0,0,0,Youtube
0,0,0,0,0,0,Youtube
0,0,0,0,0,0,Youtube
0,0,0,0,0,0,Youtube
0,0,0,0,0,0,Youtube
0,0,0,0,0,0,Youtube
0,0,0,0,0,0,Youtube
6,5,0,0,1930,1468,Youtube
1,2,0,0,387,98,Youtube
1,4,0,0,1175,887,Youtube
3,0,4,0,2101,2055,Youtube
0,1,3,0,1177,1177,Youtube
13,4,1,0,524,423,Youtube
0,0,0,0,0,0,Youtube
1,0,0,0,15,6,Youtube
0,1,0,0,161,161,Youtube
3,3,0,0,958,717,Youtube
0,0,0,0,0,0,Youtube
0,0,0,0,0,0,Youtube
0,0,0,0,0,0,Youtube
0,0,0,0,0,0,Youtube
0,0,0,0,0,0,Youtube
0,0,0,0,0,0,Youtube
0,0,0,0,0,0,Youtube
0,0,0,0,0,0,Youtube
0,0,0,0,0,0,Youtube
0,0,0,0,0,0,Youtube
0,0,0,0,0,0,Youtube
0,0,0,0,0,0,Youtube
1,0,0,0,41,6,Youtube
2,2,1,0,3286,2922,Youtube
2,2,0,0,264,203,Youtube
0,1,0,0,97,8,Youtube
1,0,0,0,75,6,Youtube
0,0,0,0,0,0,Youtube
0,0,0,0,0,0,Youtube
1,0,0,0,233,6,Youtube
2,0,0,0,274,10,Youtube
1,4,0,0,1133,315,Youtube
0,1,0,0,285,8,Youtube
2,5,0,0,2372,1555,Youtube
2,4,0,0,3274,2922,Youtube
2,1,0,0,119,98,Youtube
0,0,0,0,0,0,Youtube
0,1,0,0,233,82,Youtube
1,0,0,0,69,6,Youtube
0,0,0,0,0,0,Youtube
0,1,0,0,18,18,Youtube
0,0,1,0,39,39,Youtube
0,0,0,0,0,0,Youtube
0,0,0,0,0,0,Youtube
0,0,0,0,0,0,Youtube
0,0,0,0,0,0,Youtube
0,0,0,0,0,0,Youtube
0,0,0,0,0,0,Youtube
0,0,0,0,0,0,Youtube
0,0,0,0,0,0,Youtube
0,0,0,0,0,0,Youtube
0,0,0,0,0,0,Youtube
1,0,0,0,125,6,Youtube
0,0,0,0,0,0,Youtube
0,0,0,0,0,0,Youtube
0,0,0,0,0,0,Youtube
0,0,0,0,0,0,Youtube
0,0,0,0,0,0,Youtube
2,4,2,0,3196,3004,Youtube
2,2,1,0,1772,1352,Youtube
0,0,0,0,0,0,Youtube
0,0,0,0,0,0,Youtube
0,0,0,0,0,0,Youtube
0,0,0,0,0,0,Youtube
0,0,0,0,0,0,Youtube
0,0,0,0,0,0,Youtube
0,0,0,0,0,0,Youtube
13,1,0,0,1446,62,Youtube
0,2,0,0,410,99,Youtube
1,0,0,0,157,6,Youtube
0,0,0,0,0,0,Youtube
0,0,5,0,5433,5433,Youtube
1,2,0,0,451,241,Youtube
0,0,0,0,0,0,Youtube
1,0,0,0,61,6,Youtube
0,0,0,0,0,0,Youtube
0,0,0,0,0,0,Youtube
0,0,0,0,0,0,Youtube
0,0,0,0,0,0,Youtube
0,0,0,0,0,0,Youtube
1,0,0,0,18,6,Youtube
1,0,0,0,26,6,Youtube
0,0,0,0,0,0,Youtube
0,0,0,0,0,0,Youtube
0,0,0,0,0,0,Youtube
0,0,0,0,0,0,Youtube
1,1,0,0,52,52,Youtube
1,2,1,0,3018,2889,Youtube
3,2,0,0,2079,1591,Youtube
0,3,0,0,403,298,Youtube
1,1,0,0,198,165,Youtube
1,0,0,0,47,6,Youtube
0,0,0,0,0,0,Youtube
0,1,0,0,306,306,Youtube
3,3,2,0,11900,9978,Youtube
0,2,0,0,450,103,Youtube
0,1,4,0,4479,4479,Youtube
2,1,2,0,14901,14393,Youtube
0,2,0,0,330,16,Youtube
1,0,0,0,61,6,Youtube
0,0,0,0,0,0,Youtube
0,0,0,0,0,0,Youtube
0,0,0,0,0,0,Youtube
0,0,0,0,0,0,Youtube
0,0,0,0,0,0,Youtube
0,0,0,0,0,0,Youtube
0,0,0,0,0,0,Youtube
0,0,0,0,0,0,Youtube
0,0,0,0,0,0,Youtube
0,0,0,0,0,0,Youtube
3,1,0,0,336,22,Youtube
1,0,0,0,177,4,Youtube
1,0,0,0,75,6,Youtube
0,0,0,0,0,0,Youtube
0,0,0,0,0,0,Youtube
0,0,5,0,3609,3609,Youtube
2,2,1,0,11192,10223,Youtube
0,5,0,0,857,383,Youtube
4,1,3,0,4570,4344,Youtube
1,2,0,0,185,163,Youtube
2,6,1,0,4492,3919,Youtube
0,0,0,0,0,0,Youtube
3,3,2,0,6432,6276,Youtube
0,1,0,0,177,8,Youtube
1,0,0,0,61,6,Youtube
2,1,0,0,307,224,Youtube
0,0,0,0,0,0,Youtube
0,0,0,0,0,0,Youtube
0,0,0,0,0,0,Youtube
0,0,0,0,0,0,Youtube
0,0,0,0,0,0,Youtube
2,2,0,0,234,101,Youtube
0,1,0,0,59,48,Youtube
3,5,0,0,3304,3118,Youtube
8,2,0,0,634,173,Youtube
1,4,2,0,761,761,Youtube
0,2,2,0,2747,2747,Youtube
0,1,3,0,1696,1696,Youtube
0,0,5,0,3846,3846,Youtube
1,1,3,0,3720,3706,Youtube
4,2,2,0,3053,2980,Youtube
0,0,0,0,0,0,Youtube
0,0,0,0,0,0,Youtube
0,0,0,0,0,0,Youtube
0,0,0,0,0,0,Youtube
0,0,0,0,0,0,Youtube
0,0,0,0,0,0,Youtube
0,0,0,0,0,0,Youtube
0,0,0,0,0,0,Youtube
2,1,2,0,3407,3246,Youtube
0,0,5,0,2050,2050,Youtube
0,2,0,0,330,99,Youtube
1,0,0,0,55,6,Youtube
2,2,0,0,624,576,Youtube
0,0,0,0,0,0,Youtube
0,0,0,0,0,0,Youtube
0,0,0,0,0,0,Youtube
0,0,0,0,0,0,Youtube
0,3,0,0,483,193,Youtube
0,0,0,0,0,0,Youtube
0,0,0,0,0,0,Youtube
1,4,0,0,761,205,Youtube
1,0,0,0,141,6,Youtube
1,1,0,0,210,48,Youtube
0,0,0,0,0,0,Youtube
3,1,0,0,82,20,Youtube
9,5,0,0,1306,783,Youtube
0,0,0,0,0,0,Youtube
1,0,0,0,77,6,Youtube
0,0,0,0,0,0,Youtube
1,2,3,0,4254,4254,Youtube
11,5,0,0,841,261,Youtube
0,0,0,0,0,0,Youtube
0,0,0,0,0,0,Youtube
0,0,0,0,0,0,Youtube
0,0,0,0,0,0,Youtube
0,0,0,0,0,0,Youtube
0,0,0,0,0,0,Youtube
0,0,0,0,0,0,Youtube
5,0,4,0,13464,12284,Youtube
1,2,1,0,337,305,Youtube
0,1,0,0,18,8,Youtube
0,0,0,0,0,0,Youtube
0,0,0,0,0,0,Youtube
0,0,0,0,0,0,Youtube
0,0,0,0,0,0,Youtube
0,0,0,0,0,0,Youtube
0,0,0,0,0,0,Youtube
0,0,0,0,0,0,Youtube
0,0,0,0,0,0,Youtube
0,0,0,0,0,0,Youtube
0,0,0,0,0,0,Youtube
0,0,0,0,0,0,Youtube
0,0,0,0,0,0,Youtube
0,0,0,0,0,0,Youtube
0,0,0,0,0,0,Youtube
0,0,0,0,0,0,Youtube
1,2,3,0,9840,9596,Youtube
1,1,3,0,4552,4409,Youtube
2,1,1,0,1314,1207,Youtube
2,2,1,0,1052,645,Youtube
0,0,0,0,0,0,Youtube
1,3,0,0,390,301,Youtube
3,3,1,0,2274,1892,Youtube
0,0,0,0,0,0,Youtube
0,0,0,0,0,0,Youtube
0,0,0,0,0,0,Youtube
0,0,0,0,0,0,Youtube
0,0,5,0,4838,4838,Youtube
0,0,0,0,0,0,Youtube
0,0,0,0,0,0,Youtube
0,0,0,0,0,0,Youtube
3,3,0,0,434,79,Youtube
1,3,0,0,398,116,Youtube
1,3,1,0,783,677,Youtube
1,1,3,0,8258,8025,Youtube
0,0,0,0,0,0,Youtube
0,0,0,0,0,0,Youtube
0,0,0,0,0,0,Youtube
0,0,0,0,0,0,Youtube
0,0,0,0,0,0,Youtube
0,0,0,0,0,0,Youtube
0,0,0,0,0,0,Youtube
0,0,0,0,0,0,Youtube
0,0,0,0,0,0,Youtube
0,0,0,0,0,0,Youtube
0,0,0,0,0,0,Youtube
0,0,0,0,0,0,Youtube
0,0,0,0,0,0,Youtube
0,0,0,0,0,0,Youtube
0,0,0,0,0,0,Youtube
0,0,5,0,8888,8888,Youtube
3,1,3,0,5470,5244,Youtube
0,0,0,0,0,0,Youtube
1,0,0,0,57,6,Youtube
0,0,0,0,0,0,Youtube
0,0,0,0,0,0,Youtube
1,0,0,0,439,364,Youtube
0,2,0,0,302,99,Youtube
0,2,0,0,330,326,Youtube
0,0,0,0,0,0,Youtube
0,0,0,0,0,0,Youtube
0,0,0,0,0,0,Youtube
0,0,0,0,0,0,Youtube
0,0,0,0,0,0,Youtube
0,1,4,0,5315,5315,Youtube
0,0,0,0,0,0,Youtube
0,0,0,0,0,0,Youtube
1,0,0,0,85,6,Youtube
0,0,0,0,0,0,Youtube
0,0,0,0,0,0,Youtube
0,0,0,0,0,0,Youtube
0,0,0,0,0,0,Youtube
0,0,0,0,0,0,Youtube
0,0,0,0,0,0,Youtube
0,0,0,0,0,0,Youtube
0,0,0,0,0,0,Youtube
1,1,0,0,145,51,Youtube
1,0,0,0,233,6,Youtube
0,0,0,0,0,0,Youtube
0,0,0,0,0,0,Youtube
1,3,0,0,857,580,Youtube
0,0,0,0,0,0,Youtube
1,0,0,0,59,6,Youtube
0,0,0,0,0,0,Youtube
0,0,0,0,0,0,Youtube
0,0,0,0,0,0,Youtube
0,0,0,0,0,0,Youtube
0,1,0,0,22,22,Youtube
0,0,0,0,0,0,Youtube
3,4,1,0,11301,9422,Youtube
0,0,0,0,0,0,Youtube
0,0,0,0,0,0,Youtube
0,0,0,0,0,0,Youtube
0,0,0,0,0,0,Youtube
0,0,0,0,0,0,Youtube
0,0,0,0,0,0,Youtube
0,0,0,0,0,0,Youtube
0,0,0,0,0,0,Youtube
