log_msg_len,type_id,timestamp,Version,Serving Cell ID,Starting Subframe Number,Starting System Frame Number,UE Category,Num DL HARQ,TM Mode,C_RNTI,Carrier Index,Number of Records,Records,Subframe Offset,HARQ ID,RNTI Type,Codeword Swap,Number of Transport Blks,Streams,Transport Block CRC,NDI,Retransmission Number,RVID,Code Block Size Plus,Num Code Block Plus Data,Num Code Block Plus,Max Half Iter Data,Num Channel Bits,CW Idx,Llr Buf Valid,First Decoded CB Index,First Decoded CB Index Qed Iter2 Data,Last Decoded CB Index Qed Iter2 Data,Companding Format,Effective Code Rate Data,Effective Code Rate,HARQ Combine Enable,Subframe Offset,HARQ ID,RNTI Type,Codeword Swap,Number of Transport Blks,Streams,Transport Block CRC,NDI,Retransmission Number,RVID,Code Block Size Plus,Num Code Block Plus Data,Num Code Block Plus,Max Half Iter Data,Num Channel Bits,CW Idx,Llr Buf Valid,First Decoded CB Index,First Decoded CB Index Qed Iter2 Data,Last Decoded CB Index Qed Iter2 Data,Companding Format,Effective Code Rate Data,Effective Code Rate,HARQ Combine Enable,Transport Block CRC,NDI,Retransmission Number,RVID,Code Block Size Plus,Num Code Block Plus Data,Num Code Block Plus,Max Half Iter Data,Num Channel Bits,CW Idx,Llr Buf Valid,First Decoded CB Index,First Decoded CB Index Qed Iter2 Data,Last Decoded CB Index Qed Iter2 Data,Companding Format,Effective Code Rate Data,Effective Code Rate,HARQ Combine Enable,Subframe Offset,HARQ ID,RNTI Type,Codeword Swap,Number of Transport Blks,Streams,Transport Block CRC,NDI,Retransmission Number,RVID,Code Block Size Plus,Num Code Block Plus Data,Num Code Block Plus,Max Half Iter Data,Num Channel Bits,CW Idx,Llr Buf Valid,First Decoded CB Index,First Decoded CB Index Qed Iter2 Data,Last Decoded CB Index Qed Iter2 Data,Companding Format,Effective Code Rate Data,Effective Code Rate,HARQ Combine Enable,Transport Block CRC,NDI,Retransmission Number,RVID,Code Block Size Plus,Num Code Block Plus Data,Num Code Block Plus,Max Half Iter Data,Num Channel Bits,CW Idx,Llr Buf Valid,First Decoded CB Index,First Decoded CB Index Qed Iter2 Data,Last Decoded CB Index Qed Iter2 Data,Companding Format,Effective Code Rate Data,Effective Code Rate,HARQ Combine Enable,Subframe Offset,HARQ ID,RNTI Type,Codeword Swap,Number of Transport Blks,Streams,Transport Block CRC,NDI,Retransmission Number,RVID,Code Block Size Plus,Num Code Block Plus Data,Num Code Block Plus,Max Half Iter Data,Num Channel Bits,CW Idx,Llr Buf Valid,First Decoded CB Index,First Decoded CB Index Qed Iter2 Data,Last Decoded CB Index Qed Iter2 Data,Companding Format,Effective Code Rate Data,Effective Code Rate,HARQ Combine Enable,Transport Block CRC,NDI,Retransmission Number,RVID,Code Block Size Plus,Num Code Block Plus Data,Num Code Block Plus,Max Half Iter Data,Num Channel Bits,CW Idx,Llr Buf Valid,First Decoded CB Index,First Decoded CB Index Qed Iter2 Data,Last Decoded CB Index Qed Iter2 Data,Companding Format,Effective Code Rate Data,Effective Code Rate,HARQ Combine Enable,Subframe Offset,HARQ ID,RNTI Type,Codeword Swap,Number of Transport Blks,Streams,Transport Block CRC,NDI,Retransmission Number,RVID,Code Block Size Plus,Num Code Block Plus Data,Num Code Block Plus,Max Half Iter Data,Num Channel Bits,CW Idx,Llr Buf Valid,First Decoded CB Index,First Decoded CB Index Qed Iter2 Data,Last Decoded CB Index Qed Iter2 Data,Companding Format,Effective Code Rate Data,Effective Code Rate,HARQ Combine Enable,Transport Block CRC,NDI,Retransmission Number,RVID,Code Block Size Plus,Num Code Block Plus Data,Num Code Block Plus,Max Half Iter Data,Num Channel Bits,CW Idx,Llr Buf Valid,First Decoded CB Index,First Decoded CB Index Qed Iter2 Data,Last Decoded CB Index Qed Iter2 Data,Companding Format,Effective Code Rate Data,Effective Code Rate,HARQ Combine Enable,Subframe Offset,HARQ ID,RNTI Type,Codeword Swap,Number of Transport Blks,Streams,Transport Block CRC,NDI,Retransmission Number,RVID,Code Block Size Plus,Num Code Block Plus Data,Num Code Block Plus,Max Half Iter Data,Num Channel Bits,CW Idx,Llr Buf Valid,First Decoded CB Index,First Decoded CB Index Qed Iter2 Data,Last Decoded CB Index Qed Iter2 Data,Companding Format,Effective Code Rate Data,Effective Code Rate,HARQ Combine Enable,Transport Block CRC,NDI,Retransmission Number,RVID,Code Block Size Plus,Num Code Block Plus Data,Num Code Block Plus,Max Half Iter Data,Num Channel Bits,CW Idx,Llr Buf Valid,First Decoded CB Index,First Decoded CB Index Qed Iter2 Data,Last Decoded CB Index Qed Iter2 Data,Companding Format,Effective Code Rate Data,Effective Code Rate,HARQ Combine Enable,Subframe Offset,HARQ ID,RNTI Type,Codeword Swap,Number of Transport Blks,Streams,Transport Block CRC,NDI,Retransmission Number,RVID,Code Block Size Plus,Num Code Block Plus Data,Num Code Block Plus,Max Half Iter Data,Num Channel Bits,CW Idx,Llr Buf Valid,First Decoded CB Index,First Decoded CB Index Qed Iter2 Data,Last Decoded CB Index Qed Iter2 Data,Companding Format,Effective Code Rate Data,Effective Code Rate,HARQ Combine Enable,Subframe Offset,HARQ ID,RNTI Type,Codeword Swap,Number of Transport Blks,Streams,Transport Block CRC,NDI,Retransmission Number,RVID,Code Block Size Plus,Num Code Block Plus Data,Num Code Block Plus,Max Half Iter Data,Num Channel Bits,CW Idx,Llr Buf Valid,First Decoded CB Index,First Decoded CB Index Qed Iter2 Data,Last Decoded CB Index Qed Iter2 Data,Companding Format,Effective Code Rate Data,Effective Code Rate,HARQ Combine Enable,Transport Block CRC,NDI,Retransmission Number,RVID,Code Block Size Plus,Num Code Block Plus Data,Num Code Block Plus,Max Half Iter Data,Num Channel Bits,CW Idx,Llr Buf Valid,First Decoded CB Index,First Decoded CB Index Qed Iter2 Data,Last Decoded CB Index Qed Iter2 Data,Companding Format,Effective Code Rate Data,Effective Code Rate,HARQ Combine Enable
3932,LTE_PHY_PDSCH_Decoding_Result,2021-11-29 18:42:28.866344,126,349,4,354,0,8,4,7382,PCC,8,,0,1,C-RNTI,0,1,,Pass,1,First,0,704,0,1,8,2176,0,1,0,16,16,6 bit LLR,331,0.323,0,1,7,C-RNTI,0,2,,Pass,0,First,0,2752,0,1,8,5568,0,1,0,16,16,6 bit LLR,506,0.494,0,Pass,0,First,0,4416,0,1,8,8352,1,1,0,16,16,6 bit LLR,541,0.528,0,3,2,C-RNTI,0,2,,Pass,1,First,0,2432,0,1,8,5568,0,1,0,16,16,6 bit LLR,447,0.437,0,Pass,0,First,0,3648,0,1,8,5568,1,1,0,16,16,6 bit LLR,670,0.654,0,4,3,C-RNTI,0,2,,Pass,1,First,0,2048,0,1,8,4096,0,1,0,16,16,6 bit LLR,512,0.500,0,Pass,0,First,0,2496,0,1,8,4096,1,1,0,16,16,6 bit LLR,624,0.609,0,6,4,C-RNTI,0,2,,Pass,1,First,0,3520,1,2,8,12288,0,1,0,16,16,6 bit LLR,586,0.572,0,Pass,1,First,0,3648,1,2,8,12288,1,1,0,16,16,6 bit LLR,608,0.594,0,8,6,C-RNTI,0,2,,Pass,1,First,0,2304,0,1,8,4096,0,1,0,16,16,6 bit LLR,576,0.562,0,Pass,1,First,0,2624,0,1,8,6144,1,1,0,16,16,6 bit LLR,437,0.427,0,38,5,C-RNTI,0,1,,Pass,1,First,0,200,0,1,8,928,0,1,0,16,16,6 bit LLR,220,0.215,0,40,0,C-RNTI,0,2,,Pass,0,First,0,4352,2,3,8,30720,0,1,0,16,16,6 bit LLR,435,0.425,0,Pass,1,First,0,5760,1,2,8,20480,1,1,0,16,16,6 bit LLR,576,0.562,0
1720,LTE_PHY_PDSCH_Decoding_Result,2021-11-29 18:42:29.066773,126,349,6,358,0,8,4,7382,PCC,5,,0,1,C-RNTI,0,2,,Pass,0,First,0,1248,0,1,8,2048,0,1,0,16,16,6 bit LLR,624,0.609,0,Pass,0,First,0,1248,0,1,8,2048,1,1,0,16,16,6 bit LLR,624,0.609,0,7,7,C-RNTI,0,1,,Pass,1,First,0,704,0,1,8,2048,0,1,0,16,16,6 bit LLR,352,0.344,0,46,2,C-RNTI,0,1,,Pass,0,First,0,200,0,1,8,928,0,1,0,16,16,6 bit LLR,220,0.215,0,55,3,C-RNTI,0,1,,Pass,0,First,0,704,0,1,8,1856,0,1,0,16,16,6 bit LLR,388,0.379,0,96,4,C-RNTI,0,1,,Pass,0,First,0,200,0,1,8,928,0,1,0,16,16,6 bit LLR,220,0.215,0,,,,,,,,,,,,,,,,,,,,,,,,,,,,,,,,,,,,,,,,,,,,,,,,,,,,,,,,,,,,,,,,,,,,,,,,,,,,,,,,,,,,,,,,,,,,,,,,,,,,,,,,,,,,,,,,,,,,,,,,,,,,,,,,,,,,,,,,,,,,,,,,,,,,,,,,,,,,,,,,,,
1140,LTE_PHY_PDSCH_Decoding_Result,2021-11-29 18:42:29.066773,126,202,4,358,0,8,4,7382,SCC,2,,0,4,C-RNTI,0,2,,Fail,0,First,0,4544,2,3,8,24576,0,1,0,16,16,6 bit LLR,568,0.555,2,Fail,0,First,0,5568,1,2,8,24576,1,1,0,16,16,6 bit LLR,464,0.453,2,8,4,C-RNTI,0,2,,Pass,0,Second,2,4544,2,3,8,24576,0,1,0,16,16,6 bit LLR,568,0.555,3,Pass,0,Second,2,5568,1,2,8,24576,1,1,0,16,16,6 bit LLR,464,0.453,3,,,,,,,,,,,,,,,,,,,,,,,,,,,,,,,,,,,,,,,,,,,,,,,,,,,,,,,,,,,,,,,,,,,,,,,,,,,,,,,,,,,,,,,,,,,,,,,,,,,,,,,,,,,,,,,,,,,,,,,,,,,,,,,,,,,,,,,,,,,,,,,,,,,,,,,,,,,,,,,,,,,,,,,,,,,,,,,,,,,,,,,,,,,,,,,,,,,,,,,,,,,,,,,,,,,,,,,,
3920,LTE_PHY_PDSCH_Decoding_Result,2021-11-29 18:43:13.536286,126,349,8,728,0,8,4,7382,PCC,7,,0,6,C-RNTI,0,2,,Pass,1,First,0,4160,1,2,8,16384,0,1,0,16,16,6 bit LLR,520,0.508,0,Pass,1,First,0,5184,1,2,8,24576,1,1,0,16,16,6 bit LLR,432,0.422,0,1,1,C-RNTI,0,2,,Pass,1,First,0,4928,2,3,8,24576,0,1,0,16,16,6 bit LLR,616,0.602,0,Pass,0,First,0,5888,2,3,8,36864,1,1,0,16,16,6 bit LLR,490,0.479,0,2,0,C-RNTI,0,2,,Pass,0,First,0,5760,1,2,8,20160,0,1,0,16,16,6 bit LLR,585,0.571,0,Pass,0,First,0,4224,2,3,8,20160,1,1,0,16,16,6 bit LLR,643,0.628,0,3,3,C-RNTI,0,2,,Pass,0,First,0,4928,2,3,8,26624,0,1,0,16,16,6 bit LLR,568,0.555,0,Pass,1,First,0,5696,2,3,8,39936,1,1,0,16,16,6 bit LLR,438,0.428,0,4,4,C-RNTI,0,2,,Pass,0,First,0,6144,1,2,8,20480,0,1,0,16,16,6 bit LLR,614,0.600,0,Pass,1,First,0,4352,2,3,8,30720,1,1,0,16,16,6 bit LLR,435,0.425,0,5,5,C-RNTI,0,2,,Pass,0,First,0,4928,2,3,8,26624,0,1,0,16,16,6 bit LLR,568,0.555,0,Pass,1,First,0,5696,2,3,8,39936,1,1,0,16,16,6 bit LLR,438,0.428,0,6,2,C-RNTI,0,2,,Pass,0,First,0,4544,2,3,8,22528,0,1,0,16,16,6 bit LLR,619,0.604,0,Pass,1,First,0,5312,2,3,8,33792,1,1,0,16,16,6 bit LLR,482,0.471,0,,,,,,
3920,LTE_PHY_PDSCH_Decoding_Result,2021-11-29 18:43:13.543097,126,349,5,729,0,8,4,7382,PCC,7,,0,7,C-RNTI,0,2,,Pass,1,First,0,4224,2,3,8,22048,0,1,0,16,16,6 bit LLR,588,0.574,0,Pass,1,First,0,4736,2,3,8,33072,1,1,0,16,16,6 bit LLR,439,0.429,0,1,6,C-RNTI,0,2,,Pass,0,First,0,4736,2,3,8,33792,0,1,0,16,16,6 bit LLR,430,0.420,0,Pass,0,First,0,4736,2,3,8,33792,1,1,0,16,16,6 bit LLR,430,0.420,0,2,1,C-RNTI,0,2,,Pass,0,First,0,4608,1,2,8,14848,0,1,0,16,16,6 bit LLR,635,0.620,0,Pass,1,First,0,5184,1,2,8,22272,1,1,0,16,16,6 bit LLR,476,0.465,0,3,0,C-RNTI,0,2,,Pass,1,First,0,4928,2,3,8,24576,0,1,0,16,16,6 bit LLR,616,0.602,0,Pass,1,First,0,5312,2,3,8,36864,1,1,0,16,16,6 bit LLR,442,0.432,0,4,3,C-RNTI,0,2,,Pass,1,First,0,4544,2,3,8,22528,0,1,0,16,16,6 bit LLR,619,0.604,0,Pass,0,First,0,5312,2,3,8,33792,1,1,0,16,16,6 bit LLR,482,0.471,0,5,4,C-RNTI,0,2,,Pass,1,First,0,5312,2,3,8,25344,0,1,0,16,16,6 bit LLR,643,0.628,0,Pass,0,First,0,5696,2,3,8,38016,1,1,0,16,16,6 bit LLR,460,0.449,0,6,5,C-RNTI,0,2,,Pass,1,First,0,5312,2,3,8,26624,0,1,0,16,16,6 bit LLR,612,0.598,0,Pass,0,First,0,5696,2,3,8,39936,1,1,0,16,16,6 bit LLR,438,0.428,0,,,,,,
3920,LTE_PHY_PDSCH_Decoding_Result,2021-11-29 18:43:13.550213,126,349,2,730,0,8,4,7382,PCC,7,,0,2,C-RNTI,0,2,,Pass,1,First,0,4736,2,3,8,33792,0,1,0,16,16,6 bit LLR,430,0.420,0,Pass,0,First,0,4736,2,3,8,33792,1,1,0,16,16,6 bit LLR,430,0.420,0,1,7,C-RNTI,0,2,,Pass,0,First,0,5568,1,2,8,18432,0,1,0,16,16,6 bit LLR,618,0.604,0,Pass,0,First,0,4352,2,3,8,27648,1,1,0,16,16,6 bit LLR,483,0.472,0,2,6,C-RNTI,0,2,,Fail,1,First,0,4352,2,3,8,27840,0,1,0,16,16,6 bit LLR,480,0.469,0,Pass,1,First,0,4352,2,3,8,27840,1,1,0,16,16,6 bit LLR,480,0.469,0,3,1,C-RNTI,0,2,,Pass,1,First,0,3648,1,2,8,12192,0,1,0,16,16,6 bit LLR,612,0.598,0,Pass,0,First,0,4800,1,2,8,18288,1,1,0,16,16,6 bit LLR,537,0.524,0,4,0,C-RNTI,0,2,,Pass,0,First,0,4416,1,2,8,18432,0,1,0,16,16,6 bit LLR,490,0.479,0,Pass,0,First,0,5184,1,2,8,18432,1,1,0,16,16,6 bit LLR,576,0.562,0,5,3,C-RNTI,0,2,,Fail,0,First,0,4352,2,3,8,30720,0,1,0,16,16,6 bit LLR,435,0.425,0,Fail,1,First,0,5312,2,3,8,30720,1,1,0,16,16,6 bit LLR,531,0.519,0,6,4,C-RNTI,0,2,,Pass,0,First,0,4736,2,3,8,33792,0,1,0,16,16,6 bit LLR,430,0.420,0,Pass,1,First,0,5312,2,3,8,33792,1,1,0,16,16,6 bit LLR,482,0.471,0,,,,,,
3920,LTE_PHY_PDSCH_Decoding_Result,2021-11-29 18:43:13.557042,126,349,9,730,0,8,4,7382,PCC,7,,0,5,C-RNTI,0,2,,Pass,0,First,0,4928,2,3,8,30720,0,1,0,16,16,6 bit LLR,492,0.480,0,Pass,1,First,0,4928,2,3,8,30720,1,1,0,16,16,6 bit LLR,492,0.480,0,1,2,C-RNTI,0,2,,Pass,0,First,0,5312,2,3,8,36480,0,1,0,16,16,6 bit LLR,447,0.437,0,Pass,1,First,0,5312,2,3,8,36480,1,1,0,16,16,6 bit LLR,447,0.437,0,2,7,C-RNTI,0,2,,Pass,1,First,0,4736,2,3,8,33792,0,1,0,16,16,6 bit LLR,430,0.420,0,Pass,1,First,0,5312,2,3,8,33792,1,1,0,16,16,6 bit LLR,482,0.471,0,3,6,C-RNTI,0,2,,Pass,1,Second,2,4352,2,3,8,30720,0,1,1,16,16,6 bit LLR,435,0.425,1,Pass,0,First,0,6144,1,2,8,20480,1,1,0,16,16,6 bit LLR,614,0.600,0,4,1,C-RNTI,0,2,,Pass,0,First,0,4928,2,3,8,24576,0,1,0,16,16,6 bit LLR,616,0.602,0,Pass,1,First,0,5888,2,3,8,36864,1,1,0,16,16,6 bit LLR,490,0.479,0,5,0,C-RNTI,0,2,,Pass,1,First,0,4352,2,3,8,30720,0,1,0,16,16,6 bit LLR,435,0.425,0,Pass,1,First,0,5312,2,3,8,30720,1,1,0,16,16,6 bit LLR,531,0.519,0,6,3,C-RNTI,0,2,,Pass,0,Second,2,4352,2,3,8,30000,0,1,0,16,16,6 bit LLR,445,0.435,1,Pass,1,Second,2,5312,2,3,8,30000,1,1,0,16,16,6 bit LLR,543,0.530,1,,,,,,
3920,LTE_PHY_PDSCH_Decoding_Result,2021-11-29 18:43:13.564160,126,349,6,731,0,8,4,7382,PCC,7,,0,4,C-RNTI,0,2,,Pass,1,First,0,4736,2,3,8,33792,0,1,0,16,16,6 bit LLR,430,0.420,0,Pass,0,First,0,5312,2,3,8,33792,1,1,0,16,16,6 bit LLR,482,0.471,0,1,5,C-RNTI,0,2,,Pass,1,First,0,4928,2,3,8,24576,0,1,0,16,16,6 bit LLR,616,0.602,0,Pass,0,First,0,5312,2,3,8,36864,1,1,0,16,16,6 bit LLR,442,0.432,0,2,2,C-RNTI,0,2,,Pass,1,First,0,6144,2,3,8,29696,0,1,0,16,16,6 bit LLR,635,0.620,0,Pass,0,First,0,4992,3,4,8,29696,1,1,0,16,16,6 bit LLR,688,0.672,0,3,7,C-RNTI,0,2,,Pass,0,First,0,5760,1,2,8,20416,0,1,0,16,16,6 bit LLR,577,0.563,0,Pass,0,First,0,5760,1,2,8,20416,1,1,0,16,16,6 bit LLR,577,0.563,0,4,6,C-RNTI,0,2,,Pass,0,First,0,5568,1,2,8,21760,0,1,0,16,16,6 bit LLR,524,0.512,0,Pass,1,First,0,4544,2,3,8,21760,1,1,0,16,16,6 bit LLR,641,0.626,0,5,1,C-RNTI,0,2,,Pass,1,First,0,5696,4,5,8,47104,0,1,0,16,16,6 bit LLR,619,0.604,0,Pass,0,First,0,5696,4,5,8,47104,1,1,0,16,16,6 bit LLR,619,0.604,0,6,0,C-RNTI,0,2,,Pass,0,First,0,5312,4,5,8,47104,0,1,0,16,16,6 bit LLR,577,0.563,0,Pass,0,First,0,5696,4,5,8,47104,1,1,0,16,16,6 bit LLR,619,0.604,0,,,,,,
3920,LTE_PHY_PDSCH_Decoding_Result,2021-11-29 18:43:13.571280,126,349,3,732,0,8,4,7382,PCC,7,,0,3,C-RNTI,0,2,,Pass,1,First,0,5696,4,5,8,47104,0,1,0,16,16,6 bit LLR,619,0.604,0,Pass,0,First,0,6144,4,5,8,70656,1,1,0,16,16,6 bit LLR,445,0.435,0,1,4,C-RNTI,0,2,,Pass,0,First,0,6144,2,3,8,30720,0,1,0,16,16,6 bit LLR,614,0.600,0,Pass,1,First,0,4992,3,4,8,46080,1,1,0,16,16,6 bit LLR,443,0.433,0,2,5,C-RNTI,0,2,,Pass,0,First,0,4224,2,3,8,20224,0,1,0,16,16,6 bit LLR,641,0.626,0,Pass,1,First,0,4736,2,3,8,30336,1,1,0,16,16,6 bit LLR,479,0.468,0,3,2,C-RNTI,0,2,,Pass,0,First,0,5696,2,3,8,30720,0,1,0,16,16,6 bit LLR,569,0.556,0,Pass,1,First,0,5376,3,4,8,46080,1,1,0,16,16,6 bit LLR,477,0.466,0,4,7,C-RNTI,0,2,,Pass,1,First,0,4928,4,5,8,40960,0,1,0,16,16,6 bit LLR,616,0.602,0,Pass,1,First,0,5312,4,5,8,61440,1,1,0,16,16,6 bit LLR,442,0.432,0,5,6,C-RNTI,0,2,,Pass,1,First,0,4928,4,5,8,40960,0,1,0,16,16,6 bit LLR,616,0.602,0,Fail,0,First,0,5888,4,5,8,61440,1,1,0,16,16,6 bit LLR,490,0.479,0,6,1,C-RNTI,0,2,,Pass,0,First,0,5952,3,4,8,38912,0,1,0,16,16,6 bit LLR,626,0.611,0,Pass,1,First,0,4928,4,5,8,58368,1,1,0,16,16,6 bit LLR,432,0.422,0,,,,,,
3920,LTE_PHY_PDSCH_Decoding_Result,2021-11-29 18:43:13.578020,126,349,0,733,0,8,4,7382,PCC,7,,0,0,C-RNTI,0,2,,Pass,1,First,0,5504,4,5,8,44544,0,1,0,16,16,6 bit LLR,632,0.617,0,Pass,1,First,0,5696,4,5,8,66816,1,1,0,16,16,6 bit LLR,436,0.426,0,1,3,C-RNTI,0,2,,Pass,0,First,0,5504,4,5,8,45056,0,1,0,16,16,6 bit LLR,625,0.610,0,Pass,1,First,0,5312,5,6,8,67584,1,1,0,16,16,6 bit LLR,482,0.471,0,2,4,C-RNTI,0,2,,Pass,1,First,0,4992,3,4,8,46080,0,1,0,16,16,6 bit LLR,443,0.433,0,Pass,0,First,0,4992,3,4,8,46080,1,1,0,16,16,6 bit LLR,443,0.433,0,3,5,C-RNTI,0,2,,Pass,1,First,0,5696,2,3,8,39936,0,1,0,16,16,6 bit LLR,438,0.428,0,Pass,0,First,0,5696,2,3,8,39936,1,1,0,16,16,6 bit LLR,438,0.428,0,4,2,C-RNTI,0,2,,Fail,1,First,0,5568,1,2,8,21504,0,1,0,16,16,6 bit LLR,530,0.518,0,Fail,0,First,0,5184,1,2,8,21504,1,1,0,16,16,6 bit LLR,493,0.481,0,5,7,C-RNTI,0,2,,Fail,0,First,0,5952,3,4,8,54432,0,1,0,16,16,6 bit LLR,447,0.437,0,Pass,0,First,0,5312,4,5,8,54432,1,1,0,16,16,6 bit LLR,499,0.487,0,6,6,C-RNTI,0,2,,Pass,0,First,0,5312,4,5,8,61440,0,1,0,16,16,6 bit LLR,442,0.432,0,Pass,0,Second,2,5888,4,5,8,61440,1,1,4,16,16,6 bit LLR,490,0.479,1,,,,,,
3920,LTE_PHY_PDSCH_Decoding_Result,2021-11-29 18:43:13.585220,126,349,7,733,0,8,4,7382,PCC,7,,0,1,C-RNTI,0,2,,Pass,1,First,0,6144,2,3,8,43008,0,1,0,16,16,6 bit LLR,438,0.428,0,Pass,0,First,0,5184,3,4,8,43008,1,1,0,16,16,6 bit LLR,493,0.481,0,1,0,C-RNTI,0,2,,Pass,0,First,0,5696,4,5,8,67584,0,1,0,16,16,6 bit LLR,431,0.421,0,Pass,0,First,0,5312,5,6,8,67584,1,1,0,16,16,6 bit LLR,482,0.471,0,2,3,C-RNTI,0,2,,Fail,1,First,0,4992,3,4,8,46080,0,1,0,16,16,6 bit LLR,443,0.433,0,Fail,0,First,0,5376,3,4,8,46080,1,1,0,16,16,6 bit LLR,477,0.466,0,3,4,C-RNTI,0,2,,Fail,0,First,0,5184,3,4,8,30016,0,1,0,16,16,6 bit LLR,707,0.690,0,Fail,1,First,0,5184,3,4,8,30016,1,1,0,16,16,6 bit LLR,707,0.690,0,4,5,C-RNTI,0,2,,Fail,0,First,0,5504,4,5,8,64512,0,1,0,16,16,6 bit LLR,436,0.426,0,Fail,1,First,0,5504,5,6,8,64512,1,1,0,16,16,6 bit LLR,524,0.512,0,5,2,C-RNTI,0,2,,Pass,1,Second,2,5568,1,2,8,21504,0,1,0,16,16,6 bit LLR,530,0.518,1,Pass,0,Second,2,5184,1,2,8,21504,1,1,0,16,16,6 bit LLR,493,0.481,1,6,7,C-RNTI,0,2,,Pass,0,Second,2,5952,3,4,8,55296,0,1,0,16,16,6 bit LLR,440,0.430,1,Pass,1,First,0,5952,3,4,8,55296,1,1,0,16,16,6 bit LLR,440,0.430,0,,,,,,
3920,LTE_PHY_PDSCH_Decoding_Result,2021-11-29 18:43:13.591841,126,349,4,734,0,8,4,7382,PCC,7,,0,6,C-RNTI,0,2,,Pass,1,First,0,5696,4,5,8,47104,0,1,0,16,16,6 bit LLR,619,0.604,0,Pass,1,First,0,6144,4,5,8,70656,1,1,0,16,16,6 bit LLR,445,0.435,0,1,1,C-RNTI,0,2,,Pass,0,First,0,4352,2,3,8,27360,0,1,0,16,16,6 bit LLR,488,0.477,0,Fail,1,First,0,5120,2,3,8,27360,1,1,0,16,16,6 bit LLR,574,0.561,0,2,0,C-RNTI,0,2,,Pass,1,First,0,5504,4,5,8,64512,0,1,0,16,16,6 bit LLR,436,0.426,0,Pass,1,First,0,5504,4,5,8,64512,1,1,0,16,16,6 bit LLR,436,0.426,0,3,3,C-RNTI,0,2,,Pass,1,Second,2,4992,3,4,8,46080,0,1,0,16,16,6 bit LLR,443,0.433,1,Pass,0,Second,2,5376,3,4,8,46080,1,1,0,16,16,6 bit LLR,477,0.466,1,4,4,C-RNTI,0,2,,Pass,0,Second,2,5184,3,4,8,34816,0,1,0,16,16,6 bit LLR,609,0.595,1,Pass,1,Second,2,5184,3,4,8,34816,1,1,0,16,16,6 bit LLR,609,0.595,1,5,5,C-RNTI,0,2,,Pass,0,Second,2,5504,4,5,8,61440,0,1,0,16,16,6 bit LLR,458,0.447,1,Pass,1,Second,2,5504,5,6,8,61440,1,1,0,16,16,6 bit LLR,550,0.537,1,6,2,C-RNTI,0,2,,Pass,0,First,0,3648,1,2,8,11712,0,1,0,16,16,6 bit LLR,637,0.622,0,Pass,1,First,0,4032,1,2,8,11712,1,1,0,16,16,6 bit LLR,705,0.688,0,,,,,,
3920,LTE_PHY_PDSCH_Decoding_Result,2021-11-29 18:43:13.599158,126,349,1,735,0,8,4,7382,PCC,7,,0,7,C-RNTI,0,2,,Fail,1,First,0,5696,2,3,8,39936,0,1,0,16,16,6 bit LLR,438,0.428,0,Pass,0,First,0,4928,2,3,8,26624,1,1,0,16,16,6 bit LLR,568,0.555,0,1,6,C-RNTI,0,2,,Pass,0,First,0,5504,4,5,8,45056,0,1,0,16,16,6 bit LLR,625,0.610,0,Pass,0,First,0,5696,4,5,8,67584,1,1,0,16,16,6 bit LLR,431,0.421,0,2,1,C-RNTI,0,2,,Pass,1,First,0,5184,1,2,8,18432,0,1,0,16,16,6 bit LLR,576,0.562,0,Pass,1,Second,2,5120,2,3,8,27648,1,1,0,16,16,6 bit LLR,568,0.555,1,3,0,C-RNTI,0,2,,Pass,0,First,0,4928,2,3,8,24128,0,1,0,16,16,6 bit LLR,627,0.612,0,Pass,0,First,0,5696,2,3,8,36192,1,1,0,16,16,6 bit LLR,483,0.472,0,4,3,C-RNTI,0,2,,Pass,0,First,0,4224,2,3,8,20320,0,1,0,16,16,6 bit LLR,638,0.623,0,Pass,1,First,0,4544,2,3,8,20320,1,1,0,16,16,6 bit LLR,686,0.670,0,5,4,C-RNTI,0,2,,Pass,1,First,0,5184,1,2,8,18560,0,1,0,16,16,6 bit LLR,572,0.559,0,Pass,0,First,0,4928,2,3,8,27840,1,1,0,16,16,6 bit LLR,543,0.530,0,6,5,C-RNTI,0,2,,Pass,1,First,0,4544,2,3,8,22272,0,1,0,16,16,6 bit LLR,626,0.611,0,Pass,0,First,0,5312,2,3,8,33408,1,1,0,16,16,6 bit LLR,488,0.477,0,,,,,,
3920,LTE_PHY_PDSCH_Decoding_Result,2021-11-29 18:43:13.606278,126,349,8,735,0,8,4,7382,PCC,7,,0,2,C-RNTI,0,2,,Pass,1,First,0,5760,1,2,8,20416,0,1,0,16,16,6 bit LLR,577,0.563,0,Pass,0,First,0,4736,2,3,8,30624,1,1,0,16,16,6 bit LLR,475,0.464,0,1,7,C-RNTI,0,2,,Pass,1,Second,2,5696,2,3,8,36192,0,1,0,16,16,6 bit LLR,483,0.472,1,Pass,1,First,0,4928,2,3,8,24128,1,1,0,16,16,6 bit LLR,627,0.612,0,2,6,C-RNTI,0,2,,Pass,1,First,0,6144,1,2,8,21248,0,1,0,16,16,6 bit LLR,592,0.578,0,Pass,1,First,0,5312,2,3,8,31872,1,1,0,16,16,6 bit LLR,512,0.500,0,3,1,C-RNTI,0,2,,Pass,0,First,0,4608,1,2,8,18560,0,1,0,16,16,6 bit LLR,508,0.496,0,Pass,0,First,0,4928,2,3,8,27840,1,1,0,16,16,6 bit LLR,543,0.530,0,4,0,C-RNTI,0,2,,Pass,1,First,0,4992,1,2,8,20416,0,1,0,16,16,6 bit LLR,500,0.488,0,Pass,1,First,0,5312,2,3,8,30624,1,1,0,16,16,6 bit LLR,532,0.520,0,5,3,C-RNTI,0,2,,Pass,1,First,0,4544,2,3,8,24128,0,1,0,16,16,6 bit LLR,578,0.564,0,Pass,0,First,0,5696,2,3,8,36192,1,1,0,16,16,6 bit LLR,483,0.472,0,6,4,C-RNTI,0,2,,Pass,0,First,0,4160,1,2,8,14848,0,1,0,16,16,6 bit LLR,573,0.560,0,Pass,1,First,0,5184,1,2,8,22272,1,1,0,16,16,6 bit LLR,476,0.465,0,,,,,,
3920,LTE_PHY_PDSCH_Decoding_Result,2021-11-29 18:43:16.557029,126,349,9,6,0,8,4,7382,PCC,7,,0,7,C-RNTI,0,2,,Pass,1,First,0,5376,3,4,8,43008,0,1,0,16,16,6 bit LLR,512,0.500,0,Pass,1,First,0,5120,4,5,8,43008,1,1,0,16,16,6 bit LLR,609,0.595,0,1,4,C-RNTI,0,2,,Pass,0,First,0,5120,4,5,8,49664,0,1,0,16,16,6 bit LLR,527,0.515,0,Pass,0,First,0,5696,4,5,8,49664,1,1,0,16,16,6 bit LLR,587,0.573,0,2,0,C-RNTI,0,2,,Pass,0,First,0,5312,2,3,8,28672,0,1,0,16,16,6 bit LLR,569,0.556,0,Pass,1,First,0,5696,2,3,8,28672,1,1,0,16,16,6 bit LLR,610,0.596,0,3,3,C-RNTI,0,2,,Pass,1,First,0,5696,4,5,8,51200,0,1,0,16,16,6 bit LLR,569,0.556,0,Pass,1,First,0,5504,5,6,8,76800,1,1,0,16,16,6 bit LLR,440,0.430,0,4,6,C-RNTI,0,2,,Pass,0,First,0,5952,3,4,8,47104,0,1,0,16,16,6 bit LLR,517,0.505,0,Pass,0,First,0,5312,4,5,8,47104,1,1,0,16,16,6 bit LLR,577,0.563,0,5,2,C-RNTI,0,2,,Pass,1,First,0,5760,3,4,8,40960,0,1,0,16,16,6 bit LLR,576,0.562,0,Pass,1,First,0,5312,4,5,8,61440,1,1,0,16,16,6 bit LLR,442,0.432,0,6,1,C-RNTI,0,2,,Pass,1,First,0,5120,4,5,8,50624,0,1,0,16,16,6 bit LLR,517,0.505,0,Pass,1,First,0,6144,4,5,8,50624,1,1,0,16,16,6 bit LLR,621,0.606,0,,,,,,
3920,LTE_PHY_PDSCH_Decoding_Result,2021-11-29 18:43:16.564135,126,349,6,7,0,8,4,7382,PCC,7,,0,5,C-RNTI,0,2,,Pass,0,First,0,5760,3,4,8,45056,0,1,0,16,16,6 bit LLR,523,0.511,0,Pass,1,First,0,5120,4,5,8,45056,1,1,0,16,16,6 bit LLR,581,0.567,0,1,7,C-RNTI,0,2,,Pass,0,First,0,5120,4,5,8,51200,0,1,0,16,16,6 bit LLR,512,0.500,0,Pass,0,First,0,6144,4,5,8,51200,1,1,0,16,16,6 bit LLR,614,0.600,0,2,4,C-RNTI,0,2,,Pass,1,First,0,5504,4,5,8,49152,0,1,0,16,16,6 bit LLR,573,0.560,0,Pass,1,First,0,5888,4,5,8,49152,1,1,0,16,16,6 bit LLR,613,0.599,0,3,0,C-RNTI,0,2,,Pass,1,First,0,5312,2,3,8,26624,0,1,0,16,16,6 bit LLR,612,0.598,0,Pass,0,First,0,5696,2,3,8,39936,1,1,0,16,16,6 bit LLR,438,0.428,0,4,3,C-RNTI,0,2,,Pass,0,First,0,5376,3,4,8,41472,0,1,0,16,16,6 bit LLR,530,0.518,0,Pass,0,First,0,5120,4,5,8,41472,1,1,0,16,16,6 bit LLR,632,0.617,0,5,6,C-RNTI,0,2,,Pass,1,First,0,5120,4,5,8,45056,0,1,0,16,16,6 bit LLR,581,0.567,0,Pass,1,First,0,5696,4,5,8,67584,1,1,0,16,16,6 bit LLR,431,0.421,0,6,2,C-RNTI,0,2,,Pass,0,First,0,4736,2,3,8,33792,0,1,0,16,16,6 bit LLR,430,0.420,0,Pass,0,First,0,4736,2,3,8,33792,1,1,0,16,16,6 bit LLR,430,0.420,0,,,,,,
3920,LTE_PHY_PDSCH_Decoding_Result,2021-11-29 18:43:16.571269,126,349,3,8,0,8,4,7382,PCC,7,,0,1,C-RNTI,0,2,,Pass,0,First,0,5952,1,2,8,27648,0,1,0,16,16,6 bit LLR,440,0.430,0,Pass,0,First,0,5952,1,2,8,27648,1,1,0,16,16,6 bit LLR,440,0.430,0,1,5,C-RNTI,0,2,,Pass,1,First,0,5952,3,4,8,47104,0,1,0,16,16,6 bit LLR,517,0.505,0,Pass,0,First,0,6144,4,5,8,70656,1,1,0,16,16,6 bit LLR,445,0.435,0,2,7,C-RNTI,0,2,,Pass,1,First,0,5760,3,4,8,40768,0,1,0,16,16,6 bit LLR,578,0.564,0,Pass,1,First,0,5312,4,5,8,61152,1,1,0,16,16,6 bit LLR,444,0.434,0,3,4,C-RNTI,0,2,,Pass,0,First,0,5120,4,5,8,51200,0,1,0,16,16,6 bit LLR,512,0.500,0,Pass,0,First,0,5504,5,6,8,76800,1,1,0,16,16,6 bit LLR,440,0.430,0,4,0,C-RNTI,0,2,,Pass,0,First,0,5696,2,3,8,39936,0,1,0,16,16,6 bit LLR,438,0.428,0,Pass,1,First,0,5696,2,3,8,39936,1,1,0,16,16,6 bit LLR,438,0.428,0,5,3,C-RNTI,0,2,,Pass,1,First,0,5120,4,5,8,51200,0,1,0,16,16,6 bit LLR,512,0.500,0,Pass,1,First,0,5504,5,6,8,76800,1,1,0,16,16,6 bit LLR,440,0.430,0,6,6,C-RNTI,0,2,,Pass,0,First,0,5376,3,4,8,43008,0,1,0,16,16,6 bit LLR,512,0.500,0,Pass,0,First,0,5504,4,5,8,64512,1,1,0,16,16,6 bit LLR,436,0.426,0,,,,,,
3920,LTE_PHY_PDSCH_Decoding_Result,2021-11-29 18:43:16.578020,126,349,0,9,0,8,4,7382,PCC,7,,0,2,C-RNTI,0,2,,Pass,1,First,0,5120,4,5,8,49664,0,1,0,16,16,6 bit LLR,527,0.515,0,Pass,1,First,0,6144,4,5,8,49664,1,1,0,16,16,6 bit LLR,633,0.618,0,1,1,C-RNTI,0,2,,Pass,1,First,0,5120,4,5,8,51200,0,1,0,16,16,6 bit LLR,512,0.500,0,Fail,1,First,0,5504,5,6,8,76800,1,1,0,16,16,6 bit LLR,440,0.430,0,2,5,C-RNTI,0,2,,Pass,0,First,0,5696,4,5,8,51200,0,1,0,16,16,6 bit LLR,569,0.556,0,Pass,1,First,0,5504,5,6,8,76800,1,1,0,16,16,6 bit LLR,440,0.430,0,3,7,C-RNTI,0,2,,Pass,0,First,0,5504,4,5,8,49152,0,1,0,16,16,6 bit LLR,573,0.560,0,Pass,0,First,0,5312,5,6,8,73728,1,1,0,16,16,6 bit LLR,442,0.432,0,4,4,C-RNTI,0,2,,Pass,1,First,0,5504,4,5,8,49152,0,1,0,16,16,6 bit LLR,573,0.560,0,Pass,1,First,0,5312,5,6,8,73728,1,1,0,16,16,6 bit LLR,442,0.432,0,5,0,C-RNTI,0,2,,Pass,1,First,0,5696,4,5,8,50624,0,1,0,16,16,6 bit LLR,576,0.562,0,Pass,0,First,0,5504,5,6,8,75936,1,1,0,16,16,6 bit LLR,445,0.435,0,6,3,C-RNTI,0,2,,Pass,0,First,0,4928,4,5,8,40960,0,1,0,16,16,6 bit LLR,616,0.602,0,Pass,0,First,0,4928,4,5,8,40960,1,1,0,16,16,6 bit LLR,616,0.602,0,,,,,,
3920,LTE_PHY_PDSCH_Decoding_Result,2021-11-29 18:43:16.585213,126,349,7,9,0,8,4,7382,PCC,7,,0,6,C-RNTI,0,2,,Pass,1,First,0,5696,4,5,8,51200,0,1,0,16,16,6 bit LLR,569,0.556,0,Pass,1,First,0,5504,5,6,8,76800,1,1,0,16,16,6 bit LLR,440,0.430,0,1,2,C-RNTI,0,2,,Pass,0,First,0,5120,4,5,8,46400,0,1,0,16,16,6 bit LLR,564,0.551,0,Fail,0,First,0,6144,4,5,8,46400,1,1,0,16,16,6 bit LLR,677,0.661,0,2,1,C-RNTI,0,2,,Pass,0,First,0,5696,4,5,8,51200,0,1,0,16,16,6 bit LLR,569,0.556,0,Pass,1,Second,2,5504,5,6,8,76800,1,1,0,16,16,6 bit LLR,440,0.430,1,3,5,C-RNTI,0,2,,Pass,1,First,0,5504,4,5,8,47616,0,1,0,16,16,6 bit LLR,591,0.577,0,Fail,0,First,0,5312,5,6,8,71424,1,1,0,16,16,6 bit LLR,456,0.445,0,4,7,C-RNTI,0,2,,Pass,1,First,0,5696,4,5,8,51200,0,1,0,16,16,6 bit LLR,569,0.556,0,Pass,1,First,0,5504,5,6,8,76800,1,1,0,16,16,6 bit LLR,440,0.430,0,5,4,C-RNTI,0,2,,Pass,0,First,0,5696,4,5,8,51200,0,1,0,16,16,6 bit LLR,569,0.556,0,Pass,0,First,0,5504,5,6,8,76800,1,1,0,16,16,6 bit LLR,440,0.430,0,6,0,C-RNTI,0,2,,Pass,0,First,0,5696,4,5,8,51200,0,1,0,16,16,6 bit LLR,569,0.556,0,Pass,1,First,0,5504,5,6,8,76800,1,1,0,16,16,6 bit LLR,440,0.430,0,,,,,,
3920,LTE_PHY_PDSCH_Decoding_Result,2021-11-29 18:43:16.591842,126,349,4,10,0,8,4,7382,PCC,7,,0,3,C-RNTI,0,2,,Pass,1,First,0,5696,4,5,8,51200,0,1,0,16,16,6 bit LLR,569,0.556,0,Pass,1,First,0,5504,5,6,8,76800,1,1,0,16,16,6 bit LLR,440,0.430,0,1,6,C-RNTI,0,2,,Pass,0,First,0,4352,2,3,8,30432,0,1,0,16,16,6 bit LLR,439,0.429,0,Pass,0,First,0,4928,2,3,8,30432,1,1,0,16,16,6 bit LLR,497,0.485,0,2,2,C-RNTI,0,2,,Pass,1,First,0,5696,4,5,8,51200,0,1,0,16,16,6 bit LLR,569,0.556,0,Pass,0,Second,2,6144,4,5,8,51200,1,1,0,16,16,6 bit LLR,614,0.600,1,3,1,C-RNTI,0,2,,Pass,1,First,0,4928,4,5,8,49152,0,1,0,16,16,6 bit LLR,513,0.501,0,Pass,0,First,0,5312,5,6,8,73728,1,1,0,16,16,6 bit LLR,442,0.432,0,4,5,C-RNTI,0,2,,Pass,0,First,0,4928,4,5,8,49152,0,1,0,16,16,6 bit LLR,513,0.501,0,Pass,0,Second,2,5312,5,6,8,73728,1,1,3,16,16,6 bit LLR,442,0.432,1,5,7,C-RNTI,0,2,,Pass,0,First,0,6144,1,2,8,20480,0,1,0,16,16,6 bit LLR,614,0.600,0,Pass,0,First,0,4928,2,3,8,30720,1,1,0,16,16,6 bit LLR,492,0.480,0,6,4,C-RNTI,0,2,,Pass,1,First,0,5312,2,3,8,36096,0,1,0,16,16,6 bit LLR,452,0.441,0,Pass,1,First,0,5312,2,3,8,36096,1,1,0,16,16,6 bit LLR,452,0.441,0,,,,,,
3920,LTE_PHY_PDSCH_Decoding_Result,2021-11-29 18:43:16.599149,126,349,1,11,0,8,4,7382,PCC,7,,0,0,C-RNTI,0,2,,Pass,1,First,0,4928,2,3,8,24576,0,1,0,16,16,6 bit LLR,616,0.602,0,Pass,0,First,0,5888,2,3,8,36864,1,1,0,16,16,6 bit LLR,490,0.479,0,1,3,C-RNTI,0,2,,Pass,0,First,0,4352,2,3,8,30720,0,1,0,16,16,6 bit LLR,435,0.425,0,Pass,0,First,0,4928,2,3,8,30720,1,1,0,16,16,6 bit LLR,492,0.480,0,2,6,C-RNTI,0,2,,Pass,1,First,0,5568,1,2,8,18432,0,1,0,16,16,6 bit LLR,618,0.604,0,Fail,1,First,0,5120,2,3,8,27648,1,1,0,16,16,6 bit LLR,568,0.555,0,3,2,C-RNTI,0,2,,Pass,0,First,0,4928,2,3,8,24576,0,1,0,16,16,6 bit LLR,616,0.602,0,Pass,1,First,0,5888,2,3,8,36864,1,1,0,16,16,6 bit LLR,490,0.479,0,4,1,C-RNTI,0,2,,Pass,0,First,0,4928,2,3,8,24000,0,1,0,16,16,6 bit LLR,630,0.615,0,Pass,1,First,0,5888,2,3,8,36000,1,1,0,16,16,6 bit LLR,502,0.490,0,5,5,C-RNTI,0,2,,Pass,1,First,0,5312,2,3,8,26624,0,1,0,16,16,6 bit LLR,612,0.598,0,Pass,1,First,0,4800,3,4,8,39936,1,1,0,16,16,6 bit LLR,492,0.480,0,6,7,C-RNTI,0,2,,Pass,1,First,0,4928,2,3,8,24576,0,1,0,16,16,6 bit LLR,616,0.602,0,Pass,1,First,0,5888,2,3,8,36864,1,1,0,16,16,6 bit LLR,490,0.479,0,,,,,,
3920,LTE_PHY_PDSCH_Decoding_Result,2021-11-29 18:43:16.606256,126,349,8,11,0,8,4,7382,PCC,7,,0,4,C-RNTI,0,2,,Pass,0,First,0,5696,2,3,8,39936,0,1,0,16,16,6 bit LLR,438,0.428,0,Pass,0,First,0,4800,3,4,8,39936,1,1,0,16,16,6 bit LLR,492,0.480,0,1,0,C-RNTI,0,2,,Pass,0,First,0,4352,2,3,8,30720,0,1,0,16,16,6 bit LLR,435,0.425,0,Pass,1,First,0,4928,2,3,8,30720,1,1,0,16,16,6 bit LLR,492,0.480,0,2,3,C-RNTI,0,2,,Pass,1,First,0,4928,2,3,8,25088,0,1,0,16,16,6 bit LLR,603,0.589,0,Pass,1,First,0,5696,2,3,8,37632,1,1,0,16,16,6 bit LLR,464,0.453,0,3,6,C-RNTI,0,2,,Pass,0,First,0,4608,1,2,8,18432,0,1,0,16,16,6 bit LLR,512,0.500,0,Pass,1,Second,2,5120,2,3,8,27648,1,1,1,16,16,6 bit LLR,568,0.555,1,4,2,C-RNTI,0,2,,Pass,1,First,0,5568,1,2,8,18432,0,1,0,16,16,6 bit LLR,618,0.604,0,Pass,0,First,0,4736,2,3,8,27648,1,1,0,16,16,6 bit LLR,526,0.514,0,5,1,C-RNTI,0,2,,Pass,1,First,0,5312,2,3,8,36864,0,1,0,16,16,6 bit LLR,442,0.432,0,Fail,0,First,0,4800,3,4,8,36864,1,1,0,16,16,6 bit LLR,533,0.521,0,6,5,C-RNTI,0,2,,Pass,0,First,0,4224,2,3,8,22528,0,1,0,16,16,6 bit LLR,576,0.562,0,Pass,0,First,0,5312,2,3,8,33792,1,1,0,16,16,6 bit LLR,482,0.471,0,,,,,,
3920,LTE_PHY_PDSCH_Decoding_Result,2021-11-29 18:43:16.613081,126,349,5,12,0,8,4,7382,PCC,7,,0,7,C-RNTI,0,2,,Fail,0,First,0,4928,2,3,8,30432,0,1,0,16,16,6 bit LLR,497,0.485,0,Fail,0,First,0,5312,2,3,8,30432,1,1,0,16,16,6 bit LLR,536,0.523,0,1,4,C-RNTI,0,2,,Pass,1,First,0,5184,1,2,8,24576,0,1,0,16,16,6 bit LLR,432,0.422,0,Pass,1,First,0,4224,2,3,8,24576,1,1,0,16,16,6 bit LLR,528,0.516,0,2,0,C-RNTI,0,2,,Pass,1,First,0,4352,2,3,8,30720,0,1,0,16,16,6 bit LLR,435,0.425,0,Pass,0,First,0,5312,2,3,8,30720,1,1,0,16,16,6 bit LLR,531,0.519,0,3,3,C-RNTI,0,2,,Pass,0,First,0,4736,2,3,8,33792,0,1,0,16,16,6 bit LLR,430,0.420,0,Pass,0,First,0,5888,2,3,8,33792,1,1,0,16,16,6 bit LLR,535,0.522,0,4,6,C-RNTI,0,2,,Pass,1,First,0,4928,2,3,8,22272,0,1,0,16,16,6 bit LLR,679,0.663,0,Pass,0,First,0,5312,2,3,8,33408,1,1,0,16,16,6 bit LLR,488,0.477,0,5,2,C-RNTI,0,2,,Pass,0,First,0,4608,1,2,8,16192,0,1,0,16,16,6 bit LLR,582,0.568,0,Fail,1,First,0,4352,2,3,8,24288,1,1,0,16,16,6 bit LLR,550,0.537,0,6,1,C-RNTI,0,2,,Pass,0,First,0,4544,2,3,8,24576,0,1,0,16,16,6 bit LLR,568,0.555,0,Pass,0,Second,2,4800,3,4,8,36864,1,1,2,16,16,6 bit LLR,533,0.521,1,,,,,,
3920,LTE_PHY_PDSCH_Decoding_Result,2021-11-29 18:43:16.620212,126,349,2,13,0,8,4,7382,PCC,7,,0,5,C-RNTI,0,2,,Pass,1,First,0,4608,1,2,8,16384,0,1,0,16,16,6 bit LLR,576,0.562,0,Pass,1,First,0,4544,2,3,8,24576,1,1,0,16,16,6 bit LLR,568,0.555,0,1,7,C-RNTI,0,2,,Pass,0,Second,2,4928,2,3,8,30720,0,1,0,16,16,6 bit LLR,492,0.480,1,Pass,0,Second,2,5312,2,3,8,30720,1,1,0,16,16,6 bit LLR,531,0.519,1,2,4,C-RNTI,0,2,,Pass,0,First,0,4544,2,3,8,22528,0,1,0,16,16,6 bit LLR,619,0.604,0,Pass,0,First,0,5312,2,3,8,33792,1,1,0,16,16,6 bit LLR,482,0.471,0,3,0,C-RNTI,0,2,,Pass,0,First,0,4608,1,2,8,16512,0,1,0,16,16,6 bit LLR,571,0.558,0,Pass,1,First,0,5568,1,2,8,16512,1,1,0,16,16,6 bit LLR,690,0.674,0,4,3,C-RNTI,0,2,,Pass,1,First,0,4544,2,3,8,24576,0,1,0,16,16,6 bit LLR,568,0.555,0,Pass,1,First,0,5888,2,3,8,36864,1,1,0,16,16,6 bit LLR,490,0.479,0,5,6,C-RNTI,0,2,,Pass,0,First,0,4928,2,3,8,26624,0,1,0,16,16,6 bit LLR,568,0.555,0,Pass,1,First,0,4800,3,4,8,39936,1,1,0,16,16,6 bit LLR,492,0.480,0,6,2,C-RNTI,0,2,,Pass,1,First,0,4160,1,2,8,16704,0,1,0,16,16,6 bit LLR,510,0.498,0,Pass,1,Second,2,4352,2,3,8,25056,1,1,2,16,16,6 bit LLR,533,0.521,1,,,,,,
3920,LTE_PHY_PDSCH_Decoding_Result,2021-11-29 18:43:15.643090,126,349,5,939,0,8,4,7382,PCC,7,,0,4,C-RNTI,0,2,,Pass,1,First,0,6144,2,3,8,36288,0,1,0,16,16,6 bit LLR,520,0.508,0,Pass,1,First,0,5184,3,4,8,36288,1,1,0,16,16,6 bit LLR,585,0.571,0,1,6,C-RNTI,0,2,,Fail,1,First,0,5312,2,3,8,36864,0,1,0,16,16,6 bit LLR,442,0.432,0,Fail,1,First,0,5312,2,3,8,36864,1,1,0,16,16,6 bit LLR,442,0.432,0,2,0,C-RNTI,0,2,,Fail,1,First,0,4928,2,3,8,22272,0,1,0,16,16,6 bit LLR,679,0.663,0,Pass,0,First,0,4928,2,3,8,22272,1,1,0,16,16,6 bit LLR,679,0.663,0,3,2,C-RNTI,0,2,,Pass,0,First,0,5312,2,3,8,36864,0,1,0,16,16,6 bit LLR,442,0.432,0,Pass,0,First,0,5312,2,3,8,36864,1,1,0,16,16,6 bit LLR,442,0.432,0,4,1,C-RNTI,0,2,,Pass,0,First,0,4160,1,2,8,18432,0,1,0,16,16,6 bit LLR,462,0.451,0,Pass,1,Second,2,5952,1,2,8,27648,1,1,0,16,16,6 bit LLR,440,0.430,1,5,5,C-RNTI,0,2,,Pass,1,First,0,4928,2,3,8,24064,0,1,0,16,16,6 bit LLR,629,0.614,0,Pass,1,First,0,4928,2,3,8,24064,1,1,0,16,16,6 bit LLR,629,0.614,0,6,7,C-RNTI,0,2,,Pass,0,First,0,4928,4,5,8,49152,0,1,0,16,16,6 bit LLR,513,0.501,0,Pass,0,First,0,5504,4,5,8,49152,1,1,0,16,16,6 bit LLR,573,0.560,0,,,,,,
3920,LTE_PHY_PDSCH_Decoding_Result,2021-11-29 18:43:15.651258,126,349,2,940,0,8,4,7382,PCC,7,,0,3,C-RNTI,0,2,,Pass,1,First,0,4288,1,2,8,14336,0,1,0,16,16,6 bit LLR,612,0.598,0,Pass,0,First,0,5184,1,2,8,21504,1,1,0,16,16,6 bit LLR,493,0.481,0,1,4,C-RNTI,0,2,,Fail,0,First,0,4544,2,3,8,24576,0,1,0,16,16,6 bit LLR,568,0.555,0,Fail,0,First,0,5312,2,3,8,36864,1,1,0,16,16,6 bit LLR,442,0.432,0,2,6,C-RNTI,0,2,,Pass,1,Second,2,5312,2,3,8,36864,0,1,1,16,16,6 bit LLR,442,0.432,1,Pass,1,Second,2,5312,2,3,8,36864,1,1,2,16,16,6 bit LLR,442,0.432,1,4,0,C-RNTI,0,2,,Pass,1,Second,2,4928,2,3,8,24576,0,1,0,16,16,6 bit LLR,616,0.602,1,Pass,1,First,0,6144,1,2,8,24576,1,1,0,16,16,6 bit LLR,512,0.500,0,5,2,C-RNTI,0,2,,Pass,1,First,0,4928,2,3,8,24576,0,1,0,16,16,6 bit LLR,616,0.602,0,Pass,1,First,0,5312,2,3,8,36864,1,1,0,16,16,6 bit LLR,442,0.432,0,6,1,C-RNTI,0,2,,Fail,1,First,0,3264,1,2,8,13920,0,1,0,16,16,6 bit LLR,480,0.469,0,Fail,0,First,0,3264,1,2,8,13920,1,1,0,16,16,6 bit LLR,480,0.469,0,7,5,C-RNTI,0,2,,Fail,0,First,0,4352,2,3,8,30720,0,1,0,16,16,6 bit LLR,435,0.425,0,Pass,0,First,0,4352,2,3,8,30720,1,1,0,16,16,6 bit LLR,435,0.425,0,,,,,,
3920,LTE_PHY_PDSCH_Decoding_Result,2021-11-29 18:43:15.658087,126,349,0,941,0,8,4,7382,PCC,7,,0,7,C-RNTI,0,2,,Pass,1,First,0,5568,1,2,8,17920,0,1,0,16,16,6 bit LLR,636,0.621,0,Pass,1,First,0,5952,1,2,8,26880,1,1,0,16,16,6 bit LLR,453,0.442,0,1,4,C-RNTI,0,2,,Pass,0,Second,2,4544,2,3,8,26112,0,1,0,16,16,6 bit LLR,534,0.521,1,Pass,0,Second,2,5312,2,3,8,39168,1,1,1,16,16,6 bit LLR,416,0.406,1,2,3,C-RNTI,0,2,,Pass,0,First,0,4736,2,3,8,35904,0,1,0,16,16,6 bit LLR,405,0.396,0,Pass,1,First,0,4736,2,3,8,35904,1,1,0,16,16,6 bit LLR,405,0.396,0,3,6,C-RNTI,0,2,,Pass,0,First,0,6144,1,2,8,20480,0,1,0,16,16,6 bit LLR,614,0.600,0,Pass,0,First,0,4352,2,3,8,30720,1,1,0,16,16,6 bit LLR,435,0.425,0,4,0,C-RNTI,0,2,,Fail,0,First,0,4224,2,3,8,22528,0,1,0,16,16,6 bit LLR,576,0.562,0,Pass,0,First,0,4736,2,3,8,33792,1,1,0,16,16,6 bit LLR,430,0.420,0,5,2,C-RNTI,0,2,,Pass,0,First,0,4544,2,3,8,25536,0,1,0,16,16,6 bit LLR,546,0.533,0,Fail,0,First,0,5312,2,3,8,38304,1,1,0,16,16,6 bit LLR,426,0.416,0,6,1,C-RNTI,0,2,,Pass,1,Second,2,3264,1,2,8,16320,0,1,0,16,16,6 bit LLR,409,0.399,1,Pass,0,Second,2,3264,1,2,8,16320,1,1,1,16,16,6 bit LLR,409,0.399,1,,,,,,
3920,LTE_PHY_PDSCH_Decoding_Result,2021-11-29 18:43:15.665186,126,349,7,941,0,8,4,7382,PCC,7,,0,5,C-RNTI,0,2,,Pass,0,Second,2,4352,2,3,8,32640,0,1,0,16,16,6 bit LLR,409,0.399,1,Pass,1,First,0,5760,1,2,8,21760,1,1,0,16,16,6 bit LLR,542,0.529,0,1,7,C-RNTI,0,2,,Pass,0,First,0,4928,2,3,8,26112,0,1,0,16,16,6 bit LLR,579,0.565,0,Pass,0,First,0,5312,2,3,8,39168,1,1,0,16,16,6 bit LLR,416,0.406,0,2,4,C-RNTI,0,2,,Pass,1,First,0,4928,2,3,8,28288,0,1,0,16,16,6 bit LLR,535,0.522,0,Pass,1,First,0,5312,2,3,8,28288,1,1,0,16,16,6 bit LLR,576,0.562,0,3,3,C-RNTI,0,2,,Fail,1,First,0,5760,1,2,8,25728,0,1,0,16,16,6 bit LLR,458,0.447,0,Pass,0,First,0,5184,1,2,8,25728,1,1,0,16,16,6 bit LLR,412,0.402,0,4,6,C-RNTI,0,2,,Pass,1,First,0,4928,2,3,8,26624,0,1,0,16,16,6 bit LLR,568,0.555,0,Pass,1,First,0,5696,2,3,8,39936,1,1,0,16,16,6 bit LLR,438,0.428,0,5,0,C-RNTI,0,2,,Pass,0,Second,2,4224,2,3,8,23936,0,1,2,16,16,6 bit LLR,542,0.529,1,Pass,1,First,0,4224,2,3,8,23936,1,1,0,16,16,6 bit LLR,542,0.529,0,6,2,C-RNTI,0,2,,Pass,1,First,0,6144,1,2,8,26112,0,1,0,16,16,6 bit LLR,481,0.470,0,Pass,0,Second,2,5312,2,3,8,39168,1,1,1,16,16,6 bit LLR,416,0.406,1,,,,,,
3920,LTE_PHY_PDSCH_Decoding_Result,2021-11-29 18:43:15.672016,126,349,4,942,0,8,4,7382,PCC,7,,0,1,C-RNTI,0,2,,Pass,0,First,0,4544,2,3,8,26112,0,1,0,16,16,6 bit LLR,534,0.521,0,Pass,1,First,0,4928,2,3,8,26112,1,1,0,16,16,6 bit LLR,579,0.565,0,1,5,C-RNTI,0,2,,Pass,1,First,0,3648,1,2,8,14144,0,1,0,16,16,6 bit LLR,528,0.516,0,Pass,0,First,0,4288,1,2,8,14144,1,1,0,16,16,6 bit LLR,620,0.605,0,2,7,C-RNTI,0,2,,Pass,1,First,0,5760,1,2,8,23936,0,1,0,16,16,6 bit LLR,492,0.480,0,Pass,1,First,0,4736,2,3,8,35904,1,1,0,16,16,6 bit LLR,405,0.396,0,3,4,C-RNTI,0,2,,Pass,0,First,0,4608,1,2,8,17408,0,1,0,16,16,6 bit LLR,542,0.529,0,Pass,0,First,0,5760,1,2,8,26112,1,1,0,16,16,6 bit LLR,451,0.440,0,4,3,C-RNTI,0,2,,Pass,1,Second,2,5760,1,2,8,26112,0,1,1,16,16,6 bit LLR,451,0.440,1,Pass,1,First,0,4160,1,2,8,17408,1,1,0,16,16,6 bit LLR,489,0.478,0,5,6,C-RNTI,0,2,,Pass,0,First,0,4608,1,2,8,16384,0,1,0,16,16,6 bit LLR,576,0.562,0,Pass,0,First,0,4608,1,2,8,16384,1,1,0,16,16,6 bit LLR,576,0.562,0,6,0,C-RNTI,0,2,,Pass,1,First,0,5952,1,2,8,25088,0,1,0,16,16,6 bit LLR,485,0.474,0,Pass,0,First,0,4928,2,3,8,25088,1,1,0,16,16,6 bit LLR,603,0.589,0,,,,,,
3920,LTE_PHY_PDSCH_Decoding_Result,2021-11-29 18:43:15.679165,126,349,1,943,0,8,4,7382,PCC,7,,0,2,C-RNTI,0,2,,Pass,0,First,0,6144,1,2,8,24576,0,1,0,16,16,6 bit LLR,512,0.500,0,Pass,1,First,0,4928,2,3,8,24576,1,1,0,16,16,6 bit LLR,616,0.602,0,1,1,C-RNTI,0,2,,Pass,1,First,0,4544,2,3,8,26624,0,1,0,16,16,6 bit LLR,524,0.512,0,Pass,0,First,0,5312,2,3,8,26624,1,1,0,16,16,6 bit LLR,612,0.598,0,2,5,C-RNTI,0,2,,Pass,0,First,0,6144,2,3,8,36864,0,1,0,16,16,6 bit LLR,512,0.500,0,Pass,1,First,0,5568,3,4,8,36864,1,1,0,16,16,6 bit LLR,618,0.604,0,3,7,C-RNTI,0,2,,Pass,0,First,0,4160,1,2,8,16384,0,1,0,16,16,6 bit LLR,520,0.508,0,Pass,0,First,0,5760,1,2,8,24576,1,1,0,16,16,6 bit LLR,480,0.469,0,4,4,C-RNTI,0,2,,Pass,1,First,0,3136,1,2,8,11904,0,1,0,16,16,6 bit LLR,539,0.526,0,Pass,1,First,0,3904,1,2,8,17856,1,1,0,16,16,6 bit LLR,447,0.437,0,5,3,C-RNTI,0,2,,Pass,0,First,0,4608,1,2,8,18432,0,1,0,16,16,6 bit LLR,512,0.500,0,Pass,0,First,0,5952,1,2,8,27648,1,1,0,16,16,6 bit LLR,440,0.430,0,6,6,C-RNTI,0,2,,Pass,1,First,0,4160,1,2,8,16704,0,1,0,16,16,6 bit LLR,510,0.498,0,Pass,1,First,0,5568,1,2,8,16704,1,1,0,16,16,6 bit LLR,682,0.666,0,,,,,,
3920,LTE_PHY_PDSCH_Decoding_Result,2021-11-29 18:43:15.686267,126,349,8,943,0,8,4,7382,PCC,7,,0,0,C-RNTI,0,2,,Pass,0,First,0,3648,1,2,8,14848,0,1,0,16,16,6 bit LLR,503,0.491,0,Pass,1,First,0,5184,1,2,8,22272,1,1,0,16,16,6 bit LLR,476,0.465,0,1,2,C-RNTI,0,2,,Pass,1,First,0,4992,1,2,8,20416,0,1,0,16,16,6 bit LLR,500,0.488,0,Pass,0,First,0,4544,2,3,8,20416,1,1,0,16,16,6 bit LLR,683,0.667,0,2,1,C-RNTI,0,2,,Pass,0,First,0,5952,1,2,8,22592,0,1,0,16,16,6 bit LLR,539,0.526,0,Pass,1,First,0,4544,2,3,8,22592,1,1,0,16,16,6 bit LLR,617,0.603,0,3,5,C-RNTI,0,2,,Pass,1,First,0,4992,1,2,8,20416,0,1,0,16,16,6 bit LLR,500,0.488,0,Pass,0,First,0,4224,2,3,8,20416,1,1,0,16,16,6 bit LLR,635,0.620,0,4,7,C-RNTI,0,2,,Pass,1,First,0,5120,2,3,8,31552,0,1,0,16,16,6 bit LLR,498,0.486,0,Pass,1,First,0,5888,2,3,8,31552,1,1,0,16,16,6 bit LLR,573,0.560,0,5,4,C-RNTI,0,2,,Pass,0,First,0,5760,1,2,8,20416,0,1,0,16,16,6 bit LLR,577,0.563,0,Pass,0,First,0,4544,2,3,8,20416,1,1,0,16,16,6 bit LLR,683,0.667,0,6,3,C-RNTI,0,2,,Pass,1,First,0,5952,1,2,8,24128,0,1,0,16,16,6 bit LLR,505,0.493,0,Pass,1,First,0,4928,2,3,8,24128,1,1,0,16,16,6 bit LLR,627,0.612,0,,,,,,
3920,LTE_PHY_PDSCH_Decoding_Result,2021-11-29 18:43:15.693078,126,349,5,944,0,8,4,7382,PCC,7,,0,6,C-RNTI,0,2,,Pass,0,First,0,5760,1,2,8,20224,0,1,0,16,16,6 bit LLR,583,0.569,0,Pass,0,First,0,4224,2,3,8,20224,1,1,0,16,16,6 bit LLR,641,0.626,0,1,0,C-RNTI,0,2,,Pass,1,First,0,5120,2,3,8,31552,0,1,0,16,16,6 bit LLR,498,0.486,0,Pass,0,First,0,4992,3,4,8,31552,1,1,0,16,16,6 bit LLR,648,0.633,0,2,2,C-RNTI,0,2,,Pass,0,First,0,5952,1,2,8,24128,0,1,0,16,16,6 bit LLR,505,0.493,0,Pass,1,First,0,4928,2,3,8,24128,1,1,0,16,16,6 bit LLR,627,0.612,0,3,1,C-RNTI,0,2,,Pass,1,First,0,5952,1,2,8,24128,0,1,0,16,16,6 bit LLR,505,0.493,0,Pass,0,First,0,4928,2,3,8,24128,1,1,0,16,16,6 bit LLR,627,0.612,0,4,5,C-RNTI,0,2,,Pass,0,First,0,6144,1,2,8,22272,0,1,0,16,16,6 bit LLR,564,0.551,0,Pass,1,First,0,4928,2,3,8,22272,1,1,0,16,16,6 bit LLR,679,0.663,0,5,7,C-RNTI,0,2,,Pass,0,First,0,3264,1,2,8,13312,0,1,0,16,16,6 bit LLR,502,0.490,0,Pass,0,First,0,4992,1,2,8,13312,1,1,0,16,16,6 bit LLR,768,0.750,0,6,4,C-RNTI,0,2,,Pass,1,First,0,4160,1,2,8,16704,0,1,0,16,16,6 bit LLR,510,0.498,0,Pass,1,First,0,5184,1,2,8,16704,1,1,0,16,16,6 bit LLR,635,0.620,0,,,,,,
3920,LTE_PHY_PDSCH_Decoding_Result,2021-11-29 18:43:15.700216,126,349,2,945,0,8,4,7382,PCC,7,,0,3,C-RNTI,0,2,,Pass,0,First,0,4608,1,2,8,16704,0,1,0,16,16,6 bit LLR,564,0.551,0,Pass,0,First,0,5568,1,2,8,16704,1,1,0,16,16,6 bit LLR,682,0.666,0,1,6,C-RNTI,0,2,,Pass,1,First,0,5568,1,2,8,22272,0,1,0,16,16,6 bit LLR,512,0.500,0,Pass,1,First,0,4544,2,3,8,22272,1,1,0,16,16,6 bit LLR,626,0.611,0,2,0,C-RNTI,0,2,,Pass,0,First,0,4608,1,2,8,16704,0,1,0,16,16,6 bit LLR,564,0.551,0,Pass,1,First,0,5184,1,2,8,16704,1,1,0,16,16,6 bit LLR,635,0.620,0,3,2,C-RNTI,0,2,,Pass,1,First,0,5952,1,2,8,23552,0,1,0,16,16,6 bit LLR,517,0.505,0,Pass,0,First,0,4544,2,3,8,23552,1,1,0,16,16,6 bit LLR,592,0.578,0,4,1,C-RNTI,0,2,,Pass,0,First,0,6144,1,2,8,22272,0,1,0,16,16,6 bit LLR,564,0.551,0,Pass,1,First,0,4544,2,3,8,22272,1,1,0,16,16,6 bit LLR,626,0.611,0,5,5,C-RNTI,0,2,,Pass,1,First,0,6144,1,2,8,22272,0,1,0,16,16,6 bit LLR,564,0.551,0,Pass,0,First,0,4544,2,3,8,22272,1,1,0,16,16,6 bit LLR,626,0.611,0,6,7,C-RNTI,0,2,,Pass,1,First,0,4544,2,3,8,24128,0,1,0,16,16,6 bit LLR,578,0.564,0,Pass,1,First,0,4928,2,3,8,24128,1,1,0,16,16,6 bit LLR,627,0.612,0,,,,,,
3920,LTE_PHY_PDSCH_Decoding_Result,2021-11-29 18:43:15.706993,126,349,9,945,0,8,4,7382,PCC,7,,0,4,C-RNTI,0,2,,Pass,0,First,0,5760,1,2,8,20416,0,1,0,16,16,6 bit LLR,577,0.563,0,Pass,0,First,0,5760,1,2,8,20416,1,1,0,16,16,6 bit LLR,577,0.563,0,1,3,C-RNTI,0,2,,Pass,1,First,0,5184,1,2,8,18048,0,1,0,16,16,6 bit LLR,588,0.574,0,Pass,1,First,0,5760,1,2,8,18048,1,1,0,16,16,6 bit LLR,653,0.638,0,2,6,C-RNTI,0,2,,Pass,0,First,0,4544,2,3,8,22272,0,1,0,16,16,6 bit LLR,626,0.611,0,Pass,0,First,0,4928,2,3,8,22272,1,1,0,16,16,6 bit LLR,679,0.663,0,3,0,C-RNTI,0,2,,Pass,1,First,0,6144,1,2,8,22272,0,1,0,16,16,6 bit LLR,564,0.551,0,Pass,0,First,0,4544,2,3,8,22272,1,1,0,16,16,6 bit LLR,626,0.611,0,4,2,C-RNTI,0,2,,Pass,0,First,0,4928,2,3,8,24128,0,1,0,16,16,6 bit LLR,627,0.612,0,Pass,1,First,0,5312,2,3,8,24128,1,1,0,16,16,6 bit LLR,676,0.660,0,5,1,C-RNTI,0,2,,Pass,1,First,0,4544,2,3,8,24128,0,1,0,16,16,6 bit LLR,578,0.564,0,Pass,0,First,0,4928,2,3,8,24128,1,1,0,16,16,6 bit LLR,627,0.612,0,6,5,C-RNTI,0,2,,Pass,0,First,0,3648,1,2,8,12800,0,1,0,16,16,6 bit LLR,583,0.569,0,Pass,1,First,0,4288,1,2,8,12800,1,1,0,16,16,6 bit LLR,686,0.670,0,,,,,,
3920,LTE_PHY_PDSCH_Decoding_Result,2021-11-29 18:43:15.714134,126,349,6,946,0,8,4,7382,PCC,7,,0,7,C-RNTI,0,2,,Pass,0,First,0,4160,1,2,8,14848,0,1,0,16,16,6 bit LLR,573,0.560,0,Pass,0,First,0,5184,1,2,8,22272,1,1,0,16,16,6 bit LLR,476,0.465,0,1,4,C-RNTI,0,2,,Pass,1,First,0,5760,1,2,8,18560,0,1,0,16,16,6 bit LLR,635,0.620,0,Pass,1,First,0,4352,2,3,8,27840,1,1,0,16,16,6 bit LLR,480,0.469,0,2,3,C-RNTI,0,2,,Pass,0,First,0,5760,1,2,8,20416,0,1,0,16,16,6 bit LLR,577,0.563,0,Pass,0,First,0,4224,2,3,8,20416,1,1,0,16,16,6 bit LLR,635,0.620,0,3,6,C-RNTI,0,2,,Pass,1,First,0,4608,1,2,8,14848,0,1,0,16,16,6 bit LLR,635,0.620,0,Pass,1,First,0,5184,1,2,8,22272,1,1,0,16,16,6 bit LLR,476,0.465,0,4,0,C-RNTI,0,2,,Pass,0,First,0,4992,1,2,8,18880,0,1,0,16,16,6 bit LLR,541,0.528,0,Pass,1,First,0,4224,2,3,8,18880,1,1,0,16,16,6 bit LLR,687,0.671,0,5,2,C-RNTI,0,2,,Pass,1,First,0,4160,1,2,8,14848,0,1,0,16,16,6 bit LLR,573,0.560,0,Pass,0,First,0,5184,1,2,8,22272,1,1,0,16,16,6 bit LLR,476,0.465,0,6,1,C-RNTI,0,2,,Pass,0,First,0,4224,2,3,8,20416,0,1,0,16,16,6 bit LLR,635,0.620,0,Pass,1,First,0,4736,2,3,8,30624,1,1,0,16,16,6 bit LLR,475,0.464,0,,,,,,
3648,LTE_PHY_PDSCH_Decoding_Result,2021-11-29 18:43:21.489110,126,349,2,495,0,8,4,7382,PCC,7,,0,0,C-RNTI,0,2,,Pass,0,First,0,5184,1,2,8,20480,0,1,0,16,16,6 bit LLR,518,0.506,0,Pass,1,First,0,5760,1,2,8,20480,1,1,0,16,16,6 bit LLR,576,0.562,0,1,2,C-RNTI,0,2,,Pass,0,First,0,3264,0,1,8,7424,0,1,0,16,16,6 bit LLR,450,0.439,0,Pass,1,First,0,4160,0,1,8,7424,1,1,0,16,16,6 bit LLR,573,0.560,0,37,6,C-RNTI,0,1,,Pass,1,First,0,200,0,1,8,1024,0,1,0,16,16,6 bit LLR,200,0.195,0,51,5,C-RNTI,0,2,,Pass,0,First,0,5184,3,4,8,36864,0,1,0,16,16,6 bit LLR,576,0.562,0,Pass,1,First,0,5568,3,4,8,36864,1,1,0,16,16,6 bit LLR,618,0.604,0,52,7,C-RNTI,0,2,,Pass,1,First,0,5184,1,2,8,24576,0,1,0,16,16,6 bit LLR,432,0.422,0,Pass,0,First,0,5760,1,2,8,24576,1,1,0,16,16,6 bit LLR,480,0.469,0,54,1,C-RNTI,0,2,,Pass,0,First,0,5568,1,2,8,16704,0,1,0,16,16,6 bit LLR,682,0.666,0,Pass,0,First,0,5568,1,2,8,16704,1,1,0,16,16,6 bit LLR,682,0.666,0,55,4,C-RNTI,0,2,,Fail,0,First,0,5184,3,4,8,49152,0,1,0,16,16,6 bit LLR,432,0.422,0,Fail,0,First,0,5760,3,4,8,49152,1,1,0,16,16,6 bit LLR,480,0.469,0,,,,,,,,,,,,,,,,,,,,,,,,
3920,LTE_PHY_PDSCH_Decoding_Result,2021-11-29 18:43:21.497018,126,349,8,500,0,8,4,7382,PCC,7,,0,3,C-RNTI,0,2,,Fail,0,First,0,3904,1,2,8,16704,0,1,0,16,16,6 bit LLR,478,0.467,0,Fail,0,First,0,4416,1,2,8,16704,1,1,0,16,16,6 bit LLR,541,0.528,0,1,0,C-RNTI,0,2,,Fail,1,First,0,4352,2,3,8,27840,0,1,0,16,16,6 bit LLR,480,0.469,0,Fail,0,First,0,6144,1,2,8,18560,1,1,0,16,16,6 bit LLR,677,0.661,0,3,2,C-RNTI,0,2,,Pass,1,First,0,5760,1,2,8,18560,0,1,0,16,16,6 bit LLR,635,0.620,0,Pass,0,First,0,5760,1,2,8,18560,1,1,0,16,16,6 bit LLR,635,0.620,0,4,6,C-RNTI,0,2,,Pass,0,First,0,4992,1,2,8,16384,0,1,0,16,16,6 bit LLR,624,0.609,0,Pass,1,First,0,5760,1,2,8,24576,1,1,0,16,16,6 bit LLR,480,0.469,0,5,5,C-RNTI,0,2,,Pass,1,First,0,5184,1,2,8,16704,0,1,0,16,16,6 bit LLR,635,0.620,0,Pass,0,First,0,5568,1,2,8,16704,1,1,0,16,16,6 bit LLR,682,0.666,0,6,7,C-RNTI,0,2,,Pass,0,First,0,5568,1,2,8,16704,0,1,0,16,16,6 bit LLR,682,0.666,0,Pass,1,First,0,5568,1,2,8,16704,1,1,0,16,16,6 bit LLR,682,0.666,0,7,4,C-RNTI,0,2,,Pass,0,Second,2,5184,3,4,8,48864,0,1,0,16,16,6 bit LLR,434,0.424,1,Pass,0,Second,2,5760,3,4,8,48864,1,1,1,16,16,6 bit LLR,482,0.471,1,,,,,,
3920,LTE_PHY_PDSCH_Decoding_Result,2021-11-29 18:43:21.504121,126,349,6,501,0,8,4,7382,PCC,7,,0,3,C-RNTI,0,2,,Pass,0,Second,2,3904,1,2,8,18432,0,1,0,16,16,6 bit LLR,433,0.423,1,Pass,0,Second,2,4416,1,2,8,18432,1,1,0,16,16,6 bit LLR,490,0.479,1,1,0,C-RNTI,0,2,,Pass,1,Second,2,4352,2,3,8,30720,0,1,1,16,16,6 bit LLR,435,0.425,1,Pass,0,Second,2,6144,1,2,8,20480,1,1,0,16,16,6 bit LLR,614,0.600,1,2,1,C-RNTI,0,2,,Pass,1,First,0,5184,3,4,8,34816,0,1,0,16,16,6 bit LLR,609,0.595,0,Pass,1,First,0,5568,3,4,8,52224,1,1,0,16,16,6 bit LLR,436,0.426,0,3,2,C-RNTI,0,2,,Pass,0,First,0,5760,3,4,8,45056,0,1,0,16,16,6 bit LLR,523,0.511,0,Pass,1,First,0,5120,4,5,8,45056,1,1,0,16,16,6 bit LLR,581,0.567,0,4,6,C-RNTI,0,2,,Pass,1,First,0,5120,4,5,8,44544,0,1,0,16,16,6 bit LLR,588,0.574,0,Pass,0,First,0,5504,4,5,8,44544,1,1,0,16,16,6 bit LLR,632,0.617,0,5,5,C-RNTI,0,2,,Pass,0,First,0,416,0,1,8,1024,0,1,0,16,16,6 bit LLR,416,0.406,0,Pass,1,First,0,1312,0,1,8,3072,1,1,0,16,16,6 bit LLR,437,0.427,0,6,7,C-RNTI,0,2,,Pass,1,First,0,5568,1,2,8,18432,0,1,0,16,16,6 bit LLR,618,0.604,0,Pass,0,First,0,5184,1,2,8,18432,1,1,0,16,16,6 bit LLR,576,0.562,0,,,,,,
3920,LTE_PHY_PDSCH_Decoding_Result,2021-11-29 18:43:22.260881,126,349,4,576,0,8,4,7382,PCC,7,,0,6,C-RNTI,0,2,,Pass,0,First,0,2112,0,1,8,6528,0,1,0,16,16,6 bit LLR,331,0.323,0,Pass,0,First,0,4800,0,1,8,9792,1,1,0,16,16,6 bit LLR,501,0.489,0,10,7,C-RNTI,0,2,,Pass,0,First,0,6144,1,2,8,21760,0,1,0,16,16,6 bit LLR,578,0.564,0,Pass,0,First,0,4352,2,3,8,32640,1,1,0,16,16,6 bit LLR,409,0.399,0,11,1,C-RNTI,0,2,,Pass,0,First,0,5184,1,2,8,19488,0,1,0,16,16,6 bit LLR,544,0.531,0,Pass,1,First,0,5568,1,2,8,19488,1,1,0,16,16,6 bit LLR,585,0.571,0,12,2,C-RNTI,0,2,,Pass,1,First,0,4032,0,1,8,10240,0,1,0,16,16,6 bit LLR,403,0.394,0,Pass,1,First,0,3648,1,2,8,15360,1,1,0,16,16,6 bit LLR,486,0.475,0,13,5,C-RNTI,0,2,,Pass,0,First,0,5312,2,3,8,28672,0,1,0,16,16,6 bit LLR,569,0.556,0,Pass,1,First,0,5696,2,3,8,28672,1,1,0,16,16,6 bit LLR,610,0.596,0,14,3,C-RNTI,0,2,,Pass,0,First,0,5184,1,2,8,18432,0,1,0,16,16,6 bit LLR,576,0.562,0,Pass,1,First,0,5952,1,2,8,27648,1,1,0,16,16,6 bit LLR,440,0.430,0,15,4,C-RNTI,0,2,,Pass,0,First,0,5184,1,2,8,19584,0,1,0,16,16,6 bit LLR,542,0.529,0,Pass,0,First,0,5568,1,2,8,19584,1,1,0,16,16,6 bit LLR,582,0.568,0,,,,,,
3920,LTE_PHY_PDSCH_Decoding_Result,2021-11-29 18:43:22.269111,126,349,1,578,0,8,4,7382,PCC,7,,0,0,C-RNTI,0,2,,Pass,1,First,0,5312,2,3,8,28672,0,1,0,16,16,6 bit LLR,569,0.556,0,Pass,1,First,0,5696,2,3,8,28672,1,1,0,16,16,6 bit LLR,610,0.596,0,1,6,C-RNTI,0,2,,Pass,1,First,0,4032,0,1,8,10880,0,1,0,16,16,6 bit LLR,379,0.370,0,Pass,1,First,0,3648,1,2,8,16320,1,1,0,16,16,6 bit LLR,457,0.446,0,2,7,C-RNTI,0,2,,Pass,1,First,0,5184,1,2,8,18432,0,1,0,16,16,6 bit LLR,576,0.562,0,Pass,1,First,0,5952,1,2,8,27648,1,1,0,16,16,6 bit LLR,440,0.430,0,3,1,C-RNTI,0,2,,Pass,1,First,0,5184,3,4,8,52224,0,1,0,16,16,6 bit LLR,406,0.396,0,Pass,0,First,0,5760,3,4,8,52224,1,1,0,16,16,6 bit LLR,451,0.440,0,4,2,C-RNTI,0,2,,Pass,0,First,0,4608,0,1,8,10144,0,1,0,16,16,6 bit LLR,465,0.454,0,Pass,0,First,0,3264,1,2,8,15216,1,1,0,16,16,6 bit LLR,439,0.429,0,5,5,C-RNTI,0,2,,Pass,1,First,0,4032,0,1,8,10240,0,1,0,16,16,6 bit LLR,403,0.394,0,Pass,0,First,0,3648,1,2,8,15360,1,1,0,16,16,6 bit LLR,486,0.475,0,6,3,C-RNTI,0,2,,Pass,1,First,0,5568,1,2,8,19584,0,1,0,16,16,6 bit LLR,582,0.568,0,Pass,0,First,0,5568,1,2,8,19584,1,1,0,16,16,6 bit LLR,582,0.568,0,,,,,,
3932,LTE_PHY_PDSCH_Decoding_Result,2021-11-29 18:43:22.320192,126,349,8,578,0,8,4,7382,PCC,8,,0,4,C-RNTI,0,2,,Pass,1,First,0,5184,1,2,8,19584,0,1,0,16,16,6 bit LLR,542,0.529,0,Pass,1,First,0,5952,1,2,8,29376,1,1,0,16,16,6 bit LLR,414,0.404,0,1,0,C-RNTI,0,2,,Pass,0,First,0,1248,0,1,8,2784,0,1,0,16,16,6 bit LLR,459,0.448,0,Pass,0,First,0,3904,0,1,8,8352,1,1,0,16,16,6 bit LLR,478,0.467,0,6,6,C-RNTI,0,1,,Pass,0,First,0,800,0,1,8,2048,0,1,0,16,16,6 bit LLR,400,0.391,0,22,7,C-RNTI,0,1,,Pass,0,First,0,800,0,1,8,2048,0,1,0,16,16,6 bit LLR,400,0.391,0,40,1,C-RNTI,0,2,,Pass,0,First,0,6144,4,5,8,51200,0,1,0,16,16,6 bit LLR,614,0.600,0,Pass,1,First,0,5504,5,6,8,76800,1,1,0,16,16,6 bit LLR,440,0.430,0,41,2,C-RNTI,0,2,,Pass,1,First,0,5568,1,2,8,18432,0,1,0,16,16,6 bit LLR,618,0.604,0,Pass,1,First,0,5184,1,2,8,18432,1,1,0,16,16,6 bit LLR,576,0.562,0,49,5,C-RNTI,0,2,,Pass,0,First,0,832,0,1,8,1856,0,1,0,16,16,6 bit LLR,459,0.448,0,Pass,1,First,0,3136,0,1,8,5568,1,1,0,16,16,6 bit LLR,576,0.562,0,50,3,C-RNTI,0,2,,Fail,0,First,0,5184,3,4,8,49152,0,1,0,16,16,6 bit LLR,432,0.422,0,Pass,1,First,0,5760,3,4,8,49152,1,1,0,16,16,6 bit LLR,480,0.469,0
3920,LTE_PHY_PDSCH_Decoding_Result,2021-11-29 18:43:13.303102,126,349,5,705,0,8,4,7382,PCC,7,,0,6,C-RNTI,0,2,,Pass,1,First,0,5760,1,2,8,18368,0,1,0,16,16,6 bit LLR,642,0.627,0,Pass,0,First,0,4352,2,3,8,27552,1,1,0,16,16,6 bit LLR,485,0.474,0,1,1,C-RNTI,0,2,,Pass,0,First,0,4544,2,3,8,20416,0,1,0,16,16,6 bit LLR,683,0.667,0,Pass,0,First,0,4736,2,3,8,30624,1,1,0,16,16,6 bit LLR,475,0.464,0,2,3,C-RNTI,0,2,,Pass,1,First,0,4992,1,2,8,14848,0,1,0,16,16,6 bit LLR,688,0.672,0,Pass,0,First,0,5760,1,2,8,22272,1,1,0,16,16,6 bit LLR,529,0.517,0,3,4,C-RNTI,0,2,,Pass,1,First,0,4544,2,3,8,22272,0,1,0,16,16,6 bit LLR,626,0.611,0,Pass,1,Second,2,5312,2,3,8,33408,1,1,0,16,16,6 bit LLR,488,0.477,1,4,5,C-RNTI,0,2,,Pass,0,First,0,4160,1,2,8,14848,0,1,0,16,16,6 bit LLR,573,0.560,0,Pass,0,Second,2,4544,2,3,8,22272,1,1,0,16,16,6 bit LLR,626,0.611,1,5,2,C-RNTI,0,2,,Pass,0,First,0,4224,2,3,8,19904,0,1,0,16,16,6 bit LLR,651,0.636,0,Fail,0,First,0,5312,2,3,8,29856,1,1,0,16,16,6 bit LLR,546,0.533,0,6,7,C-RNTI,0,2,,Pass,0,First,0,6144,1,2,8,18560,0,1,0,16,16,6 bit LLR,677,0.661,0,Pass,1,First,0,4352,2,3,8,27840,1,1,0,16,16,6 bit LLR,480,0.469,0,,,,,,
3920,LTE_PHY_PDSCH_Decoding_Result,2021-11-29 18:43:13.310220,126,349,2,706,0,8,4,7382,PCC,7,,0,0,C-RNTI,0,2,,Pass,0,First,0,4224,2,3,8,20416,0,1,0,16,16,6 bit LLR,635,0.620,0,Pass,0,First,0,4736,2,3,8,30624,1,1,0,16,16,6 bit LLR,475,0.464,0,1,6,C-RNTI,0,2,,Pass,0,First,0,5568,1,2,8,16704,0,1,0,16,16,6 bit LLR,682,0.666,0,Fail,1,First,0,4736,2,3,8,25056,1,1,0,16,16,6 bit LLR,580,0.566,0,2,1,C-RNTI,0,2,,Pass,1,First,0,4224,2,3,8,20416,0,1,0,16,16,6 bit LLR,635,0.620,0,Pass,1,First,0,5312,2,3,8,30624,1,1,0,16,16,6 bit LLR,532,0.520,0,3,3,C-RNTI,0,2,,Pass,0,First,0,3136,1,2,8,10944,0,1,0,16,16,6 bit LLR,586,0.572,0,Fail,1,First,0,4800,1,2,8,16416,1,1,0,16,16,6 bit LLR,598,0.584,0,4,4,C-RNTI,0,2,,Pass,0,First,0,3648,1,2,8,11136,0,1,0,16,16,6 bit LLR,670,0.654,0,Fail,0,First,0,5184,1,2,8,16704,1,1,0,16,16,6 bit LLR,635,0.620,0,5,5,C-RNTI,0,2,,Pass,1,First,0,6144,1,2,8,18560,0,1,0,16,16,6 bit LLR,677,0.661,0,Pass,1,First,0,4352,2,3,8,27840,1,1,0,16,16,6 bit LLR,480,0.469,0,6,2,C-RNTI,0,2,,Pass,1,First,0,5760,1,2,8,20416,0,1,0,16,16,6 bit LLR,577,0.563,0,Pass,0,Second,2,5312,2,3,8,30624,1,1,1,16,16,6 bit LLR,532,0.520,1,,,,,,
3920,LTE_PHY_PDSCH_Decoding_Result,2021-11-29 18:43:13.317041,126,349,9,706,0,8,4,7382,PCC,7,,0,7,C-RNTI,0,2,,Fail,1,First,0,4928,2,3,8,22272,0,1,0,16,16,6 bit LLR,679,0.663,0,Fail,0,First,0,5888,2,3,8,33408,1,1,0,16,16,6 bit LLR,541,0.528,0,1,0,C-RNTI,0,2,,Pass,1,First,0,4928,2,3,8,23616,0,1,0,16,16,6 bit LLR,641,0.626,0,Pass,1,First,0,5696,2,3,8,35424,1,1,0,16,16,6 bit LLR,493,0.481,0,2,6,C-RNTI,0,2,,Pass,1,First,0,4608,1,2,8,16704,0,1,0,16,16,6 bit LLR,564,0.551,0,Pass,1,Second,2,4736,2,3,8,25056,1,1,0,16,16,6 bit LLR,580,0.566,1,3,1,C-RNTI,0,2,,Pass,0,First,0,4928,2,3,8,22272,0,1,0,16,16,6 bit LLR,679,0.663,0,Pass,0,First,0,5312,2,3,8,33408,1,1,0,16,16,6 bit LLR,488,0.477,0,4,3,C-RNTI,0,2,,Pass,1,First,0,3136,1,2,8,11136,0,1,0,16,16,6 bit LLR,576,0.562,0,Pass,1,Second,2,4800,1,2,8,16704,1,1,0,16,16,6 bit LLR,588,0.574,1,5,4,C-RNTI,0,2,,Pass,1,First,0,3648,1,2,8,11136,0,1,0,16,16,6 bit LLR,670,0.654,0,Pass,0,Second,2,5184,1,2,8,16704,1,1,0,16,16,6 bit LLR,635,0.620,1,6,5,C-RNTI,0,2,,Pass,0,First,0,4544,2,3,8,21696,0,1,0,16,16,6 bit LLR,643,0.628,0,Pass,0,First,0,5312,2,3,8,32544,1,1,0,16,16,6 bit LLR,501,0.489,0,,,,,,
3920,LTE_PHY_PDSCH_Decoding_Result,2021-11-29 18:43:13.324140,126,349,6,707,0,8,4,7382,PCC,7,,0,2,C-RNTI,0,2,,Pass,0,First,0,4544,2,3,8,22272,0,1,0,16,16,6 bit LLR,626,0.611,0,Pass,1,First,0,5888,2,3,8,33408,1,1,0,16,16,6 bit LLR,541,0.528,0,1,7,C-RNTI,0,2,,Pass,1,Second,2,4928,2,3,8,22272,0,1,0,16,16,6 bit LLR,679,0.663,1,Pass,0,Second,2,5888,2,3,8,33408,1,1,1,16,16,6 bit LLR,541,0.528,1,2,0,C-RNTI,0,2,,Pass,0,First,0,4544,2,3,8,22272,0,1,0,16,16,6 bit LLR,626,0.611,0,Pass,0,First,0,5312,2,3,8,33408,1,1,0,16,16,6 bit LLR,488,0.477,0,3,6,C-RNTI,0,2,,Pass,0,First,0,3648,1,2,8,12992,0,1,0,16,16,6 bit LLR,575,0.562,0,Fail,0,First,0,5568,1,2,8,19488,1,1,0,16,16,6 bit LLR,585,0.571,0,4,1,C-RNTI,0,2,,Pass,1,First,0,5760,1,2,8,18048,0,1,0,16,16,6 bit LLR,653,0.638,0,Pass,1,First,0,4352,2,3,8,27072,1,1,0,16,16,6 bit LLR,493,0.481,0,5,3,C-RNTI,0,2,,Pass,0,First,0,4544,2,3,8,22272,0,1,0,16,16,6 bit LLR,626,0.611,0,Pass,0,First,0,5312,2,3,8,33408,1,1,0,16,16,6 bit LLR,488,0.477,0,6,4,C-RNTI,0,2,,Pass,0,First,0,4608,1,2,8,14848,0,1,0,16,16,6 bit LLR,635,0.620,0,Fail,1,First,0,4224,2,3,8,22272,1,1,0,16,16,6 bit LLR,582,0.568,0,,,,,,
3920,LTE_PHY_PDSCH_Decoding_Result,2021-11-29 18:43:13.331276,126,349,3,708,0,8,4,7382,PCC,7,,0,5,C-RNTI,0,2,,Pass,1,First,0,5760,1,2,8,20416,0,1,0,16,16,6 bit LLR,577,0.563,0,Pass,1,First,0,5312,2,3,8,30624,1,1,0,16,16,6 bit LLR,532,0.520,0,1,2,C-RNTI,0,2,,Pass,1,First,0,4032,1,2,8,12992,0,1,0,16,16,6 bit LLR,635,0.620,0,Pass,0,First,0,5568,1,2,8,19488,1,1,0,16,16,6 bit LLR,585,0.571,0,2,7,C-RNTI,0,2,,Pass,0,First,0,3520,0,1,8,5472,0,1,0,16,16,6 bit LLR,658,0.643,0,Fail,1,First,0,4800,0,1,8,8208,1,1,0,16,16,6 bit LLR,598,0.584,0,3,0,C-RNTI,0,2,,Pass,1,First,0,5568,1,2,8,16704,0,1,0,16,16,6 bit LLR,682,0.666,0,Pass,1,First,0,5184,1,2,8,16704,1,1,0,16,16,6 bit LLR,635,0.620,0,4,6,C-RNTI,0,2,,Pass,1,First,0,4032,1,2,8,12992,0,1,0,16,16,6 bit LLR,635,0.620,0,Pass,0,Second,2,5568,1,2,8,19488,1,1,1,16,16,6 bit LLR,585,0.571,1,5,1,C-RNTI,0,2,,Pass,0,First,0,4224,2,3,8,20416,0,1,0,16,16,6 bit LLR,635,0.620,0,Pass,0,First,0,4736,2,3,8,30624,1,1,0,16,16,6 bit LLR,475,0.464,0,6,3,C-RNTI,0,2,,Pass,1,First,0,4544,2,3,8,22272,0,1,0,16,16,6 bit LLR,626,0.611,0,Pass,1,First,0,5312,2,3,8,33408,1,1,0,16,16,6 bit LLR,488,0.477,0,,,,,,
3920,LTE_PHY_PDSCH_Decoding_Result,2021-11-29 18:43:13.338103,126,349,0,709,0,8,4,7382,PCC,7,,0,4,C-RNTI,0,2,,Pass,1,First,0,4160,1,2,8,14592,0,1,0,16,16,6 bit LLR,583,0.569,0,Pass,1,Second,2,4224,2,3,8,21888,1,1,0,16,16,6 bit LLR,592,0.578,1,1,5,C-RNTI,0,2,,Pass,0,First,0,4224,2,3,8,20416,0,1,0,16,16,6 bit LLR,635,0.620,0,Pass,0,First,0,4736,2,3,8,30624,1,1,0,16,16,6 bit LLR,475,0.464,0,2,2,C-RNTI,0,2,,Pass,0,First,0,5184,1,2,8,16704,0,1,0,16,16,6 bit LLR,635,0.620,0,Pass,1,First,0,5952,1,2,8,25056,1,1,0,16,16,6 bit LLR,486,0.475,0,3,7,C-RNTI,0,2,,Pass,1,First,0,3136,0,1,8,5568,0,1,0,16,16,6 bit LLR,576,0.562,0,Pass,1,Second,2,4800,0,1,8,8352,1,1,0,16,16,6 bit LLR,588,0.574,1,4,0,C-RNTI,0,2,,Pass,0,First,0,4032,1,2,8,12992,0,1,0,16,16,6 bit LLR,635,0.620,0,Fail,0,First,0,5184,1,2,8,19488,1,1,0,16,16,6 bit LLR,544,0.531,0,5,6,C-RNTI,0,2,,Pass,0,First,0,4544,2,3,8,21792,0,1,0,16,16,6 bit LLR,640,0.625,0,Fail,1,First,0,5312,2,3,8,32688,1,1,0,16,16,6 bit LLR,499,0.487,0,6,1,C-RNTI,0,2,,Pass,1,First,0,6144,1,2,8,18560,0,1,0,16,16,6 bit LLR,677,0.661,0,Pass,1,First,0,5760,1,2,8,18560,1,1,0,16,16,6 bit LLR,635,0.620,0,,,,,,
3920,LTE_PHY_PDSCH_Decoding_Result,2021-11-29 18:43:13.345211,126,349,7,709,0,8,4,7382,PCC,7,,0,3,C-RNTI,0,2,,Pass,0,First,0,5760,1,2,8,18560,0,1,0,16,16,6 bit LLR,635,0.620,0,Pass,0,First,0,4352,2,3,8,27840,1,1,0,16,16,6 bit LLR,480,0.469,0,1,4,C-RNTI,0,2,,Pass,0,First,0,4544,2,3,8,22272,0,1,0,16,16,6 bit LLR,626,0.611,0,Fail,0,First,0,5312,2,3,8,33408,1,1,0,16,16,6 bit LLR,488,0.477,0,2,5,C-RNTI,0,2,,Pass,1,First,0,4544,2,3,8,24128,0,1,0,16,16,6 bit LLR,578,0.564,0,Fail,1,First,0,5696,2,3,8,36192,1,1,0,16,16,6 bit LLR,483,0.472,0,3,2,C-RNTI,0,2,,Pass,1,First,0,4544,2,3,8,22848,0,1,0,16,16,6 bit LLR,610,0.596,0,Fail,0,First,0,5696,2,3,8,34272,1,1,0,16,16,6 bit LLR,510,0.498,0,4,7,C-RNTI,0,2,,Pass,0,First,0,4608,1,2,8,16704,0,1,0,16,16,6 bit LLR,564,0.551,0,Fail,0,First,0,4736,2,3,8,25056,1,1,0,16,16,6 bit LLR,580,0.566,0,5,0,C-RNTI,0,2,,Pass,1,First,0,4032,1,2,8,12992,0,1,0,16,16,6 bit LLR,635,0.620,0,Pass,0,Second,2,5184,1,2,8,19488,1,1,0,16,16,6 bit LLR,544,0.531,1,6,6,C-RNTI,0,2,,Pass,1,First,0,6144,1,2,8,22272,0,1,0,16,16,6 bit LLR,564,0.551,0,Pass,1,Second,2,5312,2,3,8,33408,1,1,0,16,16,6 bit LLR,488,0.477,1,,,,,,
3920,LTE_PHY_PDSCH_Decoding_Result,2021-11-29 18:43:13.352017,126,349,4,710,0,8,4,7382,PCC,7,,0,1,C-RNTI,0,2,,Pass,0,First,0,5184,1,2,8,18560,0,1,0,16,16,6 bit LLR,572,0.559,0,Pass,0,First,0,4352,2,3,8,27840,1,1,0,16,16,6 bit LLR,480,0.469,0,1,3,C-RNTI,0,2,,Fail,1,First,0,3520,1,2,8,11040,0,1,0,16,16,6 bit LLR,652,0.637,0,Fail,1,First,0,3904,1,2,8,16560,1,1,0,16,16,6 bit LLR,482,0.471,0,2,4,C-RNTI,0,2,,Pass,1,First,0,6144,1,2,8,22272,0,1,0,16,16,6 bit LLR,564,0.551,0,Pass,0,Second,2,5312,2,3,8,33408,1,1,1,16,16,6 bit LLR,488,0.477,1,3,5,C-RNTI,0,2,,Pass,0,First,0,4544,2,3,8,24128,0,1,0,16,16,6 bit LLR,578,0.564,0,Pass,1,Second,2,5696,2,3,8,36192,1,1,2,16,16,6 bit LLR,483,0.472,1,4,2,C-RNTI,0,2,,Pass,0,First,0,4544,2,3,8,24128,0,1,0,16,16,6 bit LLR,578,0.564,0,Pass,0,Second,2,5696,2,3,8,36192,1,1,0,16,16,6 bit LLR,483,0.472,1,5,7,C-RNTI,0,2,,Pass,1,First,0,4608,1,2,8,16704,0,1,0,16,16,6 bit LLR,564,0.551,0,Pass,0,Second,2,4736,2,3,8,25056,1,1,0,16,16,6 bit LLR,580,0.566,1,6,0,C-RNTI,0,2,,Pass,0,First,0,5568,1,2,8,20992,0,1,0,16,16,6 bit LLR,543,0.530,0,Fail,1,First,0,4928,2,3,8,20992,1,1,0,16,16,6 bit LLR,721,0.704,0,,,,,,
3920,LTE_PHY_PDSCH_Decoding_Result,2021-11-29 18:43:13.359155,126,349,1,711,0,8,4,7382,PCC,7,,0,6,C-RNTI,0,2,,Pass,0,First,0,6144,1,2,8,22272,0,1,0,16,16,6 bit LLR,564,0.551,0,Pass,0,First,0,4544,2,3,8,22272,1,1,0,16,16,6 bit LLR,626,0.611,0,1,1,C-RNTI,0,2,,Pass,1,First,0,4544,2,3,8,24128,0,1,0,16,16,6 bit LLR,578,0.564,0,Pass,1,First,0,5312,2,3,8,24128,1,1,0,16,16,6 bit LLR,676,0.660,0,2,3,C-RNTI,0,2,,Pass,1,Second,2,3520,1,2,8,11136,0,1,1,16,16,6 bit LLR,647,0.632,1,Pass,1,Second,2,3904,1,2,8,16704,1,1,0,16,16,6 bit LLR,478,0.467,1,3,4,C-RNTI,0,2,,Pass,0,First,0,4544,2,3,8,24128,0,1,0,16,16,6 bit LLR,578,0.564,0,Pass,1,First,0,4928,2,3,8,24128,1,1,0,16,16,6 bit LLR,627,0.612,0,4,5,C-RNTI,0,2,,Pass,1,First,0,3136,1,2,8,11136,0,1,0,16,16,6 bit LLR,576,0.562,0,Pass,0,First,0,3648,1,2,8,11136,1,1,0,16,16,6 bit LLR,670,0.654,0,5,2,C-RNTI,0,2,,Pass,1,First,0,3520,1,2,8,11136,0,1,0,16,16,6 bit LLR,647,0.632,0,Pass,1,First,0,3136,1,2,8,11136,1,1,0,16,16,6 bit LLR,576,0.562,0,6,7,C-RNTI,0,2,,Pass,0,First,0,5952,1,2,8,24128,0,1,0,16,16,6 bit LLR,505,0.493,0,Pass,1,First,0,5312,2,3,8,24128,1,1,0,16,16,6 bit LLR,676,0.660,0,,,,,,
3920,LTE_PHY_PDSCH_Decoding_Result,2021-11-29 18:43:13.366271,126,349,8,711,0,8,4,7382,PCC,7,,0,0,C-RNTI,0,2,,Pass,1,First,0,6144,1,2,8,22272,0,1,0,16,16,6 bit LLR,564,0.551,0,Pass,1,Second,2,4928,2,3,8,22272,1,1,1,16,16,6 bit LLR,679,0.663,1,1,6,C-RNTI,0,2,,Pass,1,First,0,4608,1,2,8,16704,0,1,0,16,16,6 bit LLR,564,0.551,0,Pass,1,First,0,5184,1,2,8,16704,1,1,0,16,16,6 bit LLR,635,0.620,0,2,1,C-RNTI,0,2,,Pass,0,First,0,4992,1,2,8,16384,0,1,0,16,16,6 bit LLR,624,0.609,0,Pass,0,First,0,4608,1,2,8,16384,1,1,0,16,16,6 bit LLR,576,0.562,0,3,3,C-RNTI,0,2,,Pass,0,First,0,6144,1,2,8,20480,0,1,0,16,16,6 bit LLR,614,0.600,0,Pass,0,First,0,6144,1,2,8,20480,1,1,0,16,16,6 bit LLR,614,0.600,0,4,4,C-RNTI,0,2,,Pass,1,First,0,4544,2,3,8,24576,0,1,0,16,16,6 bit LLR,568,0.555,0,Pass,0,First,0,4544,2,3,8,24576,1,1,0,16,16,6 bit LLR,568,0.555,0,5,5,C-RNTI,0,2,,Pass,0,First,0,4544,2,3,8,22528,0,1,0,16,16,6 bit LLR,619,0.604,0,Pass,1,First,0,4736,2,3,8,33792,1,1,0,16,16,6 bit LLR,430,0.420,0,6,2,C-RNTI,0,2,,Pass,0,First,0,4992,1,2,8,16384,0,1,0,16,16,6 bit LLR,624,0.609,0,Pass,0,First,0,4608,1,2,8,16384,1,1,0,16,16,6 bit LLR,576,0.562,0,,,,,,
3920,LTE_PHY_PDSCH_Decoding_Result,2021-11-29 18:43:13.373096,126,349,5,712,0,8,4,7382,PCC,7,,0,7,C-RNTI,0,2,,Pass,1,First,0,6144,1,2,8,20384,0,1,0,16,16,6 bit LLR,617,0.603,0,Pass,0,First,0,6144,1,2,8,20384,1,1,0,16,16,6 bit LLR,617,0.603,0,1,0,C-RNTI,0,2,,Pass,0,First,0,4224,2,3,8,22528,0,1,0,16,16,6 bit LLR,576,0.562,0,Pass,0,First,0,4736,2,3,8,33792,1,1,0,16,16,6 bit LLR,430,0.420,0,2,6,C-RNTI,0,2,,Pass,0,First,0,4928,2,3,8,24576,0,1,0,16,16,6 bit LLR,616,0.602,0,Pass,0,First,0,5312,2,3,8,36864,1,1,0,16,16,6 bit LLR,442,0.432,0,3,1,C-RNTI,0,2,,Fail,1,First,0,5888,2,3,8,36864,0,1,0,16,16,6 bit LLR,490,0.479,0,Pass,1,First,0,4928,2,3,8,24576,1,1,0,16,16,6 bit LLR,616,0.602,0,4,3,C-RNTI,0,2,,Fail,1,First,0,5184,1,2,8,24576,0,1,0,16,16,6 bit LLR,432,0.422,0,Pass,1,First,0,5184,1,2,8,24576,1,1,0,16,16,6 bit LLR,432,0.422,0,5,4,C-RNTI,0,2,,Pass,0,First,0,4608,1,2,8,15104,0,1,0,16,16,6 bit LLR,624,0.609,0,Pass,1,First,0,4992,1,2,8,15104,1,1,0,16,16,6 bit LLR,676,0.660,0,6,5,C-RNTI,0,2,,Pass,1,First,0,4928,2,3,8,24576,0,1,0,16,16,6 bit LLR,616,0.602,0,Pass,0,First,0,4544,2,3,8,24576,1,1,0,16,16,6 bit LLR,568,0.555,0,,,,,,
2288,LTE_PHY_PDSCH_Decoding_Result,2021-11-29 18:43:04.620565,126,349,2,842,0,8,4,7382,PCC,7,,0,6,C-RNTI,0,1,,Pass,0,First,0,200,0,1,8,928,0,1,0,16,16,6 bit LLR,220,0.215,0,11,4,C-RNTI,0,1,,Fail,0,First,0,800,0,1,8,1856,0,1,0,16,16,6 bit LLR,441,0.431,0,12,5,C-RNTI,0,2,,Pass,1,First,0,4928,2,3,8,22272,0,1,0,16,16,6 bit LLR,679,0.663,0,Pass,0,First,0,4928,2,3,8,22272,1,1,0,16,16,6 bit LLR,679,0.663,0,13,3,C-RNTI,0,1,,Pass,0,First,0,800,0,1,8,1856,0,1,0,16,16,6 bit LLR,441,0.431,0,19,4,C-RNTI,0,1,,Pass,0,Second,2,800,0,1,8,1856,0,1,0,16,16,6 bit LLR,441,0.431,1,72,1,C-RNTI,0,1,,Pass,1,First,0,200,0,1,8,928,0,1,0,16,16,6 bit LLR,220,0.215,0,80,2,C-RNTI,0,1,,Pass,0,First,0,704,0,1,8,1856,0,1,0,16,16,6 bit LLR,388,0.379,0,,,,,,,,,,,,,,,,,,,,,,,,,,,,,,,,,,,,,,,,,,,,,,,,,,,,,,,,,,,,,,,,,,,,,,,,,,,,,,,,,,,,,,,,,,,,,,,,,,,,,,,,,,,,,,,,,,
3412,LTE_PHY_PDSCH_Decoding_Result,2021-11-29 18:42:44.850765,126,349,2,921,0,8,4,7382,PCC,10,,0,4,C-RNTI,0,2,,Pass,1,Second,2,5760,3,4,8,49152,0,1,1,16,16,6 bit LLR,480,0.469,1,Pass,1,Second,2,4992,3,4,8,32768,1,1,1,16,16,6 bit LLR,624,0.609,1,1,7,C-RNTI,0,1,,Pass,1,Second,2,4928,4,5,8,58368,0,1,2,16,16,6 bit LLR,432,0.422,1,2,6,C-RNTI,0,2,,Pass,1,Second,2,4736,2,3,8,33792,0,1,1,16,16,6 bit LLR,430,0.420,1,Pass,0,Second,2,4544,2,3,8,22528,1,1,1,16,16,6 bit LLR,619,0.604,1,3,5,C-RNTI,0,1,,Pass,0,Second,2,4800,3,4,8,39216,0,1,3,16,16,6 bit LLR,501,0.489,1,5,3,C-RNTI,0,1,,Pass,1,Second,2,4928,2,3,8,30720,0,1,1,16,16,6 bit LLR,492,0.480,1,17,0,C-RNTI,0,1,,Pass,0,First,0,200,0,1,8,928,0,1,0,16,16,6 bit LLR,220,0.215,0,67,1,C-RNTI,0,1,,Pass,0,First,0,200,0,1,8,928,0,1,0,16,16,6 bit LLR,220,0.215,0,69,2,C-RNTI,0,1,,Pass,1,First,0,800,0,1,8,1856,0,1,0,16,16,6 bit LLR,441,0.431,0,92,4,C-RNTI,0,1,,Pass,0,First,0,704,0,1,8,1856,0,1,0,16,16,6 bit LLR,388,0.379,0,117,7,C-RNTI,0,1,,Pass,0,First,0,200,0,1,8,928,0,1,0,16,16,6 bit LLR,220,0.215,0,,,,,,,,,,,,,,,,,,,,,,,,
3920,LTE_PHY_PDSCH_Decoding_Result,2021-11-29 18:42:44.939163,126,202,4,920,0,8,4,7382,SCC,7,,0,5,C-RNTI,0,2,,Pass,0,First,0,4736,2,3,8,36352,0,1,0,16,16,6 bit LLR,400,0.391,2,Pass,1,First,0,5504,2,3,8,36352,1,1,0,16,16,6 bit LLR,465,0.454,2,1,0,C-RNTI,0,2,,Pass,1,First,0,5184,1,2,8,25680,0,1,0,16,16,6 bit LLR,413,0.403,2,Pass,1,First,0,4352,2,3,8,25680,1,1,0,16,16,6 bit LLR,520,0.508,2,2,4,C-RNTI,0,2,,Pass,0,First,0,5120,2,3,8,38400,0,1,0,16,16,6 bit LLR,409,0.399,2,Pass,1,First,0,5696,2,3,8,38400,1,1,0,16,16,6 bit LLR,455,0.444,2,3,2,C-RNTI,0,2,,Pass,1,First,0,4224,2,3,8,28160,0,1,0,16,16,6 bit LLR,460,0.449,2,Pass,0,First,0,5312,2,3,8,28160,1,1,0,16,16,6 bit LLR,579,0.565,2,4,6,C-RNTI,0,2,,Pass,1,First,0,5120,2,3,8,38400,0,1,0,16,16,6 bit LLR,409,0.399,2,Pass,0,First,0,5696,2,3,8,38400,1,1,0,16,16,6 bit LLR,455,0.444,2,5,1,C-RNTI,0,2,,Pass,1,First,0,6144,1,2,8,30720,0,1,0,16,16,6 bit LLR,409,0.399,2,Pass,1,First,0,5120,2,3,8,30720,1,1,0,16,16,6 bit LLR,512,0.500,2,213,3,C-RNTI,0,2,,Pass,0,First,0,4608,1,2,8,20480,0,1,0,16,16,6 bit LLR,460,0.449,0,Pass,1,First,0,4032,1,2,8,20480,1,1,0,16,16,6 bit LLR,403,0.394,0,,,,,,
3920,LTE_PHY_PDSCH_Decoding_Result,2021-11-29 18:43:09.100247,126,349,2,285,0,8,4,7382,PCC,7,,0,3,C-RNTI,0,2,,Pass,1,Second,2,5184,1,2,8,16704,0,1,1,16,16,6 bit LLR,635,0.620,1,Fail,0,First,0,5568,1,2,8,16704,1,1,0,16,16,6 bit LLR,682,0.666,0,1,4,C-RNTI,0,2,,Pass,1,Second,2,4608,1,2,8,19488,0,1,0,16,16,6 bit LLR,484,0.473,1,Pass,1,First,0,3264,1,2,8,12992,1,1,0,16,16,6 bit LLR,514,0.502,0,2,0,C-RNTI,0,2,,Pass,0,First,0,4608,1,2,8,14848,0,1,0,16,16,6 bit LLR,635,0.620,0,Pass,1,First,0,5184,1,2,8,22272,1,1,0,16,16,6 bit LLR,476,0.465,0,3,2,C-RNTI,0,2,,Pass,0,First,0,4928,2,3,8,24032,0,1,0,16,16,6 bit LLR,629,0.614,0,Pass,1,First,0,5952,1,2,8,24032,1,1,0,16,16,6 bit LLR,507,0.495,0,4,1,C-RNTI,0,2,,Pass,0,First,0,4544,2,3,8,22272,0,1,0,16,16,6 bit LLR,626,0.611,0,Pass,0,First,0,4544,2,3,8,22272,1,1,0,16,16,6 bit LLR,626,0.611,0,5,6,C-RNTI,0,2,,Pass,1,First,0,4544,2,3,8,22272,0,1,0,16,16,6 bit LLR,626,0.611,0,Pass,1,First,0,4544,2,3,8,22272,1,1,0,16,16,6 bit LLR,626,0.611,0,6,5,C-RNTI,0,2,,Fail,1,First,0,4544,2,3,8,22272,0,1,0,16,16,6 bit LLR,626,0.611,0,Fail,1,First,0,4544,2,3,8,22272,1,1,0,16,16,6 bit LLR,626,0.611,0,,,,,,
3920,LTE_PHY_PDSCH_Decoding_Result,2021-11-29 18:43:09.107030,126,349,9,285,0,8,4,7382,PCC,7,,0,7,C-RNTI,0,2,,Pass,0,Second,2,5184,1,2,8,22272,0,1,0,16,16,6 bit LLR,476,0.465,1,Pass,1,First,0,3648,1,2,8,14848,1,1,0,16,16,6 bit LLR,503,0.491,0,1,3,C-RNTI,0,2,,Pass,0,First,0,3136,1,2,8,15168,0,1,0,16,16,6 bit LLR,423,0.413,0,Pass,0,Second,2,5568,1,2,8,15168,1,1,0,16,16,6 bit LLR,751,0.733,1,2,4,C-RNTI,0,2,,Pass,0,First,0,4544,2,3,8,22272,0,1,0,16,16,6 bit LLR,626,0.611,0,Pass,0,First,0,4544,2,3,8,22272,1,1,0,16,16,6 bit LLR,626,0.611,0,3,0,C-RNTI,0,2,,Pass,1,First,0,4544,2,3,8,24128,0,1,0,16,16,6 bit LLR,578,0.564,0,Pass,0,First,0,5952,1,2,8,24128,1,1,0,16,16,6 bit LLR,505,0.493,0,4,2,C-RNTI,0,2,,Pass,1,First,0,4544,2,3,8,22272,0,1,0,16,16,6 bit LLR,626,0.611,0,Pass,0,First,0,4544,2,3,8,22272,1,1,0,16,16,6 bit LLR,626,0.611,0,5,1,C-RNTI,0,2,,Pass,1,First,0,6144,1,2,8,22272,0,1,0,16,16,6 bit LLR,564,0.551,0,Pass,1,First,0,4544,2,3,8,22272,1,1,0,16,16,6 bit LLR,626,0.611,0,6,6,C-RNTI,0,2,,Pass,0,First,0,5184,0,1,8,9184,0,1,0,16,16,6 bit LLR,578,0.564,0,Pass,0,First,0,3136,1,2,8,9184,1,1,0,16,16,6 bit LLR,699,0.683,0,,,,,,
3920,LTE_PHY_PDSCH_Decoding_Result,2021-11-29 18:43:09.114179,126,349,6,286,0,8,4,7382,PCC,7,,0,5,C-RNTI,0,2,,Pass,1,Second,2,4544,2,3,8,22272,0,1,0,16,16,6 bit LLR,626,0.611,1,Pass,1,Second,2,4544,2,3,8,22272,1,1,1,16,16,6 bit LLR,626,0.611,1,1,7,C-RNTI,0,2,,Pass,1,First,0,3648,1,2,8,14848,0,1,0,16,16,6 bit LLR,503,0.491,0,Pass,0,First,0,5184,1,2,8,22272,1,1,0,16,16,6 bit LLR,476,0.465,0,2,3,C-RNTI,0,2,,Pass,1,First,0,4160,1,2,8,14848,0,1,0,16,16,6 bit LLR,573,0.560,0,Pass,1,First,0,4992,1,2,8,14848,1,1,0,16,16,6 bit LLR,688,0.672,0,3,4,C-RNTI,0,2,,Pass,1,First,0,3136,1,2,8,11136,0,1,0,16,16,6 bit LLR,576,0.562,0,Pass,1,First,0,3648,1,2,8,11136,1,1,0,16,16,6 bit LLR,670,0.654,0,4,0,C-RNTI,0,2,,Pass,0,First,0,3136,1,2,8,12032,0,1,0,16,16,6 bit LLR,533,0.521,0,Fail,1,First,0,3648,1,2,8,12032,1,1,0,16,16,6 bit LLR,620,0.605,0,5,2,C-RNTI,0,2,,Pass,0,First,0,3264,1,2,8,12992,0,1,0,16,16,6 bit LLR,514,0.502,0,Pass,1,First,0,4608,1,2,8,19488,1,1,0,16,16,6 bit LLR,484,0.473,0,6,1,C-RNTI,0,2,,Pass,0,First,0,4160,1,2,8,14848,0,1,0,16,16,6 bit LLR,573,0.560,0,Pass,0,First,0,4992,1,2,8,14848,1,1,0,16,16,6 bit LLR,688,0.672,0,,,,,,
3920,LTE_PHY_PDSCH_Decoding_Result,2021-11-29 18:43:09.121307,126,349,3,287,0,8,4,7382,PCC,7,,0,6,C-RNTI,0,2,,Pass,1,First,0,5184,1,2,8,20480,0,1,0,16,16,6 bit LLR,518,0.506,0,Pass,1,First,0,4352,2,3,8,30720,1,1,0,16,16,6 bit LLR,435,0.425,0,1,5,C-RNTI,0,2,,Pass,0,First,0,5184,1,2,8,20480,0,1,0,16,16,6 bit LLR,518,0.506,0,Pass,0,First,0,4352,2,3,8,30720,1,1,0,16,16,6 bit LLR,435,0.425,0,2,7,C-RNTI,0,2,,Pass,0,First,0,4288,1,2,8,14240,0,1,0,16,16,6 bit LLR,616,0.602,0,Pass,1,First,0,4608,1,2,8,21360,1,1,0,16,16,6 bit LLR,441,0.431,0,3,3,C-RNTI,0,2,,Pass,0,First,0,4608,1,2,8,16384,0,1,0,16,16,6 bit LLR,576,0.562,0,Fail,0,First,0,5760,1,2,8,24576,1,1,0,16,16,6 bit LLR,480,0.469,0,4,4,C-RNTI,0,2,,Pass,0,First,0,5184,1,2,8,18432,0,1,0,16,16,6 bit LLR,576,0.562,0,Pass,0,First,0,5952,1,2,8,27648,1,1,0,16,16,6 bit LLR,440,0.430,0,5,0,C-RNTI,0,2,,Pass,1,First,0,3648,1,2,8,12288,0,1,0,16,16,6 bit LLR,608,0.594,0,Pass,1,Second,2,3648,1,2,8,12288,1,1,1,16,16,6 bit LLR,608,0.594,1,6,2,C-RNTI,0,2,,Pass,1,First,0,3136,1,2,8,12288,0,1,0,16,16,6 bit LLR,522,0.510,0,Pass,0,First,0,3904,1,2,8,18432,1,1,0,16,16,6 bit LLR,433,0.423,0,,,,,,
3920,LTE_PHY_PDSCH_Decoding_Result,2021-11-29 18:43:09.128121,126,349,0,288,0,8,4,7382,PCC,7,,0,1,C-RNTI,0,2,,Pass,1,First,0,3136,1,2,8,12032,0,1,0,16,16,6 bit LLR,533,0.521,0,Pass,1,First,0,3904,1,2,8,18048,1,1,0,16,16,6 bit LLR,443,0.433,0,1,6,C-RNTI,0,2,,Pass,0,First,0,4288,1,2,8,14336,0,1,0,16,16,6 bit LLR,612,0.598,0,Pass,0,First,0,4608,1,2,8,21504,1,1,0,16,16,6 bit LLR,438,0.428,0,2,5,C-RNTI,0,2,,Pass,1,First,0,3136,1,2,8,11136,0,1,0,16,16,6 bit LLR,576,0.562,0,Pass,1,First,0,3904,1,2,8,16704,1,1,0,16,16,6 bit LLR,478,0.467,0,3,7,C-RNTI,0,2,,Pass,1,First,0,5184,1,2,8,18432,0,1,0,16,16,6 bit LLR,576,0.562,0,Pass,0,First,0,5952,1,2,8,27648,1,1,0,16,16,6 bit LLR,440,0.430,0,4,3,C-RNTI,0,2,,Pass,1,First,0,4608,1,2,8,16384,0,1,0,16,16,6 bit LLR,576,0.562,0,Pass,0,Second,2,5760,1,2,8,24576,1,1,1,16,16,6 bit LLR,480,0.469,1,5,4,C-RNTI,0,2,,Pass,1,First,0,5760,0,1,8,10048,0,1,0,16,16,6 bit LLR,587,0.573,0,Pass,1,First,0,3264,1,2,8,15072,1,1,0,16,16,6 bit LLR,443,0.433,0,6,0,C-RNTI,0,2,,Pass,0,First,0,4608,1,2,8,16384,0,1,0,16,16,6 bit LLR,576,0.562,0,Pass,0,First,0,5184,1,2,8,24576,1,1,0,16,16,6 bit LLR,432,0.422,0,,,,,,
3920,LTE_PHY_PDSCH_Decoding_Result,2021-11-29 18:43:09.135180,126,349,7,288,0,8,4,7382,PCC,7,,0,2,C-RNTI,0,2,,Pass,0,First,0,4608,1,2,8,16384,0,1,0,16,16,6 bit LLR,576,0.562,0,Pass,1,First,0,5184,1,2,8,24576,1,1,0,16,16,6 bit LLR,432,0.422,0,1,1,C-RNTI,0,2,,Pass,0,First,0,4160,1,2,8,14848,0,1,0,16,16,6 bit LLR,573,0.560,0,Pass,0,First,0,4992,1,2,8,14848,1,1,0,16,16,6 bit LLR,688,0.672,0,2,6,C-RNTI,0,2,,Pass,1,First,0,4288,1,2,8,14336,0,1,0,16,16,6 bit LLR,612,0.598,0,Pass,1,First,0,4608,1,2,8,21504,1,1,0,16,16,6 bit LLR,438,0.428,0,3,5,C-RNTI,0,2,,Pass,0,First,0,4608,1,2,8,15872,0,1,0,16,16,6 bit LLR,594,0.580,0,Pass,0,First,0,5184,1,2,8,23808,1,1,0,16,16,6 bit LLR,445,0.435,0,4,7,C-RNTI,0,2,,Pass,0,First,0,4160,1,2,8,16384,0,1,0,16,16,6 bit LLR,520,0.508,0,Pass,1,First,0,5184,1,2,8,24576,1,1,0,16,16,6 bit LLR,432,0.422,0,5,3,C-RNTI,0,2,,Pass,0,First,0,4288,1,2,8,14336,0,1,0,16,16,6 bit LLR,612,0.598,0,Pass,1,First,0,4608,1,2,8,21504,1,1,0,16,16,6 bit LLR,438,0.428,0,6,4,C-RNTI,0,2,,Pass,0,First,0,4608,1,2,8,16384,0,1,0,16,16,6 bit LLR,576,0.562,0,Pass,0,First,0,5760,1,2,8,24576,1,1,0,16,16,6 bit LLR,480,0.469,0,,,,,,
3920,LTE_PHY_PDSCH_Decoding_Result,2021-11-29 18:43:09.142061,126,349,4,289,0,8,4,7382,PCC,7,,0,0,C-RNTI,0,2,,Fail,1,First,0,3904,1,2,8,18432,0,1,0,16,16,6 bit LLR,433,0.423,0,Fail,1,First,0,3904,1,2,8,18432,1,1,0,16,16,6 bit LLR,433,0.423,0,1,2,C-RNTI,0,2,,Pass,1,First,0,4928,2,3,8,24384,0,1,0,16,16,6 bit LLR,620,0.605,0,Pass,0,First,0,4928,2,3,8,24384,1,1,0,16,16,6 bit LLR,620,0.605,0,2,1,C-RNTI,0,2,,Pass,1,First,0,5312,2,3,8,26624,0,1,0,16,16,6 bit LLR,612,0.598,0,Pass,1,First,0,5696,2,3,8,39936,1,1,0,16,16,6 bit LLR,438,0.428,0,3,6,C-RNTI,0,2,,Pass,0,First,0,4224,2,3,8,22528,0,1,0,16,16,6 bit LLR,576,0.562,0,Pass,0,First,0,4736,2,3,8,33792,1,1,0,16,16,6 bit LLR,430,0.420,0,4,5,C-RNTI,0,2,,Pass,1,First,0,5312,2,3,8,26624,0,1,0,16,16,6 bit LLR,612,0.598,0,Pass,1,First,0,5696,2,3,8,39936,1,1,0,16,16,6 bit LLR,438,0.428,0,5,7,C-RNTI,0,2,,Pass,1,First,0,4032,1,2,8,14336,0,1,0,16,16,6 bit LLR,576,0.562,0,Fail,0,First,0,5184,1,2,8,21504,1,1,0,16,16,6 bit LLR,493,0.481,0,6,3,C-RNTI,0,2,,Fail,1,First,0,5184,1,2,8,21504,0,1,0,16,16,6 bit LLR,493,0.481,0,Pass,0,First,0,4288,1,2,8,14336,1,1,0,16,16,6 bit LLR,612,0.598,0,,,,,,
3920,LTE_PHY_PDSCH_Decoding_Result,2021-11-29 18:43:09.149178,126,349,1,290,0,8,4,7382,PCC,7,,0,4,C-RNTI,0,2,,Pass,1,First,0,5312,2,3,8,26624,0,1,0,16,16,6 bit LLR,612,0.598,0,Pass,1,First,0,5696,2,3,8,39936,1,1,0,16,16,6 bit LLR,438,0.428,0,1,0,C-RNTI,0,2,,Pass,1,Second,2,3904,1,2,8,18432,0,1,0,16,16,6 bit LLR,433,0.423,1,Pass,1,Second,2,3904,1,2,8,18432,1,1,1,16,16,6 bit LLR,433,0.423,1,2,2,C-RNTI,0,2,,Pass,0,First,0,4928,2,3,8,24576,0,1,0,16,16,6 bit LLR,616,0.602,0,Pass,1,First,0,5312,2,3,8,36864,1,1,0,16,16,6 bit LLR,442,0.432,0,3,1,C-RNTI,0,2,,Pass,0,First,0,5312,2,3,8,26624,0,1,0,16,16,6 bit LLR,612,0.598,0,Pass,0,First,0,5312,2,3,8,26624,1,1,0,16,16,6 bit LLR,612,0.598,0,4,6,C-RNTI,0,2,,Pass,1,First,0,3648,1,2,8,11040,0,1,0,16,16,6 bit LLR,676,0.660,0,Pass,1,First,0,3648,1,2,8,11040,1,1,0,16,16,6 bit LLR,676,0.660,0,5,5,C-RNTI,0,2,,Pass,0,First,0,5568,1,2,8,18432,0,1,0,16,16,6 bit LLR,618,0.604,0,Pass,0,First,0,5568,1,2,8,18432,1,1,0,16,16,6 bit LLR,618,0.604,0,6,7,C-RNTI,0,2,,Pass,0,First,0,3648,1,2,8,12992,0,1,0,16,16,6 bit LLR,575,0.562,0,Pass,0,Second,2,5184,1,2,8,19488,1,1,1,16,16,6 bit LLR,544,0.531,1,,,,,,
3920,LTE_PHY_PDSCH_Decoding_Result,2021-11-29 18:43:09.156309,126,349,8,290,0,8,4,7382,PCC,7,,0,3,C-RNTI,0,2,,Pass,1,Second,2,5184,1,2,8,21504,0,1,0,16,16,6 bit LLR,493,0.481,1,Pass,1,First,0,4288,1,2,8,14336,1,1,0,16,16,6 bit LLR,612,0.598,0,1,4,C-RNTI,0,2,,Pass,0,First,0,3648,1,2,8,11136,0,1,0,16,16,6 bit LLR,670,0.654,0,Pass,0,First,0,3520,1,2,8,11136,1,1,0,16,16,6 bit LLR,647,0.632,0,2,0,C-RNTI,0,2,,Pass,0,First,0,4992,1,2,8,16128,0,1,0,16,16,6 bit LLR,633,0.618,0,Pass,0,First,0,4992,1,2,8,16128,1,1,0,16,16,6 bit LLR,633,0.618,0,3,2,C-RNTI,0,2,,Pass,1,First,0,5184,1,2,8,18432,0,1,0,16,16,6 bit LLR,576,0.562,0,Pass,0,First,0,5568,1,2,8,18432,1,1,0,16,16,6 bit LLR,618,0.604,0,4,1,C-RNTI,0,2,,Fail,1,First,0,5184,1,2,8,24576,0,1,0,16,16,6 bit LLR,432,0.422,0,Pass,1,First,0,5184,1,2,8,24576,1,1,0,16,16,6 bit LLR,432,0.422,0,5,6,C-RNTI,0,2,,Pass,0,First,0,5184,1,2,8,16704,0,1,0,16,16,6 bit LLR,635,0.620,0,Pass,0,First,0,5184,1,2,8,16704,1,1,0,16,16,6 bit LLR,635,0.620,0,6,5,C-RNTI,0,2,,Pass,1,First,0,3520,1,2,8,12288,0,1,0,16,16,6 bit LLR,586,0.572,0,Pass,1,First,0,3904,1,2,8,18432,1,1,0,16,16,6 bit LLR,433,0.423,0,,,,,,
3920,LTE_PHY_PDSCH_Decoding_Result,2021-11-29 18:43:09.163119,126,349,5,291,0,8,4,7382,PCC,7,,0,7,C-RNTI,0,2,,Pass,1,First,0,4608,1,2,8,17856,0,1,0,16,16,6 bit LLR,528,0.516,0,Pass,1,First,0,5952,1,2,8,26784,1,1,0,16,16,6 bit LLR,455,0.444,0,1,3,C-RNTI,0,2,,Fail,0,First,0,5184,1,2,8,24576,0,1,0,16,16,6 bit LLR,432,0.422,0,Pass,0,First,0,5184,1,2,8,24576,1,1,0,16,16,6 bit LLR,432,0.422,0,2,4,C-RNTI,0,2,,Pass,1,First,0,4608,1,2,8,16704,0,1,0,16,16,6 bit LLR,564,0.551,0,Pass,1,First,0,5184,1,2,8,16704,1,1,0,16,16,6 bit LLR,635,0.620,0,3,0,C-RNTI,0,2,,Fail,1,First,0,5184,1,2,8,24576,0,1,0,16,16,6 bit LLR,432,0.422,0,Fail,1,First,0,5760,1,2,8,24576,1,1,0,16,16,6 bit LLR,480,0.469,0,4,2,C-RNTI,0,2,,Pass,0,First,0,4608,1,2,8,21504,0,1,0,16,16,6 bit LLR,438,0.428,0,Pass,1,First,0,3648,1,2,8,14336,1,1,0,16,16,6 bit LLR,521,0.509,0,5,1,C-RNTI,0,2,,Pass,1,Second,2,5184,1,2,8,23808,0,1,0,16,16,6 bit LLR,445,0.435,1,Pass,0,First,0,4608,1,2,8,15872,1,1,0,16,16,6 bit LLR,594,0.580,0,6,6,C-RNTI,0,2,,Pass,1,First,0,5184,1,2,8,18560,0,1,0,16,16,6 bit LLR,572,0.559,0,Pass,1,First,0,5184,1,2,8,18560,1,1,0,16,16,6 bit LLR,572,0.559,0,,,,,,
3920,LTE_PHY_PDSCH_Decoding_Result,2021-11-29 18:43:09.170242,126,349,2,292,0,8,4,7382,PCC,7,,0,5,C-RNTI,0,2,,Pass,0,First,0,4928,2,3,8,26624,0,1,0,16,16,6 bit LLR,568,0.555,0,Pass,0,First,0,5312,2,3,8,26624,1,1,0,16,16,6 bit LLR,612,0.598,0,1,7,C-RNTI,0,2,,Pass,0,First,0,4608,1,2,8,16384,0,1,0,16,16,6 bit LLR,576,0.562,0,Pass,0,First,0,5760,1,2,8,24576,1,1,0,16,16,6 bit LLR,480,0.469,0,2,3,C-RNTI,0,2,,Pass,0,Second,2,5184,1,2,8,24576,0,1,1,16,16,6 bit LLR,432,0.422,1,Fail,1,First,0,4992,1,2,8,16384,1,1,0,16,16,6 bit LLR,624,0.609,0,3,4,C-RNTI,0,2,,Fail,0,First,0,4288,1,2,8,14144,0,1,0,16,16,6 bit LLR,620,0.605,0,Pass,0,First,0,4608,1,2,8,21216,1,1,0,16,16,6 bit LLR,444,0.434,0,4,0,C-RNTI,0,2,,Pass,1,Second,2,5184,1,2,8,24576,0,1,0,16,16,6 bit LLR,432,0.422,1,Pass,1,Second,2,5760,1,2,8,24576,1,1,0,16,16,6 bit LLR,480,0.469,1,5,2,C-RNTI,0,2,,Pass,1,First,0,4224,2,3,8,22528,0,1,0,16,16,6 bit LLR,576,0.562,0,Pass,0,First,0,4736,2,3,8,33792,1,1,0,16,16,6 bit LLR,430,0.420,0,6,1,C-RNTI,0,2,,Pass,0,First,0,4928,2,3,8,26624,0,1,0,16,16,6 bit LLR,568,0.555,0,Pass,1,First,0,5312,2,3,8,26624,1,1,0,16,16,6 bit LLR,612,0.598,0,,,,,,
3920,LTE_PHY_PDSCH_Decoding_Result,2021-11-29 18:43:09.177064,126,349,9,292,0,8,4,7382,PCC,7,,0,6,C-RNTI,0,2,,Pass,0,First,0,5760,1,2,8,20480,0,1,0,16,16,6 bit LLR,576,0.562,0,Pass,0,First,0,6144,1,2,8,20480,1,1,0,16,16,6 bit LLR,614,0.600,0,1,5,C-RNTI,0,2,,Fail,1,First,0,4608,1,2,8,21120,0,1,0,16,16,6 bit LLR,446,0.436,0,Pass,1,First,0,4288,1,2,8,14080,1,1,0,16,16,6 bit LLR,623,0.608,0,2,7,C-RNTI,0,2,,Pass,1,First,0,4992,3,4,8,34816,0,1,0,16,16,6 bit LLR,587,0.573,0,Pass,1,First,0,5568,3,4,8,52224,1,1,0,16,16,6 bit LLR,436,0.426,0,3,3,C-RNTI,0,2,,Pass,1,First,0,3648,1,2,8,16384,0,1,0,16,16,6 bit LLR,456,0.445,0,Pass,1,Second,2,4992,1,2,8,16384,1,1,0,16,16,6 bit LLR,624,0.609,1,4,4,C-RNTI,0,2,,Pass,0,Second,2,4288,1,2,8,14336,0,1,0,16,16,6 bit LLR,612,0.598,1,Pass,1,First,0,4608,1,2,8,21504,1,1,0,16,16,6 bit LLR,438,0.428,0,5,0,C-RNTI,0,2,,Pass,0,First,0,5888,2,3,8,34816,0,1,0,16,16,6 bit LLR,519,0.507,0,Pass,0,First,0,5568,3,4,8,52224,1,1,0,16,16,6 bit LLR,436,0.426,0,6,2,C-RNTI,0,2,,Pass,0,First,0,4544,2,3,8,24096,0,1,0,16,16,6 bit LLR,579,0.565,0,Pass,1,First,0,5312,2,3,8,36144,1,1,0,16,16,6 bit LLR,451,0.440,0,,,,,,
3920,LTE_PHY_PDSCH_Decoding_Result,2021-11-29 18:43:14.865184,126,349,7,861,0,8,4,7382,PCC,7,,0,3,C-RNTI,0,2,,Pass,1,Second,2,5760,1,2,8,22272,0,1,1,16,16,6 bit LLR,529,0.517,1,Pass,1,First,0,3648,1,2,8,14848,1,1,0,16,16,6 bit LLR,503,0.491,0,1,4,C-RNTI,0,2,,Pass,0,First,0,4928,2,3,8,22272,0,1,0,16,16,6 bit LLR,679,0.663,0,Pass,1,First,0,6144,1,2,8,22272,1,1,0,16,16,6 bit LLR,564,0.551,0,2,2,C-RNTI,0,2,,Pass,1,First,0,4224,2,3,8,20416,0,1,0,16,16,6 bit LLR,635,0.620,0,Pass,0,First,0,5760,1,2,8,20416,1,1,0,16,16,6 bit LLR,577,0.563,0,3,5,C-RNTI,0,2,,Pass,1,First,0,4928,2,3,8,22848,0,1,0,16,16,6 bit LLR,662,0.646,0,Pass,0,First,0,4544,2,3,8,22848,1,1,0,16,16,6 bit LLR,610,0.596,0,4,6,C-RNTI,0,2,,Pass,0,First,0,4928,2,3,8,24128,0,1,0,16,16,6 bit LLR,627,0.612,0,Pass,1,First,0,4928,2,3,8,24128,1,1,0,16,16,6 bit LLR,627,0.612,0,5,0,C-RNTI,0,2,,Pass,1,First,0,5312,2,3,8,26624,0,1,0,16,16,6 bit LLR,612,0.598,0,Pass,1,First,0,5312,2,3,8,26624,1,1,0,16,16,6 bit LLR,612,0.598,0,6,1,C-RNTI,0,2,,Pass,1,First,0,5696,2,3,8,39936,0,1,0,16,16,6 bit LLR,438,0.428,0,Pass,1,First,0,5312,2,3,8,26624,1,1,0,16,16,6 bit LLR,612,0.598,0,,,,,,
3920,LTE_PHY_PDSCH_Decoding_Result,2021-11-29 18:43:14.872013,126,349,4,862,0,8,4,7382,PCC,7,,0,7,C-RNTI,0,2,,Pass,0,First,0,5696,2,3,8,39936,0,1,0,16,16,6 bit LLR,438,0.428,0,Pass,0,First,0,5312,2,3,8,26624,1,1,0,16,16,6 bit LLR,612,0.598,0,1,3,C-RNTI,0,2,,Pass,0,First,0,3904,1,2,8,18432,0,1,0,16,16,6 bit LLR,433,0.423,0,Pass,0,First,0,3904,1,2,8,18432,1,1,0,16,16,6 bit LLR,433,0.423,0,2,4,C-RNTI,0,2,,Pass,1,First,0,5568,1,2,8,18432,0,1,0,16,16,6 bit LLR,618,0.604,0,Pass,0,First,0,5568,1,2,8,18432,1,1,0,16,16,6 bit LLR,618,0.604,0,3,2,C-RNTI,0,2,,Pass,0,First,0,4608,1,2,8,21504,0,1,0,16,16,6 bit LLR,438,0.428,0,Fail,1,First,0,4608,1,2,8,21504,1,1,0,16,16,6 bit LLR,438,0.428,0,4,5,C-RNTI,0,2,,Pass,0,First,0,4608,1,2,8,21504,0,1,0,16,16,6 bit LLR,438,0.428,0,Pass,1,First,0,4608,1,2,8,21504,1,1,0,16,16,6 bit LLR,438,0.428,0,5,6,C-RNTI,0,2,,Pass,1,First,0,5184,1,2,8,24576,0,1,0,16,16,6 bit LLR,432,0.422,0,Pass,0,First,0,5184,1,2,8,24576,1,1,0,16,16,6 bit LLR,432,0.422,0,6,0,C-RNTI,0,2,,Pass,0,First,0,5312,2,3,8,25088,0,1,0,16,16,6 bit LLR,650,0.635,0,Pass,0,First,0,5312,2,3,8,25088,1,1,0,16,16,6 bit LLR,650,0.635,0,,,,,,
3920,LTE_PHY_PDSCH_Decoding_Result,2021-11-29 18:43:14.879165,126,349,1,863,0,8,4,7382,PCC,7,,0,1,C-RNTI,0,2,,Pass,0,First,0,4928,2,3,8,24576,0,1,0,16,16,6 bit LLR,616,0.602,0,Pass,0,First,0,5312,2,3,8,36864,1,1,0,16,16,6 bit LLR,442,0.432,0,1,7,C-RNTI,0,2,,Pass,1,First,0,5696,2,3,8,39936,0,1,0,16,16,6 bit LLR,438,0.428,0,Pass,1,First,0,5696,2,3,8,39936,1,1,0,16,16,6 bit LLR,438,0.428,0,2,3,C-RNTI,0,2,,Pass,1,First,0,5312,2,3,8,36864,0,1,0,16,16,6 bit LLR,442,0.432,0,Pass,1,First,0,4928,2,3,8,24576,1,1,0,16,16,6 bit LLR,616,0.602,0,3,4,C-RNTI,0,2,,Pass,0,First,0,5376,3,4,8,46080,0,1,0,16,16,6 bit LLR,477,0.466,0,Pass,1,First,0,4992,3,4,8,46080,1,1,0,16,16,6 bit LLR,443,0.433,0,4,2,C-RNTI,0,2,,Pass,1,First,0,4608,1,2,8,21360,0,1,0,16,16,6 bit LLR,441,0.431,0,Pass,1,Second,2,4608,1,2,8,21360,1,1,0,16,16,6 bit LLR,441,0.431,1,5,5,C-RNTI,0,2,,Fail,1,First,0,3904,1,2,8,18432,0,1,0,16,16,6 bit LLR,433,0.423,0,Pass,0,First,0,3904,1,2,8,18432,1,1,0,16,16,6 bit LLR,433,0.423,0,6,6,C-RNTI,0,2,,Fail,0,First,0,5376,3,4,8,46080,0,1,0,16,16,6 bit LLR,477,0.466,0,Pass,1,First,0,6144,2,3,8,30720,1,1,0,16,16,6 bit LLR,614,0.600,0,,,,,,
3920,LTE_PHY_PDSCH_Decoding_Result,2021-11-29 18:43:14.886278,126,349,8,863,0,8,4,7382,PCC,7,,0,0,C-RNTI,0,2,,Pass,1,First,0,5312,2,3,8,36864,0,1,0,16,16,6 bit LLR,442,0.432,0,Pass,1,First,0,5312,2,3,8,36864,1,1,0,16,16,6 bit LLR,442,0.432,0,1,1,C-RNTI,0,2,,Fail,1,First,0,5312,2,3,8,33792,0,1,0,16,16,6 bit LLR,482,0.471,0,Pass,1,First,0,4736,2,3,8,33792,1,1,0,16,16,6 bit LLR,430,0.420,0,2,7,C-RNTI,0,2,,Pass,0,First,0,5696,2,3,8,38016,0,1,0,16,16,6 bit LLR,460,0.449,0,Pass,0,First,0,5312,2,3,8,25344,1,1,0,16,16,6 bit LLR,643,0.628,0,3,3,C-RNTI,0,2,,Pass,0,First,0,4352,2,3,8,30720,0,1,0,16,16,6 bit LLR,435,0.425,0,Pass,0,First,0,4352,2,3,8,30720,1,1,0,16,16,6 bit LLR,435,0.425,0,4,4,C-RNTI,0,2,,Pass,1,First,0,4352,2,3,8,30720,0,1,0,16,16,6 bit LLR,435,0.425,0,Pass,0,First,0,6144,1,2,8,20480,1,1,0,16,16,6 bit LLR,614,0.600,0,5,2,C-RNTI,0,2,,Pass,0,First,0,4352,2,3,8,30720,0,1,0,16,16,6 bit LLR,435,0.425,0,Pass,0,First,0,4352,2,3,8,30720,1,1,0,16,16,6 bit LLR,435,0.425,0,6,5,C-RNTI,0,2,,Pass,1,Second,2,3904,1,2,8,18432,0,1,0,16,16,6 bit LLR,433,0.423,1,Pass,1,First,0,4416,1,2,8,18432,1,1,0,16,16,6 bit LLR,490,0.479,0,,,,,,
3920,LTE_PHY_PDSCH_Decoding_Result,2021-11-29 18:43:14.893081,126,349,5,864,0,8,4,7382,PCC,7,,0,6,C-RNTI,0,2,,Pass,0,Second,2,5376,3,4,8,45792,0,1,3,16,16,6 bit LLR,480,0.469,1,Pass,0,First,0,4992,3,4,8,45792,1,1,0,16,16,6 bit LLR,446,0.436,0,1,0,C-RNTI,0,2,,Pass,0,First,0,5312,2,3,8,36864,0,1,0,16,16,6 bit LLR,442,0.432,0,Pass,0,First,0,5312,2,3,8,36864,1,1,0,16,16,6 bit LLR,442,0.432,0,2,1,C-RNTI,0,2,,Pass,1,Second,2,5312,2,3,8,33792,0,1,0,16,16,6 bit LLR,482,0.471,1,Pass,0,First,0,5760,1,2,8,22528,1,1,0,16,16,6 bit LLR,523,0.511,0,3,7,C-RNTI,0,2,,Pass,1,First,0,4736,2,3,8,33792,0,1,0,16,16,6 bit LLR,430,0.420,0,Pass,1,First,0,4736,2,3,8,33792,1,1,0,16,16,6 bit LLR,430,0.420,0,4,3,C-RNTI,0,2,,Pass,1,First,0,5952,1,2,8,27648,0,1,0,16,16,6 bit LLR,440,0.430,0,Pass,1,First,0,5952,1,2,8,27648,1,1,0,16,16,6 bit LLR,440,0.430,0,5,4,C-RNTI,0,2,,Pass,0,First,0,4352,2,3,8,29184,0,1,0,16,16,6 bit LLR,458,0.447,0,Pass,1,First,0,6144,1,2,8,19456,1,1,0,16,16,6 bit LLR,646,0.631,0,6,2,C-RNTI,0,2,,Pass,1,First,0,5184,3,4,8,49152,0,1,0,16,16,6 bit LLR,432,0.422,0,Pass,1,First,0,5184,3,4,8,49152,1,1,0,16,16,6 bit LLR,432,0.422,0,,,,,,
3920,LTE_PHY_PDSCH_Decoding_Result,2021-11-29 18:43:14.900304,126,349,2,865,0,8,4,7382,PCC,7,,0,5,C-RNTI,0,2,,Pass,0,First,0,5696,2,3,8,39936,0,1,0,16,16,6 bit LLR,438,0.428,0,Pass,0,First,0,5696,2,3,8,39936,1,1,0,16,16,6 bit LLR,438,0.428,0,1,6,C-RNTI,0,2,,Pass,1,First,0,5888,4,5,8,49152,0,1,0,16,16,6 bit LLR,613,0.599,0,Pass,1,First,0,5888,4,5,8,49152,1,1,0,16,16,6 bit LLR,613,0.599,0,2,0,C-RNTI,0,2,,Pass,1,First,0,5888,2,3,8,36864,0,1,0,16,16,6 bit LLR,490,0.479,0,Pass,1,First,0,5312,2,3,8,36864,1,1,0,16,16,6 bit LLR,442,0.432,0,3,1,C-RNTI,0,2,,Pass,0,First,0,5952,1,2,8,27504,0,1,0,16,16,6 bit LLR,443,0.433,0,Pass,1,First,0,5952,1,2,8,27504,1,1,0,16,16,6 bit LLR,443,0.433,0,4,7,C-RNTI,0,2,,Pass,0,First,0,5312,2,3,8,36864,0,1,0,16,16,6 bit LLR,442,0.432,0,Pass,0,First,0,5312,2,3,8,36864,1,1,0,16,16,6 bit LLR,442,0.432,0,5,3,C-RNTI,0,2,,Pass,0,First,0,5568,3,4,8,52224,0,1,0,16,16,6 bit LLR,436,0.426,0,Pass,0,First,0,5568,3,4,8,52224,1,1,0,16,16,6 bit LLR,436,0.426,0,6,4,C-RNTI,0,2,,Pass,1,First,0,5760,3,4,8,49152,0,1,0,16,16,6 bit LLR,480,0.469,0,Pass,0,First,0,5184,3,4,8,49152,1,1,0,16,16,6 bit LLR,432,0.422,0,,,,,,
3920,LTE_PHY_PDSCH_Decoding_Result,2021-11-29 18:43:14.907020,126,349,9,865,0,8,4,7382,PCC,7,,0,2,C-RNTI,0,2,,Fail,0,First,0,4352,2,3,8,27648,0,1,0,16,16,6 bit LLR,483,0.472,0,Pass,0,First,0,4352,2,3,8,27648,1,1,0,16,16,6 bit LLR,483,0.472,0,1,5,C-RNTI,0,2,,Pass,1,First,0,5120,4,5,8,42496,0,1,0,16,16,6 bit LLR,616,0.602,0,Pass,1,First,0,5120,4,5,8,42496,1,1,0,16,16,6 bit LLR,616,0.602,0,2,6,C-RNTI,0,2,,Pass,0,First,0,4928,4,5,8,58368,0,1,0,16,16,6 bit LLR,432,0.422,0,Pass,0,First,0,4928,4,5,8,58368,1,1,0,16,16,6 bit LLR,432,0.422,0,3,0,C-RNTI,0,2,,Pass,0,First,0,5312,2,3,8,36864,0,1,0,16,16,6 bit LLR,442,0.432,0,Pass,0,First,0,5312,2,3,8,36864,1,1,0,16,16,6 bit LLR,442,0.432,0,4,1,C-RNTI,0,2,,Fail,1,First,0,5504,5,6,8,76800,0,1,0,16,16,6 bit LLR,440,0.430,0,Fail,0,First,0,5504,5,6,8,76800,1,1,0,16,16,6 bit LLR,440,0.430,0,5,7,C-RNTI,0,2,,Pass,1,First,0,5568,3,4,8,52224,0,1,0,16,16,6 bit LLR,436,0.426,0,Pass,1,First,0,5568,3,4,8,52224,1,1,0,16,16,6 bit LLR,436,0.426,0,6,3,C-RNTI,0,2,,Pass,1,First,0,4352,2,3,8,30576,0,1,0,16,16,6 bit LLR,437,0.427,0,Pass,1,First,0,4352,2,3,8,30576,1,1,0,16,16,6 bit LLR,437,0.427,0,,,,,,
3920,LTE_PHY_PDSCH_Decoding_Result,2021-11-29 18:43:14.914149,126,349,6,866,0,8,4,7382,PCC,7,,0,4,C-RNTI,0,2,,Pass,0,First,0,4736,2,3,8,30624,0,1,0,16,16,6 bit LLR,475,0.464,0,Pass,1,First,0,5760,1,2,8,20416,1,1,0,16,16,6 bit LLR,577,0.563,0,1,2,C-RNTI,0,2,,Pass,0,Second,2,4352,2,3,8,27648,0,1,2,16,16,6 bit LLR,483,0.472,1,Pass,1,First,0,4352,2,3,8,27648,1,1,0,16,16,6 bit LLR,483,0.472,0,2,5,C-RNTI,0,2,,Pass,0,First,0,5504,5,6,8,76800,0,1,0,16,16,6 bit LLR,440,0.430,0,Pass,0,First,0,6144,4,5,8,51200,1,1,0,16,16,6 bit LLR,614,0.600,0,3,6,C-RNTI,0,2,,Fail,1,First,0,5312,4,5,8,61440,0,1,0,16,16,6 bit LLR,442,0.432,0,Pass,1,First,0,4928,4,5,8,40960,1,1,0,16,16,6 bit LLR,616,0.602,0,4,0,C-RNTI,0,2,,Pass,1,First,0,5888,4,5,8,47616,0,1,0,16,16,6 bit LLR,633,0.618,0,Pass,1,First,0,5504,4,5,8,47616,1,1,0,16,16,6 bit LLR,591,0.577,0,5,1,C-RNTI,0,2,,Pass,1,Second,2,5504,5,6,8,76800,0,1,0,16,16,6 bit LLR,440,0.430,1,Pass,0,Second,2,5504,5,6,8,76800,1,1,0,16,16,6 bit LLR,440,0.430,1,6,7,C-RNTI,0,2,,Fail,0,First,0,5312,4,5,8,61440,0,1,0,16,16,6 bit LLR,442,0.432,0,Pass,0,First,0,4928,4,5,8,40960,1,1,0,16,16,6 bit LLR,616,0.602,0,,,,,,
3920,LTE_PHY_PDSCH_Decoding_Result,2021-11-29 18:43:14.924150,126,349,3,867,0,8,4,7382,PCC,7,,0,3,C-RNTI,0,2,,Pass,0,First,0,4928,4,5,8,58368,0,1,0,16,16,6 bit LLR,432,0.422,0,Pass,0,First,0,5952,3,4,8,38912,1,1,0,16,16,6 bit LLR,626,0.611,0,2,4,C-RNTI,0,2,,Pass,1,First,0,6144,1,2,8,20384,0,1,0,16,16,6 bit LLR,617,0.603,0,Pass,0,First,0,5760,1,2,8,20384,1,1,0,16,16,6 bit LLR,578,0.564,0,3,2,C-RNTI,0,2,,Pass,1,First,0,6144,1,2,8,20480,0,1,0,16,16,6 bit LLR,614,0.600,0,Pass,0,First,0,5760,1,2,8,20480,1,1,0,16,16,6 bit LLR,576,0.562,0,4,6,C-RNTI,0,2,,Pass,1,Second,2,5312,4,5,8,61440,0,1,3,16,16,6 bit LLR,442,0.432,1,Pass,0,First,0,4928,4,5,8,40960,1,1,0,16,16,6 bit LLR,616,0.602,0,6,5,C-RNTI,0,2,,Pass,1,First,0,4352,2,3,8,30720,0,1,0,16,16,6 bit LLR,435,0.425,0,Pass,1,First,0,5760,1,2,8,20480,1,1,0,16,16,6 bit LLR,576,0.562,0,7,7,C-RNTI,0,2,,Pass,0,Second,2,5312,4,5,8,60672,0,1,3,16,16,6 bit LLR,448,0.438,1,Fail,1,First,0,5312,4,5,8,60672,1,1,0,16,16,6 bit LLR,448,0.438,0,9,0,C-RNTI,0,2,,Pass,0,First,0,6144,2,3,8,30720,0,1,0,16,16,6 bit LLR,614,0.600,0,Pass,0,First,0,5696,2,3,8,30720,1,1,0,16,16,6 bit LLR,569,0.556,0,,,,,,
3648,LTE_PHY_PDSCH_Decoding_Result,2021-11-29 18:43:14.934144,126,349,4,868,0,8,4,7382,PCC,7,,0,1,C-RNTI,0,2,,Pass,0,First,0,6144,1,2,8,20480,0,1,0,16,16,6 bit LLR,614,0.600,0,Pass,1,First,0,5760,1,2,8,20480,1,1,0,16,16,6 bit LLR,576,0.562,0,2,3,C-RNTI,0,2,,Pass,1,First,0,4352,2,3,8,30720,0,1,0,16,16,6 bit LLR,435,0.425,0,Pass,1,First,0,5760,1,2,8,20480,1,1,0,16,16,6 bit LLR,576,0.562,0,3,4,C-RNTI,0,2,,Pass,0,First,0,4352,2,3,8,30720,0,1,0,16,16,6 bit LLR,435,0.425,0,Pass,1,First,0,5760,1,2,8,20480,1,1,0,16,16,6 bit LLR,576,0.562,0,4,7,C-RNTI,0,2,,Pass,1,First,0,5312,4,5,8,61440,0,1,0,16,16,6 bit LLR,442,0.432,0,Pass,1,Second,2,5312,4,5,8,61440,1,1,0,16,16,6 bit LLR,442,0.432,1,6,2,C-RNTI,0,2,,Pass,0,First,0,6144,1,2,8,20224,0,1,0,16,16,6 bit LLR,622,0.607,0,Pass,1,First,0,6144,1,2,8,20224,1,1,0,16,16,6 bit LLR,622,0.607,0,7,6,C-RNTI,0,1,,Pass,0,First,0,200,0,1,8,1024,0,1,0,16,16,6 bit LLR,200,0.195,0,8,5,C-RNTI,0,2,,Pass,0,First,0,5760,1,2,8,20480,0,1,0,16,16,6 bit LLR,576,0.562,0,Pass,0,First,0,6144,1,2,8,20480,1,1,0,16,16,6 bit LLR,614,0.600,0,,,,,,,,,,,,,,,,,,,,,,,,
312,LTE_PHY_PDSCH_Decoding_Result,2021-11-29 18:42:51.018812,126,349,9,524,0,8,4,7382,PCC,1,,0,1,P-RNTI,0,1,,Pass,0,First,0,144,0,1,8,2048,0,0,0,16,16,6 bit LLR,72,0.070,4,,,,,,,,,,,,,,,,,,,,,,,,,,,,,,,,,,,,,,,,,,,,,,,,,,,,,,,,,,,,,,,,,,,,,,,,,,,,,,,,,,,,,,,,,,,,,,,,,,,,,,,,,,,,,,,,,,,,,,,,,,,,,,,,,,,,,,,,,,,,,,,,,,,,,,,,,,,,,,,,,,,,,,,,,,,,,,,,,,,,,,,,,,,,,,,,,,,,,,,,,,,,,,,,,,,,,,,,,,,,,,,,,,,,,,,,,,,,,,,,,,,,,,,,,,,,,,,,,,,,,,,,,,,,,,,,,,,,
312,LTE_PHY_PDSCH_Decoding_Result,2021-11-29 18:42:36.967806,126,349,3,134,0,8,4,7382,PCC,1,,0,6,C-RNTI,0,1,,Pass,1,First,0,200,0,1,8,1088,0,1,0,16,16,6 bit LLR,188,0.184,0,,,,,,,,,,,,,,,,,,,,,,,,,,,,,,,,,,,,,,,,,,,,,,,,,,,,,,,,,,,,,,,,,,,,,,,,,,,,,,,,,,,,,,,,,,,,,,,,,,,,,,,,,,,,,,,,,,,,,,,,,,,,,,,,,,,,,,,,,,,,,,,,,,,,,,,,,,,,,,,,,,,,,,,,,,,,,,,,,,,,,,,,,,,,,,,,,,,,,,,,,,,,,,,,,,,,,,,,,,,,,,,,,,,,,,,,,,,,,,,,,,,,,,,,,,,,,,,,,,,,,,,,,,,,,,,,,,,,
2820,LTE_PHY_PDSCH_Decoding_Result,2021-11-29 18:42:36.967806,126,202,3,107,0,8,4,7382,SCC,6,,0,1,C-RNTI,0,2,,Pass,1,First,0,3776,0,1,8,8352,0,1,0,16,16,6 bit LLR,462,0.451,0,Pass,0,First,0,3648,1,2,8,16704,1,1,0,16,16,6 bit LLR,447,0.437,0,1,2,C-RNTI,0,2,,Pass,1,First,0,1760,0,1,8,9048,0,1,0,16,16,6 bit LLR,199,0.194,0,Fail,0,First,0,3392,1,2,8,18096,1,1,0,16,16,6 bit LLR,383,0.374,0,9,2,C-RNTI,1,1,,Pass,0,Second,2,3392,1,2,8,18096,0,1,1,16,16,6 bit LLR,383,0.374,1,76,3,C-RNTI,0,2,,Pass,0,First,0,5568,0,1,8,9280,0,1,0,16,16,6 bit LLR,614,0.600,0,Fail,1,First,0,6144,1,2,8,18560,1,1,0,16,16,6 bit LLR,677,0.661,0,84,3,C-RNTI,0,2,,Fail,0,First,2,5568,0,1,8,10240,0,0,0,16,16,6 bit LLR,556,0.543,4,Fail,1,Second,2,6144,1,2,8,20480,1,1,0,16,16,6 bit LLR,614,0.600,1,92,3,C-RNTI,1,1,,Pass,1,Third,3,6144,1,2,8,18128,0,1,1,16,16,6 bit LLR,694,0.678,1,,,,,,,,,,,,,,,,,,,,,,,,,,,,,,,,,,,,,,,,,,,,,,,,,,,,,,,,,,,,,,,,,,,,,,,,,,,,,,,,,,,,
1436,LTE_PHY_PDSCH_Decoding_Result,2021-11-29 18:42:37.127136,126,349,2,150,0,8,4,7382,PCC,4,,0,5,C-RNTI,0,1,,Pass,1,First,0,200,0,1,8,1024,0,1,0,16,16,6 bit LLR,200,0.195,0,13,1,C-RNTI,0,1,,Pass,0,First,0,800,0,1,8,2048,0,1,0,16,16,6 bit LLR,400,0.391,0,50,2,C-RNTI,0,1,,Pass,0,First,0,200,0,1,8,1024,0,1,0,16,16,6 bit LLR,200,0.195,0,103,0,C-RNTI,0,2,,Pass,0,First,0,6144,1,2,8,19488,0,1,0,16,16,6 bit LLR,645,0.630,0,Pass,1,First,0,4608,1,2,8,19488,1,1,0,16,16,6 bit LLR,484,0.473,0,,,,,,,,,,,,,,,,,,,,,,,,,,,,,,,,,,,,,,,,,,,,,,,,,,,,,,,,,,,,,,,,,,,,,,,,,,,,,,,,,,,,,,,,,,,,,,,,,,,,,,,,,,,,,,,,,,,,,,,,,,,,,,,,,,,,,,,,,,,,,,,,,,,,,,,,,,,,,,,,,,,,,,,,,,,,,,,,,,,,,,,,,,
1140,LTE_PHY_PDSCH_Decoding_Result,2021-11-29 18:42:41.981881,126,202,4,626,0,8,4,7382,SCC,2,,0,1,C-RNTI,0,2,,Pass,0,First,0,3392,0,1,8,17400,0,1,0,16,16,6 bit LLR,199,0.194,0,Pass,1,First,0,3392,0,1,8,17400,1,1,0,16,16,6 bit LLR,199,0.194,0,196,4,C-RNTI,0,2,,Pass,0,First,0,3392,0,1,8,19632,0,1,0,16,16,6 bit LLR,176,0.172,0,Pass,0,First,0,5376,1,2,8,19632,1,1,0,16,16,6 bit LLR,560,0.547,0,,,,,,,,,,,,,,,,,,,,,,,,,,,,,,,,,,,,,,,,,,,,,,,,,,,,,,,,,,,,,,,,,,,,,,,,,,,,,,,,,,,,,,,,,,,,,,,,,,,,,,,,,,,,,,,,,,,,,,,,,,,,,,,,,,,,,,,,,,,,,,,,,,,,,,,,,,,,,,,,,,,,,,,,,,,,,,,,,,,,,,,,,,,,,,,,,,,,,,,,,,,,,,,,,,,,,,,,
3672,LTE_PHY_PDSCH_Decoding_Result,2021-11-29 18:42:42.010781,126,349,1,640,0,8,4,7382,PCC,9,,0,2,C-RNTI,0,1,,Pass,1,First,0,200,0,1,8,1024,0,1,0,16,16,6 bit LLR,200,0.195,0,24,5,C-RNTI,0,2,,Pass,1,First,0,3520,0,1,8,6144,0,1,0,16,16,6 bit LLR,586,0.572,0,Pass,1,First,0,3136,0,1,8,6144,1,1,0,16,16,6 bit LLR,522,0.510,0,25,0,C-RNTI,0,1,,Pass,1,First,0,704,0,1,8,2048,0,1,0,16,16,6 bit LLR,352,0.344,0,59,6,C-RNTI,0,2,,Pass,0,First,0,4800,3,4,8,42432,0,1,0,16,16,6 bit LLR,463,0.452,0,Pass,0,First,0,4544,2,3,8,28288,1,1,0,16,16,6 bit LLR,493,0.481,0,60,1,C-RNTI,0,2,,Pass,0,First,0,2880,0,1,8,6528,0,1,0,16,16,6 bit LLR,451,0.440,0,Pass,0,First,0,2496,0,1,8,4352,1,1,0,16,16,6 bit LLR,587,0.573,0,62,4,C-RNTI,0,2,,Pass,0,First,0,1312,0,1,8,3072,0,1,0,16,16,6 bit LLR,437,0.427,0,Pass,0,First,0,1152,0,1,8,2048,1,1,0,16,16,6 bit LLR,576,0.562,0,65,3,C-RNTI,0,1,,Fail,1,First,0,1440,0,1,8,3072,0,1,0,16,16,6 bit LLR,480,0.469,0,73,3,C-RNTI,0,1,,Pass,1,Second,2,1440,0,1,8,3072,0,1,0,16,16,6 bit LLR,480,0.469,1,88,7,C-RNTI,0,1,,Fail,1,First,0,704,0,1,8,2048,0,1,0,16,16,6 bit LLR,352,0.344,0,,,,,,,,,,,,
1140,LTE_PHY_PDSCH_Decoding_Result,2021-11-29 18:42:42.103016,126,202,1,646,0,8,4,7382,SCC,2,,0,2,C-RNTI,0,2,,Pass,0,First,0,2016,0,1,8,19312,0,1,0,16,16,6 bit LLR,106,0.104,0,Pass,1,First,0,2016,0,1,8,19312,1,1,0,16,16,6 bit LLR,106,0.104,0,120,7,C-RNTI,0,2,,Pass,0,First,0,3776,1,2,8,18176,0,1,0,16,16,6 bit LLR,425,0.415,0,Pass,0,First,0,3264,0,1,8,18176,1,1,0,16,16,6 bit LLR,183,0.179,0,,,,,,,,,,,,,,,,,,,,,,,,,,,,,,,,,,,,,,,,,,,,,,,,,,,,,,,,,,,,,,,,,,,,,,,,,,,,,,,,,,,,,,,,,,,,,,,,,,,,,,,,,,,,,,,,,,,,,,,,,,,,,,,,,,,,,,,,,,,,,,,,,,,,,,,,,,,,,,,,,,,,,,,,,,,,,,,,,,,,,,,,,,,,,,,,,,,,,,,,,,,,,,,,,,,,,,,,
3696,LTE_PHY_PDSCH_Decoding_Result,2021-11-29 18:42:42.110028,126,349,7,649,0,8,4,7382,PCC,11,,0,7,C-RNTI,0,1,,Pass,1,Second,2,704,0,1,8,2048,0,1,0,16,16,6 bit LLR,352,0.344,1,13,2,C-RNTI,0,1,,Pass,0,First,0,200,0,1,8,1024,0,1,0,16,16,6 bit LLR,200,0.195,0,20,5,C-RNTI,0,1,,Fail,0,First,0,1760,0,1,8,3072,0,1,0,16,16,6 bit LLR,586,0.572,0,23,0,C-RNTI,0,1,,Pass,0,First,0,704,0,1,8,2048,0,1,0,16,16,6 bit LLR,352,0.344,0,28,5,C-RNTI,0,1,,Pass,0,Second,2,1760,0,1,8,3072,0,1,0,16,16,6 bit LLR,586,0.572,1,63,6,C-RNTI,0,1,,Pass,1,First,0,800,0,1,8,2048,0,1,0,16,16,6 bit LLR,400,0.391,0,76,1,C-RNTI,0,1,,Pass,1,First,0,1024,0,1,8,2048,0,1,0,16,16,6 bit LLR,512,0.500,0,83,4,C-RNTI,0,1,,Fail,1,First,0,800,0,1,8,2176,0,1,0,16,16,6 bit LLR,376,0.367,0,84,3,C-RNTI,0,2,,Fail,0,First,0,5184,1,2,8,26112,0,1,0,16,16,6 bit LLR,406,0.396,0,Fail,1,First,0,5760,1,2,8,26112,1,1,0,16,16,6 bit LLR,451,0.440,0,85,7,C-RNTI,0,2,,Fail,0,First,0,2880,0,1,8,6528,0,1,0,16,16,6 bit LLR,451,0.440,0,Pass,0,First,0,2048,0,1,8,4352,1,1,0,16,16,6 bit LLR,481,0.470,0,91,4,C-RNTI,0,1,,Pass,1,Second,2,800,0,1,8,2176,0,1,0,16,16,6 bit LLR,376,0.367,1
