log_msg_len,type_id,timestamp,Version,Number of Records,Records,SFN,Sub-FN,PUCCH Tx Power (dBm),DCI Format,PUCCH Format,N_HARQ,TPC Command,N_CQI,DL Path Loss,g(i),PUCCH Actual Tx Power,SFN,Sub-FN,PUCCH Tx Power (dBm),DCI Format,PUCCH Format,N_HARQ,TPC Command,N_CQI,DL Path Loss,g(i),PUCCH Actual Tx Power,SFN,Sub-FN,PUCCH Tx Power (dBm),DCI Format,PUCCH Format,N_HARQ,TPC Command,N_CQI,DL Path Loss,g(i),PUCCH Actual Tx Power,SFN,Sub-FN,PUCCH Tx Power (dBm),DCI Format,PUCCH Format,N_HARQ,TPC Command,N_CQI,DL Path Loss,g(i),PUCCH Actual Tx Power,SFN,Sub-FN,PUCCH Tx Power (dBm),DCI Format,PUCCH Format,N_HARQ,TPC Command,N_CQI,DL Path Loss,g(i),PUCCH Actual Tx Power,SFN,Sub-FN,PUCCH Tx Power (dBm),DCI Format,PUCCH Format,N_HARQ,TPC Command,N_CQI,DL Path Loss,g(i),PUCCH Actual Tx Power,SFN,Sub-FN,PUCCH Tx Power (dBm),DCI Format,PUCCH Format,N_HARQ,TPC Command,N_CQI,DL Path Loss,g(i),PUCCH Actual Tx Power,SFN,Sub-FN,PUCCH Tx Power (dBm),DCI Format,PUCCH Format,N_HARQ,TPC Command,N_CQI,DL Path Loss,g(i),PUCCH Actual Tx Power,SFN,Sub-FN,PUCCH Tx Power (dBm),DCI Format,PUCCH Format,N_HARQ,TPC Command,N_CQI,DL Path Loss,g(i),PUCCH Actual Tx Power,SFN,Sub-FN,PUCCH Tx Power (dBm),DCI Format,PUCCH Format,N_HARQ,TPC Command,N_CQI,DL Path Loss,g(i),PUCCH Actual Tx Power,SFN,Sub-FN,PUCCH Tx Power (dBm),DCI Format,PUCCH Format,N_HARQ,TPC Command,N_CQI,DL Path Loss,g(i),PUCCH Actual Tx Power,SFN,Sub-FN,PUCCH Tx Power (dBm),DCI Format,PUCCH Format,N_HARQ,TPC Command,N_CQI,DL Path Loss,g(i),PUCCH Actual Tx Power,SFN,Sub-FN,PUCCH Tx Power (dBm),DCI Format,PUCCH Format,N_HARQ,TPC Command,N_CQI,DL Path Loss,g(i),PUCCH Actual Tx Power,SFN,Sub-FN,PUCCH Tx Power (dBm),DCI Format,PUCCH Format,N_HARQ,TPC Command,N_CQI,DL Path Loss,g(i),PUCCH Actual Tx Power,SFN,Sub-FN,PUCCH Tx Power (dBm),DCI Format,PUCCH Format,N_HARQ,TPC Command,N_CQI,DL Path Loss,g(i),PUCCH Actual Tx Power,SFN,Sub-FN,PUCCH Tx Power (dBm),DCI Format,PUCCH Format,N_HARQ,TPC Command,N_CQI,DL Path Loss,g(i),PUCCH Actual Tx Power,SFN,Sub-FN,PUCCH Tx Power (dBm),DCI Format,PUCCH Format,N_HARQ,TPC Command,N_CQI,DL Path Loss,g(i),PUCCH Actual Tx Power,SFN,Sub-FN,PUCCH Tx Power (dBm),DCI Format,PUCCH Format,N_HARQ,TPC Command,N_CQI,DL Path Loss,g(i),PUCCH Actual Tx Power,SFN,Sub-FN,PUCCH Tx Power (dBm),DCI Format,PUCCH Format,N_HARQ,TPC Command,N_CQI,DL Path Loss,g(i),PUCCH Actual Tx Power,SFN,Sub-FN,PUCCH Tx Power (dBm),DCI Format,PUCCH Format,N_HARQ,TPC Command,N_CQI,DL Path Loss,g(i),PUCCH Actual Tx Power,SFN,Sub-FN,PUCCH Tx Power (dBm),DCI Format,PUCCH Format,N_HARQ,TPC Command,N_CQI,DL Path Loss,g(i),PUCCH Actual Tx Power,SFN,Sub-FN,PUCCH Tx Power (dBm),DCI Format,PUCCH Format,N_HARQ,TPC Command,N_CQI,DL Path Loss,g(i),PUCCH Actual Tx Power,SFN,Sub-FN,PUCCH Tx Power (dBm),DCI Format,PUCCH Format,N_HARQ,TPC Command,N_CQI,DL Path Loss,g(i),PUCCH Actual Tx Power,SFN,Sub-FN,PUCCH Tx Power (dBm),DCI Format,PUCCH Format,N_HARQ,TPC Command,N_CQI,DL Path Loss,g(i),PUCCH Actual Tx Power,SFN,Sub-FN,PUCCH Tx Power (dBm),DCI Format,PUCCH Format,N_HARQ,TPC Command,N_CQI,DL Path Loss,g(i),PUCCH Actual Tx Power,SFN,Sub-FN,PUCCH Tx Power (dBm),DCI Format,PUCCH Format,N_HARQ,TPC Command,N_CQI,DL Path Loss,g(i),PUCCH Actual Tx Power,SFN,Sub-FN,PUCCH Tx Power (dBm),DCI Format,PUCCH Format,N_HARQ,TPC Command,N_CQI,DL Path Loss,g(i),PUCCH Actual Tx Power,SFN,Sub-FN,PUCCH Tx Power (dBm),DCI Format,PUCCH Format,N_HARQ,TPC Command,N_CQI,DL Path Loss,g(i),PUCCH Actual Tx Power,SFN,Sub-FN,PUCCH Tx Power (dBm),DCI Format,PUCCH Format,N_HARQ,TPC Command,N_CQI,DL Path Loss,g(i),PUCCH Actual Tx Power,SFN,Sub-FN,PUCCH Tx Power (dBm),DCI Format,PUCCH Format,N_HARQ,TPC Command,N_CQI,DL Path Loss,g(i),PUCCH Actual Tx Power,SFN,Sub-FN,PUCCH Tx Power (dBm),DCI Format,PUCCH Format,N_HARQ,TPC Command,N_CQI,DL Path Loss,g(i),PUCCH Actual Tx Power,SFN,Sub-FN,PUCCH Tx Power (dBm),DCI Format,PUCCH Format,N_HARQ,TPC Command,N_CQI,DL Path Loss,g(i),PUCCH Actual Tx Power,SFN,Sub-FN,PUCCH Tx Power (dBm),DCI Format,PUCCH Format,N_HARQ,TPC Command,N_CQI,DL Path Loss,g(i),PUCCH Actual Tx Power,SFN,Sub-FN,PUCCH Tx Power (dBm),DCI Format,PUCCH Format,N_HARQ,TPC Command,N_CQI,DL Path Loss,g(i),PUCCH Actual Tx Power,SFN,Sub-FN,PUCCH Tx Power (dBm),DCI Format,PUCCH Format,N_HARQ,TPC Command,N_CQI,DL Path Loss,g(i),PUCCH Actual Tx Power,SFN,Sub-FN,PUCCH Tx Power (dBm),DCI Format,PUCCH Format,N_HARQ,TPC Command,N_CQI,DL Path Loss,g(i),PUCCH Actual Tx Power,SFN,Sub-FN,PUCCH Tx Power (dBm),DCI Format,PUCCH Format,N_HARQ,TPC Command,N_CQI,DL Path Loss,g(i),PUCCH Actual Tx Power,SFN,Sub-FN,PUCCH Tx Power (dBm),DCI Format,PUCCH Format,N_HARQ,TPC Command,N_CQI,DL Path Loss,g(i),PUCCH Actual Tx Power,SFN,Sub-FN,PUCCH Tx Power (dBm),DCI Format,PUCCH Format,N_HARQ,TPC Command,N_CQI,DL Path Loss,g(i),PUCCH Actual Tx Power,SFN,Sub-FN,PUCCH Tx Power (dBm),DCI Format,PUCCH Format,N_HARQ,TPC Command,N_CQI,DL Path Loss,g(i),PUCCH Actual Tx Power,SFN,Sub-FN,PUCCH Tx Power (dBm),DCI Format,PUCCH Format,N_HARQ,TPC Command,N_CQI,DL Path Loss,g(i),PUCCH Actual Tx Power,SFN,Sub-FN,PUCCH Tx Power (dBm),DCI Format,PUCCH Format,N_HARQ,TPC Command,N_CQI,DL Path Loss,g(i),PUCCH Actual Tx Power,SFN,Sub-FN,PUCCH Tx Power (dBm),DCI Format,PUCCH Format,N_HARQ,TPC Command,N_CQI,DL Path Loss,g(i),PUCCH Actual Tx Power,SFN,Sub-FN,PUCCH Tx Power (dBm),DCI Format,PUCCH Format,N_HARQ,TPC Command,N_CQI,DL Path Loss,g(i),PUCCH Actual Tx Power,SFN,Sub-FN,PUCCH Tx Power (dBm),DCI Format,PUCCH Format,N_HARQ,TPC Command,N_CQI,DL Path Loss,g(i),PUCCH Actual Tx Power,SFN,Sub-FN,PUCCH Tx Power (dBm),DCI Format,PUCCH Format,N_HARQ,TPC Command,N_CQI,DL Path Loss,g(i),PUCCH Actual Tx Power,SFN,Sub-FN,PUCCH Tx Power (dBm),DCI Format,PUCCH Format,N_HARQ,TPC Command,N_CQI,DL Path Loss,g(i),PUCCH Actual Tx Power,SFN,Sub-FN,PUCCH Tx Power (dBm),DCI Format,PUCCH Format,N_HARQ,TPC Command,N_CQI,DL Path Loss,g(i),PUCCH Actual Tx Power,SFN,Sub-FN,PUCCH Tx Power (dBm),DCI Format,PUCCH Format,N_HARQ,TPC Command,N_CQI,DL Path Loss,g(i),PUCCH Actual Tx Power,SFN,Sub-FN,PUCCH Tx Power (dBm),DCI Format,PUCCH Format,N_HARQ,TPC Command,N_CQI,DL Path Loss,g(i),PUCCH Actual Tx Power
616,LTE_PHY_PUCCH_Power_Control,2021-11-29 20:23:25.141629,24,50,,779,0,14,NO DCI,Format 1,0,Not present,0,134,-10,14,780,0,13,NO DCI,Format 1,0,Not present,0,133,-10,13,781,2,13,NO DCI,Format 2,0,Not present,0,133,-10,13,781,3,13,NO DCI,Format 2,0,Not present,0,133,-10,13,782,2,14,Format 2,Format 1bCS,1,0,0,133,-10,14,783,7,14,Format 2,Format 1bCS,0,0,0,133,-10,14,783,8,14,Format 2,Format 1bCS,1,0,0,133,-10,14,784,0,13,NO DCI,Format 1,0,Not present,0,133,-10,13,787,2,14,Format 2,Format 1bCS,1,0,0,133,-10,14,787,5,14,Format 2,Format 1bCS,0,0,0,133,-10,14,787,6,14,Format 2,Format 1bCS,0,0,0,133,-10,14,787,7,14,Format 2,Format 1bCS,0,0,0,133,-10,14,787,8,14,Format 2,Format 1bCS,0,0,0,133,-10,14,787,9,14,Format 2,Format 1bCS,0,0,0,133,-10,14,788,0,14,Format 2,Format 1bCS,0,0,0,133,-10,14,788,1,14,Format 2,Format 1bCS,0,0,0,133,-10,14,788,2,14,Format 2,Format 1bCS,0,0,0,133,-10,14,788,3,14,Format 2,Format 1bCS,0,0,0,133,-10,14,788,4,14,Format 2,Format 1bCS,0,0,0,133,-10,14,789,2,13,NO DCI,Format 2,0,Not present,0,133,-10,13,789,3,13,NO DCI,Format 2,0,Not present,0,133,-10,13,792,7,14,Format 2,Format 1bCS,1,0,0,133,-10,14,793,0,13,NO DCI,Format 1,0,Not present,0,133,-10,13,794,0,15,Format 2,Format 1bCS,0,1,0,133,-9,15,794,1,15,Format 2,Format 1bCS,0,0,0,133,-9,15,795,0,14,NO DCI,Format 1,0,Not present,0,133,-9,14,797,2,14,NO DCI,Format 2,0,Not present,0,133,-9,14,797,3,14,NO DCI,Format 2,0,Not present,0,133,-9,14,797,7,15,Format 2,Format 1bCS,1,0,0,133,-9,15,798,8,15,Format 2,Format 1bCS,0,0,0,133,-9,15,798,9,15,Format 2,Format 1bCS,0,0,0,133,-9,15,799,0,15,Format 2,Format 1bCS,0,0,0,133,-9,15,799,1,15,Format 2,Format 1bCS,0,0,0,133,-9,15,799,2,15,NO DCI,Format 1bCS,0,Not present,0,133,-9,15,799,3,15,Format 2,Format 1bCS,0,0,0,133,-9,15,799,5,15,Format 2,Format 1bCS,0,0,0,133,-9,15,799,6,15,NO DCI,Format 1bCS,0,Not present,0,133,-9,15,799,7,15,Format 2,Format 1bCS,0,0,0,133,-9,15,799,8,15,Format 2,Format 1bCS,0,0,0,133,-9,15,799,9,15,Format 2,Format 1bCS,0,0,0,133,-9,15,800,0,15,Format 2,Format 1bCS,0,0,0,133,-9,15,800,1,15,Format 2,Format 1bCS,0,0,0,133,-9,15,800,2,15,Format 2,Format 1bCS,0,0,0,133,-9,15,800,3,15,Format 2,Format 1bCS,0,0,0,133,-9,15,800,4,15,Format 2,Format 1bCS,0,0,0,133,-9,15,800,5,15,Format 2,Format 1bCS,0,0,0,133,-9,15,800,6,15,Format 2,Format 1bCS,0,0,0,133,-9,15,800,8,15,Format 2,Format 1bCS,0,0,0,133,-9,15,800,9,15,Format 2,Format 1bCS,0,0,0,133,-9,15,804,8,18,Format 2,Format 1bCS,1,3,0,133,-6,18
580,LTE_PHY_PUCCH_Power_Control,2021-11-29 20:22:45.091918,24,47,,781,2,17,NO DCI,Format 2,0,Not present,0,133,-6,17,781,3,17,NO DCI,Format 2,0,Not present,0,133,-6,17,789,2,17,NO DCI,Format 2,0,Not present,0,133,-6,17,789,3,17,NO DCI,Format 2,0,Not present,0,133,-6,17,795,0,17,NO DCI,Format 1,0,Not present,0,133,-6,17,798,1,18,Format 2,Format 1bCS,1,0,0,133,-6,18,802,0,18,Format 2,Format 1bCS,1,0,0,133,-6,18,802,0,18,NO DCI,Format 1bCS,0,Not present,0,133,-6,18,802,1,18,Format 2,Format 1bCS,1,0,0,133,-6,18,805,2,17,NO DCI,Format 2,0,Not present,0,133,-6,17,805,3,17,NO DCI,Format 2,0,Not present,0,133,-6,17,812,6,18,Format 2,Format 1bCS,0,0,0,133,-6,18,812,7,18,Format 2,Format 1bCS,0,0,0,133,-6,18,813,2,17,NO DCI,Format 2,0,Not present,0,133,-6,17,813,3,17,NO DCI,Format 2,0,Not present,0,133,-6,17,813,5,18,NO DCI,Format 1bCS,0,Not present,0,133,-6,18,814,0,17,NO DCI,Format 1,0,Not present,0,133,-6,17,815,5,18,Format 2,Format 1bCS,0,0,0,133,-6,18,821,2,17,NO DCI,Format 2,0,Not present,0,133,-6,17,821,3,17,NO DCI,Format 2,0,Not present,0,133,-6,17,829,2,17,NO DCI,Format 2,0,Not present,0,133,-6,17,829,3,17,NO DCI,Format 2,0,Not present,0,133,-6,17,837,2,17,NO DCI,Format 2,0,Not present,0,133,-6,17,837,3,17,NO DCI,Format 2,0,Not present,0,133,-6,17,845,2,17,NO DCI,Format 2,0,Not present,0,133,-6,17,845,3,17,NO DCI,Format 2,0,Not present,0,133,-6,17,853,2,17,NO DCI,Format 2,0,Not present,0,133,-6,17,853,3,17,NO DCI,Format 2,0,Not present,0,133,-6,17,861,2,17,NO DCI,Format 2,0,Not present,0,133,-6,17,861,3,17,NO DCI,Format 2,0,Not present,0,133,-6,17,867,0,17,NO DCI,Format 1,0,Not present,0,133,-6,17,869,2,17,NO DCI,Format 2,0,Not present,0,133,-6,17,869,3,17,NO DCI,Format 2,0,Not present,0,133,-6,17,869,7,18,Format 2,Format 1bCS,1,0,0,133,-6,18,873,8,18,Format 2,Format 1bCS,1,0,0,133,-6,18,874,0,17,NO DCI,Format 1,0,Not present,0,133,-6,17,877,2,17,NO DCI,Format 2,0,Not present,0,133,-6,17,877,3,17,NO DCI,Format 2,0,Not present,0,133,-6,17,877,9,18,Format 2,Format 1bCS,0,0,0,133,-6,18,878,0,17,NO DCI,Format 1,0,Not present,0,133,-6,17,879,0,17,NO DCI,Format 1,0,Not present,0,133,-6,17,879,5,18,Format 2,Format 1bCS,1,0,0,133,-6,18,885,0,19,Format 1A,Format 1bCS,1,1,0,133,-5,19,885,2,18,NO DCI,Format 2,0,Not present,0,133,-5,18,885,3,18,NO DCI,Format 2,0,Not present,0,133,-5,18,893,2,18,NO DCI,Format 2,0,Not present,0,133,-5,18,893,3,18,NO DCI,Format 2,0,Not present,0,133,-5,18,,,,,,,,,,,,,,,,,,,,,,,,,,,,,,,,,
292,LTE_PHY_PUCCH_Power_Control,2021-11-29 20:25:25.891816,24,23,,472,0,21,Format 2,Format 1bCS,0,0,0,133,-3,21,473,0,20,NO DCI,Format 1,0,Not present,0,133,-3,20,476,0,20,NO DCI,Format 1,0,Not present,0,133,-3,20,476,5,21,Format 2,Format 1bCS,1,0,0,133,-3,21,477,2,20,NO DCI,Format 2,0,Not present,0,133,-3,20,477,3,20,NO DCI,Format 2,0,Not present,0,133,-3,20,493,2,20,NO DCI,Format 2,0,Not present,0,133,-3,20,493,3,20,NO DCI,Format 2,0,Not present,0,133,-3,20,509,2,19,NO DCI,Format 2,0,Not present,0,132,-3,19,509,3,19,NO DCI,Format 2,0,Not present,0,132,-3,19,525,2,19,NO DCI,Format 2,0,Not present,0,132,-3,19,525,3,19,NO DCI,Format 2,0,Not present,0,132,-3,19,557,2,19,NO DCI,Format 2,0,Not present,0,132,-3,19,557,3,19,NO DCI,Format 2,0,Not present,0,132,-3,19,568,0,19,NO DCI,Format 1,0,Not present,0,132,-3,19,569,7,20,Format 2,Format 1bCS,1,0,0,132,-3,20,570,8,20,Format 2,Format 1bCS,1,0,0,132,-3,20,571,0,19,NO DCI,Format 1,0,Not present,0,132,-3,19,573,2,19,NO DCI,Format 2,0,Not present,0,132,-3,19,573,3,19,NO DCI,Format 2,0,Not present,0,132,-3,19,574,5,20,Format 2,Format 1bCS,1,0,0,132,-3,20,589,2,20,NO DCI,Format 2,0,Not present,0,133,-3,20,589,3,20,NO DCI,Format 2,0,Not present,0,133,-3,20,,,,,,,,,,,,,,,,,,,,,,,,,,,,,,,,,,,,,,,,,,,,,,,,,,,,,,,,,,,,,,,,,,,,,,,,,,,,,,,,,,,,,,,,,,,,,,,,,,,,,,,,,,,,,,,,,,,,,,,,,,,,,,,,,,,,,,,,,,,,,,,,,,,,,,,,,,,,,,,,,,,,,,,,,,,,,,,,,,,,,,,,,,,,,,,,,,,,,,,,,,,,,,,,,,,,,,,,,,,,,,,,,,,,,,,,,,,,,,,,,,,,,,,,,,,,,,,,,,,,,,,,,,,,,,,,,,,,,,,,,,,,,,,,,,,,,,,,,
112,LTE_PHY_PUCCH_Power_Control,2021-11-29 20:25:27.092016,24,8,,605,2,20,NO DCI,Format 2,0,Not present,0,133,-3,20,605,3,20,NO DCI,Format 2,0,Not present,0,133,-3,20,621,2,20,NO DCI,Format 2,0,Not present,0,133,-3,20,621,3,20,NO DCI,Format 2,0,Not present,0,133,-3,20,653,2,20,NO DCI,Format 2,0,Not present,0,133,-3,20,653,3,20,NO DCI,Format 2,0,Not present,0,133,-3,20,685,2,20,NO DCI,Format 2,0,Not present,0,133,-3,20,685,3,20,NO DCI,Format 2,0,Not present,0,133,-3,20,,,,,,,,,,,,,,,,,,,,,,,,,,,,,,,,,,,,,,,,,,,,,,,,,,,,,,,,,,,,,,,,,,,,,,,,,,,,,,,,,,,,,,,,,,,,,,,,,,,,,,,,,,,,,,,,,,,,,,,,,,,,,,,,,,,,,,,,,,,,,,,,,,,,,,,,,,,,,,,,,,,,,,,,,,,,,,,,,,,,,,,,,,,,,,,,,,,,,,,,,,,,,,,,,,,,,,,,,,,,,,,,,,,,,,,,,,,,,,,,,,,,,,,,,,,,,,,,,,,,,,,,,,,,,,,,,,,,,,,,,,,,,,,,,,,,,,,,,,,,,,,,,,,,,,,,,,,,,,,,,,,,,,,,,,,,,,,,,,,,,,,,,,,,,,,,,,,,,,,,,,,,,,,,,,,,,,,,,,,,,,,,,,,,,,,,,,,,,,,,,,,,,,,,,,,,,,,,,,,,,,,,,,,,,,,,,,,,,,,,,,,,,,,,,,,,,,,,,,,,,,
580,LTE_PHY_PUCCH_Power_Control,2021-11-29 20:23:29.491843,24,47,,109,2,19,NO DCI,Format 2,0,Not present,0,133,-4,19,109,3,19,NO DCI,Format 2,0,Not present,0,133,-4,19,141,2,19,NO DCI,Format 2,0,Not present,0,133,-4,19,141,3,19,NO DCI,Format 2,0,Not present,0,133,-4,19,141,6,20,Format 2,Format 1bCS,1,0,0,133,-4,20,157,2,19,NO DCI,Format 2,0,Not present,0,133,-4,19,157,3,19,NO DCI,Format 2,0,Not present,0,133,-4,19,173,2,19,NO DCI,Format 2,0,Not present,0,133,-4,19,173,3,19,NO DCI,Format 2,0,Not present,0,133,-4,19,181,0,19,NO DCI,Format 1,0,Not present,0,133,-4,19,184,0,20,Format 2,Format 1bCS,1,0,0,133,-4,20,185,4,20,Format 2,Format 1bCS,0,0,0,133,-4,20,185,6,20,Format 2,Format 1bCS,0,0,0,133,-4,20,186,0,19,NO DCI,Format 1,0,Not present,0,133,-4,19,189,2,19,NO DCI,Format 2,0,Not present,0,133,-4,19,189,3,19,NO DCI,Format 2,0,Not present,0,133,-4,19,190,5,20,Format 2,Format 1bCS,0,0,0,133,-4,20,190,6,20,Format 2,Format 1bCS,0,0,0,133,-4,20,190,7,20,Format 2,Format 1bCS,0,0,0,133,-4,20,190,8,20,Format 2,Format 1bCS,0,0,0,133,-4,20,190,9,20,Format 2,Format 1bCS,0,0,0,133,-4,20,191,0,20,Format 2,Format 1bCS,0,0,0,133,-4,20,191,1,20,Format 2,Format 1bCS,0,0,0,133,-4,20,191,2,20,Format 2,Format 1bCS,0,0,0,133,-4,20,191,3,20,Format 2,Format 1bCS,0,0,0,133,-4,20,191,4,20,Format 2,Format 1bCS,0,0,0,133,-4,20,191,5,20,Format 2,Format 1bCS,0,0,0,133,-4,20,191,6,20,Format 2,Format 1bCS,0,0,0,133,-4,20,191,7,20,Format 2,Format 1bCS,0,0,0,133,-4,20,191,8,20,Format 2,Format 1bCS,0,0,0,133,-4,20,191,9,20,Format 2,Format 1bCS,0,0,0,133,-4,20,192,0,20,Format 2,Format 1bCS,0,0,0,133,-4,20,192,1,20,Format 2,Format 1bCS,0,0,0,133,-4,20,192,2,20,Format 2,Format 1bCS,0,0,0,133,-4,20,192,3,20,Format 2,Format 1bCS,0,0,0,133,-4,20,192,4,20,Format 2,Format 1bCS,0,0,0,133,-4,20,192,5,20,Format 2,Format 1bCS,0,0,0,133,-4,20,192,6,20,Format 2,Format 1bCS,0,0,0,133,-4,20,192,8,20,Format 2,Format 1bCS,0,0,0,133,-4,20,192,9,20,NO DCI,Format 1bCS,0,Not present,0,133,-4,20,196,9,20,Format 2,Format 1bCS,1,0,0,133,-4,20,197,2,19,NO DCI,Format 2,0,Not present,0,133,-4,19,197,3,19,NO DCI,Format 2,0,Not present,0,133,-4,19,205,2,19,NO DCI,Format 2,0,Not present,0,133,-4,19,205,3,19,NO DCI,Format 2,0,Not present,0,133,-4,19,213,2,19,NO DCI,Format 2,0,Not present,0,133,-4,19,213,3,19,NO DCI,Format 2,0,Not present,0,133,-4,19,,,,,,,,,,,,,,,,,,,,,,,,,,,,,,,,,
172,LTE_PHY_PUCCH_Power_Control,2021-11-29 20:23:30.691849,24,13,,221,2,20,NO DCI,Format 2,0,Not present,0,134,-4,20,221,3,20,NO DCI,Format 2,0,Not present,0,134,-4,20,229,2,20,NO DCI,Format 2,0,Not present,0,134,-4,20,229,3,20,NO DCI,Format 2,0,Not present,0,134,-4,20,237,2,20,NO DCI,Format 2,0,Not present,0,134,-4,20,237,3,20,NO DCI,Format 2,0,Not present,0,134,-4,20,269,2,20,NO DCI,Format 2,0,Not present,0,134,-4,20,269,3,20,NO DCI,Format 2,0,Not present,0,134,-4,20,301,2,20,NO DCI,Format 2,0,Not present,0,134,-4,20,301,3,20,NO DCI,Format 2,0,Not present,0,134,-4,20,333,2,20,NO DCI,Format 2,0,Not present,0,134,-4,20,333,3,20,NO DCI,Format 2,0,Not present,0,134,-4,20,333,6,21,Format 2,Format 1bCS,1,0,0,134,-4,21,,,,,,,,,,,,,,,,,,,,,,,,,,,,,,,,,,,,,,,,,,,,,,,,,,,,,,,,,,,,,,,,,,,,,,,,,,,,,,,,,,,,,,,,,,,,,,,,,,,,,,,,,,,,,,,,,,,,,,,,,,,,,,,,,,,,,,,,,,,,,,,,,,,,,,,,,,,,,,,,,,,,,,,,,,,,,,,,,,,,,,,,,,,,,,,,,,,,,,,,,,,,,,,,,,,,,,,,,,,,,,,,,,,,,,,,,,,,,,,,,,,,,,,,,,,,,,,,,,,,,,,,,,,,,,,,,,,,,,,,,,,,,,,,,,,,,,,,,,,,,,,,,,,,,,,,,,,,,,,,,,,,,,,,,,,,,,,,,,,,,,,,,,,,,,,,,,,,,,,,,,,,,,,,,,,,,,,,,,,,,,,,,,,,,,,,,,,,,,,,,,,,,,,
616,LTE_PHY_PUCCH_Power_Control,2021-11-29 20:22:50.284045,24,50,,352,6,14,Format 2,Format 1bCS,1,0,0,131,-8,14,354,0,13,NO DCI,Format 1,0,Not present,0,131,-8,13,355,0,14,Format 2,Format 1bCS,0,0,0,131,-8,14,355,0,14,NO DCI,Format 1bCS,0,Not present,0,131,-8,14,356,0,13,NO DCI,Format 1,0,Not present,0,131,-8,13,357,2,13,NO DCI,Format 2,0,Not present,0,131,-8,13,357,3,13,NO DCI,Format 2,0,Not present,0,131,-8,13,357,5,14,Format 2,Format 1bCS,1,0,0,131,-8,14,359,0,13,NO DCI,Format 1,0,Not present,0,131,-8,13,363,8,13,Format 2,Format 1bCS,1,0,0,130,-8,13,363,9,13,Format 2,Format 1bCS,0,0,0,130,-8,13,364,0,12,NO DCI,Format 1,0,Not present,0,130,-8,12,365,0,12,NO DCI,Format 1,0,Not present,0,130,-8,12,365,2,12,NO DCI,Format 2,0,Not present,0,130,-8,12,365,3,12,NO DCI,Format 2,0,Not present,0,130,-8,12,368,9,13,Format 2,Format 1bCS,1,0,0,130,-8,13,373,2,12,NO DCI,Format 2,0,Not present,0,130,-8,12,373,3,12,NO DCI,Format 2,0,Not present,0,130,-8,12,375,3,13,Format 2,Format 1bCS,0,0,0,130,-8,13,375,4,13,Format 2,Format 1bCS,0,0,0,130,-8,13,375,5,13,Format 2,Format 1bCS,0,0,0,130,-8,13,375,6,13,Format 2,Format 1bCS,0,0,0,130,-8,13,375,7,13,Format 2,Format 1bCS,0,0,0,130,-8,13,375,8,13,Format 2,Format 1bCS,0,0,0,130,-8,13,376,0,12,NO DCI,Format 1,0,Not present,0,130,-8,12,381,1,13,Format 2,Format 1bCS,1,0,0,130,-8,13,381,2,12,Format 2,Format 2B,1,0,0,130,-8,12,381,3,12,NO DCI,Format 2,0,Not present,0,130,-8,12,381,5,13,Format 2,Format 1bCS,0,0,0,130,-8,13,382,0,12,NO DCI,Format 1,0,Not present,0,130,-8,12,382,3,13,Format 2,Format 1bCS,0,0,0,130,-8,13,382,4,13,Format 2,Format 1bCS,0,0,0,130,-8,13,383,1,13,NO DCI,Format 1bCS,0,Not present,0,130,-8,13,383,2,13,NO DCI,Format 1bCS,0,Not present,0,130,-8,13,383,3,13,NO DCI,Format 1bCS,0,Not present,0,130,-8,13,383,6,13,Format 2,Format 1bCS,0,0,0,130,-8,13,383,9,13,Format 2,Format 1bCS,0,0,0,130,-8,13,384,0,13,Format 2,Format 1bCS,1,0,0,130,-8,13,384,8,13,Format 2,Format 1bCS,0,0,0,130,-8,13,384,9,13,NO DCI,Format 1bCS,0,Not present,0,130,-8,13,385,0,13,Format 2,Format 1bCS,0,0,0,130,-8,13,385,1,13,NO DCI,Format 1bCS,0,Not present,0,130,-8,13,385,2,13,NO DCI,Format 1bCS,0,Not present,0,130,-8,13,385,3,13,Format 2,Format 1bCS,0,0,0,130,-8,13,385,4,13,NO DCI,Format 1bCS,0,Not present,0,130,-8,13,385,9,13,NO DCI,Format 1bCS,0,Not present,0,130,-8,13,386,1,13,Format 2,Format 1bCS,0,0,0,130,-8,13,389,2,13,NO DCI,Format 2,0,Not present,0,131,-8,13,389,3,13,NO DCI,Format 2,0,Not present,0,131,-8,13,391,1,14,Format 2,Format 1bCS,1,0,0,131,-8,14
616,LTE_PHY_PUCCH_Power_Control,2021-11-29 20:23:16.026436,24,50,,841,0,14,NO DCI,Format 1,0,Not present,0,134,-10,14,844,9,14,Format 2,Format 1bCS,1,0,0,133,-10,14,845,2,13,NO DCI,Format 2,0,Not present,0,133,-10,13,845,3,13,NO DCI,Format 2,0,Not present,0,133,-10,13,846,1,14,Format 2,Format 1bCS,1,0,0,133,-10,14,847,0,13,NO DCI,Format 1,0,Not present,0,133,-10,13,848,1,14,Format 2,Format 1bCS,0,0,0,133,-10,14,848,9,14,Format 2,Format 1bCS,1,0,0,133,-10,14,850,0,13,NO DCI,Format 1,0,Not present,0,133,-10,13,853,0,14,Format 2,Format 1bCS,1,0,0,133,-10,14,853,2,13,NO DCI,Format 2,0,Not present,0,133,-10,13,853,3,13,NO DCI,Format 2,0,Not present,0,133,-10,13,861,2,13,NO DCI,Format 2,0,Not present,0,133,-10,13,861,3,13,NO DCI,Format 2,0,Not present,0,133,-10,13,862,0,13,NO DCI,Format 1,0,Not present,0,133,-10,13,865,1,14,Format 2,Format 1bCS,1,0,0,133,-10,14,869,2,14,NO DCI,Format 2,0,Not present,0,134,-10,14,869,3,14,NO DCI,Format 2,0,Not present,0,134,-10,14,871,3,15,Format 2,Format 1bCS,1,0,0,134,-10,15,872,6,15,Format 2,Format 1bCS,0,0,0,134,-10,15,873,0,14,NO DCI,Format 1,0,Not present,0,134,-10,14,875,5,15,Format 2,Format 1bCS,1,0,0,134,-10,15,877,2,14,NO DCI,Format 2,0,Not present,0,134,-10,14,877,3,14,NO DCI,Format 2,0,Not present,0,134,-10,14,883,6,15,Format 2,Format 1bCS,1,0,0,134,-10,15,884,0,14,NO DCI,Format 1,0,Not present,0,134,-10,14,886,1,15,Format 2,Format 1bCS,0,0,0,134,-10,15,886,2,15,Format 2,Format 1bCS,1,0,0,134,-10,15,890,0,14,NO DCI,Format 1,0,Not present,0,134,-10,14,892,2,15,Format 2,Format 1bCS,1,0,0,134,-10,15,893,2,14,NO DCI,Format 2,0,Not present,0,134,-10,14,893,3,14,NO DCI,Format 2,0,Not present,0,134,-10,14,901,2,13,NO DCI,Format 2,0,Not present,0,133,-10,13,901,3,13,NO DCI,Format 2,0,Not present,0,133,-10,13,906,0,13,NO DCI,Format 1,0,Not present,0,133,-10,13,908,2,14,Format 2,Format 1bCS,1,0,0,133,-10,14,909,2,13,NO DCI,Format 2,0,Not present,0,133,-10,13,909,3,13,NO DCI,Format 2,0,Not present,0,133,-10,13,909,7,14,Format 2,Format 1bCS,0,0,0,133,-10,14,909,8,14,Format 2,Format 1bCS,0,0,0,133,-10,14,910,0,13,NO DCI,Format 1,0,Not present,0,133,-10,13,910,6,14,NO DCI,Format 1bCS,0,Not present,0,133,-10,14,913,6,14,Format 2,Format 1bCS,0,0,0,133,-10,14,913,7,14,Format 2,Format 1bCS,0,0,0,133,-10,14,913,8,14,Format 2,Format 1bCS,1,0,0,133,-10,14,914,0,13,NO DCI,Format 1,0,Not present,0,133,-10,13,915,0,13,NO DCI,Format 1,0,Not present,0,133,-10,13,917,0,13,NO DCI,Format 1,0,Not present,0,133,-10,13,917,2,13,NO DCI,Format 2,0,Not present,0,133,-10,13,917,3,13,NO DCI,Format 2,0,Not present,0,133,-10,13
64,LTE_PHY_PUCCH_Power_Control,2021-11-29 20:23:40.291839,24,4,,265,5,14,Format 2,Format 1bCS,1,0,0,138,-15,14,266,0,13,NO DCI,Format 1,0,Not present,0,138,-15,13,269,2,13,NO DCI,Format 2,0,Not present,0,138,-15,13,269,3,13,NO DCI,Format 2,0,Not present,0,138,-15,13,,,,,,,,,,,,,,,,,,,,,,,,,,,,,,,,,,,,,,,,,,,,,,,,,,,,,,,,,,,,,,,,,,,,,,,,,,,,,,,,,,,,,,,,,,,,,,,,,,,,,,,,,,,,,,,,,,,,,,,,,,,,,,,,,,,,,,,,,,,,,,,,,,,,,,,,,,,,,,,,,,,,,,,,,,,,,,,,,,,,,,,,,,,,,,,,,,,,,,,,,,,,,,,,,,,,,,,,,,,,,,,,,,,,,,,,,,,,,,,,,,,,,,,,,,,,,,,,,,,,,,,,,,,,,,,,,,,,,,,,,,,,,,,,,,,,,,,,,,,,,,,,,,,,,,,,,,,,,,,,,,,,,,,,,,,,,,,,,,,,,,,,,,,,,,,,,,,,,,,,,,,,,,,,,,,,,,,,,,,,,,,,,,,,,,,,,,,,,,,,,,,,,,,,,,,,,,,,,,,,,,,,,,,,,,,,,,,,,,,,,,,,,,,,,,,,,,,,,,,,,,,,,,,,,,,,,,,,,,,,,,,,,,,,,,,,,,,,,,,,,,,,,,
172,LTE_PHY_PUCCH_Power_Control,2021-11-29 20:22:42.693002,24,13,,557,2,19,NO DCI,Format 2,0,Not present,0,132,-3,19,557,3,19,NO DCI,Format 2,0,Not present,0,132,-3,19,589,2,19,NO DCI,Format 2,0,Not present,0,132,-3,19,589,3,19,NO DCI,Format 2,0,Not present,0,132,-3,19,589,6,20,Format 2,Format 1bCS,1,0,0,132,-3,20,605,2,19,NO DCI,Format 2,0,Not present,0,132,-3,19,605,3,19,NO DCI,Format 2,0,Not present,0,132,-3,19,621,2,19,NO DCI,Format 2,0,Not present,0,132,-3,19,621,3,19,NO DCI,Format 2,0,Not present,0,132,-3,19,637,2,19,NO DCI,Format 2,0,Not present,0,132,-3,19,637,3,19,NO DCI,Format 2,0,Not present,0,132,-3,19,653,2,19,NO DCI,Format 2,0,Not present,0,132,-3,19,653,3,19,NO DCI,Format 2,0,Not present,0,132,-3,19,,,,,,,,,,,,,,,,,,,,,,,,,,,,,,,,,,,,,,,,,,,,,,,,,,,,,,,,,,,,,,,,,,,,,,,,,,,,,,,,,,,,,,,,,,,,,,,,,,,,,,,,,,,,,,,,,,,,,,,,,,,,,,,,,,,,,,,,,,,,,,,,,,,,,,,,,,,,,,,,,,,,,,,,,,,,,,,,,,,,,,,,,,,,,,,,,,,,,,,,,,,,,,,,,,,,,,,,,,,,,,,,,,,,,,,,,,,,,,,,,,,,,,,,,,,,,,,,,,,,,,,,,,,,,,,,,,,,,,,,,,,,,,,,,,,,,,,,,,,,,,,,,,,,,,,,,,,,,,,,,,,,,,,,,,,,,,,,,,,,,,,,,,,,,,,,,,,,,,,,,,,,,,,,,,,,,,,,,,,,,,,,,,,,,,,,,,,,,,,,,,,,,,,
604,LTE_PHY_PUCCH_Power_Control,2021-11-29 20:25:22.291845,24,49,,131,0,21,NO DCI,Format 1,0,Not present,0,132,-1,21,133,2,21,NO DCI,Format 2,0,Not present,0,132,-1,21,133,3,21,NO DCI,Format 2,0,Not present,0,132,-1,21,133,4,22,Format 2,Format 1bCS,1,0,0,132,-1,22,137,6,22,Format 2,Format 1bCS,1,0,0,132,-1,22,138,0,21,NO DCI,Format 1,0,Not present,0,132,-1,21,139,5,20,Format 2,Format 1bCS,1,-1,0,131,-2,20,141,2,19,NO DCI,Format 2,0,Not present,0,131,-2,19,141,3,19,NO DCI,Format 2,0,Not present,0,131,-2,19,143,6,20,Format 2,Format 1bCS,1,0,0,131,-2,20,144,0,19,NO DCI,Format 1,0,Not present,0,131,-2,19,146,1,19,Format 2,Format 1bCS,1,-1,0,131,-3,19,146,9,19,Format 2,Format 1bCS,1,0,0,131,-3,19,148,0,18,NO DCI,Format 1,0,Not present,0,131,-3,18,149,2,18,NO DCI,Format 2,0,Not present,0,131,-3,18,149,3,18,NO DCI,Format 2,0,Not present,0,131,-3,18,149,5,19,Format 2,Format 1bCS,1,0,0,131,-3,19,150,0,18,NO DCI,Format 1,0,Not present,0,131,-3,18,157,2,19,NO DCI,Format 2,0,Not present,0,132,-3,19,157,3,19,NO DCI,Format 2,0,Not present,0,132,-3,19,165,2,19,NO DCI,Format 2,0,Not present,0,132,-3,19,165,3,19,NO DCI,Format 2,0,Not present,0,132,-3,19,173,2,19,NO DCI,Format 2,0,Not present,0,132,-3,19,173,3,19,NO DCI,Format 2,0,Not present,0,132,-3,19,175,5,21,Format 2,Format 1bCS,0,1,0,132,-2,21,181,2,20,NO DCI,Format 2,0,Not present,0,132,-2,20,181,3,20,NO DCI,Format 2,0,Not present,0,132,-2,20,189,2,20,NO DCI,Format 2,0,Not present,0,132,-2,20,189,3,20,NO DCI,Format 2,0,Not present,0,132,-2,20,194,0,20,NO DCI,Format 1,0,Not present,0,132,-2,20,195,7,21,Format 2,Format 1bCS,1,0,0,132,-2,21,197,0,21,Format 2,Format 1bCS,1,0,0,132,-2,21,198,5,21,Format 2,Format 1bCS,0,0,0,132,-2,21,198,6,21,Format 2,Format 1bCS,0,0,0,132,-2,21,198,7,21,Format 2,Format 1bCS,0,0,0,132,-2,21,198,8,21,Format 2,Format 1bCS,0,0,0,132,-2,21,198,9,21,Format 2,Format 1bCS,0,0,0,132,-2,21,199,0,21,Format 2,Format 1bCS,0,0,0,132,-2,21,199,1,21,Format 2,Format 1bCS,0,0,0,132,-2,21,199,2,21,Format 2,Format 1bCS,0,0,0,132,-2,21,199,3,21,Format 2,Format 1bCS,0,0,0,132,-2,21,199,4,21,Format 2,Format 1bCS,0,0,0,132,-2,21,205,2,20,NO DCI,Format 2,0,Not present,0,132,-2,20,213,2,19,NO DCI,Format 2,0,Not present,0,132,-3,19,213,3,19,NO DCI,Format 2,0,Not present,0,132,-3,19,221,2,19,NO DCI,Format 2,0,Not present,0,132,-3,19,221,3,19,NO DCI,Format 2,0,Not present,0,132,-3,19,229,2,20,NO DCI,Format 2,0,Not present,0,133,-3,20,229,3,20,NO DCI,Format 2,0,Not present,0,133,-3,20,,,,,,,,,,,
232,LTE_PHY_PUCCH_Power_Control,2021-11-29 20:25:23.491854,24,18,,237,2,20,NO DCI,Format 2,0,Not present,0,133,-3,20,237,3,20,NO DCI,Format 2,0,Not present,0,133,-3,20,269,2,19,NO DCI,Format 2,0,Not present,0,132,-3,19,269,3,19,NO DCI,Format 2,0,Not present,0,132,-3,19,301,2,19,NO DCI,Format 2,0,Not present,0,132,-3,19,301,3,19,NO DCI,Format 2,0,Not present,0,132,-3,19,333,2,19,NO DCI,Format 2,0,Not present,0,132,-3,19,333,3,19,NO DCI,Format 2,0,Not present,0,132,-3,19,333,6,20,Format 2,Format 1bCS,1,0,0,132,-3,20,334,0,19,NO DCI,Format 1,0,Not present,0,132,-3,19,336,3,20,Format 2,Format 1bCS,1,0,0,132,-3,20,340,3,20,Format 2,Format 1bCS,0,0,0,132,-3,20,340,4,20,Format 2,Format 1bCS,1,0,0,132,-3,20,341,0,19,NO DCI,Format 1,0,Not present,0,132,-3,19,342,0,19,NO DCI,Format 1,0,Not present,0,132,-3,19,343,5,20,Format 2,Format 1bCS,1,0,0,132,-3,20,349,2,19,NO DCI,Format 2,0,Not present,0,132,-3,19,349,3,19,NO DCI,Format 2,0,Not present,0,132,-3,19,,,,,,,,,,,,,,,,,,,,,,,,,,,,,,,,,,,,,,,,,,,,,,,,,,,,,,,,,,,,,,,,,,,,,,,,,,,,,,,,,,,,,,,,,,,,,,,,,,,,,,,,,,,,,,,,,,,,,,,,,,,,,,,,,,,,,,,,,,,,,,,,,,,,,,,,,,,,,,,,,,,,,,,,,,,,,,,,,,,,,,,,,,,,,,,,,,,,,,,,,,,,,,,,,,,,,,,,,,,,,,,,,,,,,,,,,,,,,,,,,,,,,,,,,,,,,,,,,,,,,,,,,,,,,,,,,,,,,,,,,,,,,,,,,,,,,,,,,,,,,,,,,,,,,,,,,,,,,,,,,,,,,,,,,,,,,,,,,,,,,,,,,,,,,,,,
604,LTE_PHY_PUCCH_Power_Control,2021-11-29 20:23:39.092731,24,49,,42,1,15,NO DCI,Format 1bCS,0,Not present,0,138,-14,15,42,2,15,Format 2,Format 1bCS,0,0,0,138,-14,15,42,3,15,Format 2,Format 1bCS,0,0,0,138,-14,15,42,4,15,Format 2,Format 1bCS,0,0,0,138,-14,15,42,6,15,Format 2,Format 1bCS,0,0,0,138,-14,15,42,7,15,Format 2,Format 1bCS,0,0,0,138,-14,15,42,8,15,Format 2,Format 1bCS,0,0,0,138,-14,15,42,9,15,Format 2,Format 1bCS,0,0,0,138,-14,15,43,0,15,Format 2,Format 1bCS,0,0,0,138,-14,15,43,1,15,Format 2,Format 1bCS,0,0,0,138,-14,15,43,2,15,Format 2,Format 1bCS,0,0,0,138,-14,15,43,5,14,Format 2,Format 1bCS,1,-1,0,138,-15,14,45,2,13,NO DCI,Format 2,0,Not present,0,138,-15,13,45,3,13,NO DCI,Format 2,0,Not present,0,138,-15,13,45,5,14,Format 2,Format 1bCS,1,0,0,138,-15,14,46,0,13,NO DCI,Format 1,0,Not present,0,138,-15,13,53,2,13,NO DCI,Format 2,0,Not present,0,138,-15,13,53,3,13,NO DCI,Format 2,0,Not present,0,138,-15,13,61,2,13,NO DCI,Format 2,0,Not present,0,138,-15,13,61,3,13,NO DCI,Format 2,0,Not present,0,138,-15,13,69,2,13,NO DCI,Format 2,0,Not present,0,138,-15,13,69,3,13,NO DCI,Format 2,0,Not present,0,138,-15,13,70,6,14,Format 2,Format 1bCS,0,0,0,138,-15,14,71,0,13,NO DCI,Format 1,0,Not present,0,138,-15,13,75,0,13,NO DCI,Format 1,0,Not present,0,138,-15,13,76,5,14,Format 2,Format 1bCS,1,0,0,138,-15,14,77,2,13,NO DCI,Format 2,0,Not present,0,138,-15,13,77,3,13,NO DCI,Format 2,0,Not present,0,138,-15,13,85,2,13,NO DCI,Format 2,0,Not present,0,138,-15,13,85,3,13,NO DCI,Format 2,0,Not present,0,138,-15,13,93,2,13,NO DCI,Format 2,0,Not present,0,138,-15,13,93,3,13,NO DCI,Format 2,0,Not present,0,138,-15,13,100,8,14,Format 2,Format 1bCS,1,0,0,138,-15,14,101,0,13,NO DCI,Format 1,0,Not present,0,138,-15,13,101,2,13,NO DCI,Format 2,0,Not present,0,138,-15,13,101,3,13,NO DCI,Format 2,0,Not present,0,138,-15,13,102,5,14,Format 2,Format 1bCS,1,0,0,138,-15,14,109,2,13,NO DCI,Format 2,0,Not present,0,138,-15,13,109,3,13,NO DCI,Format 2,0,Not present,0,138,-15,13,117,2,13,NO DCI,Format 2,0,Not present,0,138,-15,13,117,3,13,NO DCI,Format 2,0,Not present,0,138,-15,13,125,2,12,NO DCI,Format 2,0,Not present,0,137,-15,12,125,3,12,NO DCI,Format 2,0,Not present,0,137,-15,12,133,2,11,NO DCI,Format 2,0,Not present,0,136,-15,11,133,3,11,NO DCI,Format 2,0,Not present,0,136,-15,11,141,2,11,NO DCI,Format 2,0,Not present,0,136,-15,11,141,3,11,NO DCI,Format 2,0,Not present,0,136,-15,11,149,2,11,NO DCI,Format 2,0,Not present,0,136,-15,11,149,3,11,NO DCI,Format 2,0,Not present,0,136,-15,11,,,,,,,,,,,
88,LTE_PHY_PUCCH_Power_Control,2021-11-29 20:23:03.092933,24,6,,557,2,12,NO DCI,Format 2,0,Not present,0,136,-14,12,557,3,12,NO DCI,Format 2,0,Not present,0,136,-14,12,589,2,12,NO DCI,Format 2,0,Not present,0,136,-14,12,589,3,12,NO DCI,Format 2,0,Not present,0,136,-14,12,621,2,12,NO DCI,Format 2,0,Not present,0,136,-14,12,621,3,12,NO DCI,Format 2,0,Not present,0,136,-14,12,,,,,,,,,,,,,,,,,,,,,,,,,,,,,,,,,,,,,,,,,,,,,,,,,,,,,,,,,,,,,,,,,,,,,,,,,,,,,,,,,,,,,,,,,,,,,,,,,,,,,,,,,,,,,,,,,,,,,,,,,,,,,,,,,,,,,,,,,,,,,,,,,,,,,,,,,,,,,,,,,,,,,,,,,,,,,,,,,,,,,,,,,,,,,,,,,,,,,,,,,,,,,,,,,,,,,,,,,,,,,,,,,,,,,,,,,,,,,,,,,,,,,,,,,,,,,,,,,,,,,,,,,,,,,,,,,,,,,,,,,,,,,,,,,,,,,,,,,,,,,,,,,,,,,,,,,,,,,,,,,,,,,,,,,,,,,,,,,,,,,,,,,,,,,,,,,,,,,,,,,,,,,,,,,,,,,,,,,,,,,,,,,,,,,,,,,,,,,,,,,,,,,,,,,,,,,,,,,,,,,,,,,,,,,,,,,,,,,,,,,,,,,,,,,,,,,,,,,,,,,,,,,,,,,,,,,,,,,,,,,,,,
292,LTE_PHY_PUCCH_Power_Control,2021-11-29 20:23:47.491823,24,23,,872,7,15,Format 2,Format 1bCS,0,0,0,133,-9,15,872,8,15,Format 2,Format 1bCS,0,0,0,133,-9,15,874,0,14,NO DCI,Format 1,0,Not present,0,133,-9,14,876,7,15,Format 2,Format 1bCS,1,0,0,133,-9,15,877,2,14,NO DCI,Format 2,0,Not present,0,133,-9,14,877,3,14,NO DCI,Format 2,0,Not present,0,133,-9,14,885,2,14,NO DCI,Format 2,0,Not present,0,133,-9,14,885,3,14,NO DCI,Format 2,0,Not present,0,133,-9,14,893,2,14,NO DCI,Format 2,0,Not present,0,133,-9,14,893,3,14,NO DCI,Format 2,0,Not present,0,133,-9,14,901,2,16,NO DCI,Format 2,0,Not present,0,135,-9,16,901,3,16,NO DCI,Format 2,0,Not present,0,135,-9,16,909,2,16,NO DCI,Format 2,0,Not present,0,135,-9,16,909,3,16,NO DCI,Format 2,0,Not present,0,135,-9,16,941,2,16,NO DCI,Format 2,0,Not present,0,135,-9,16,941,3,16,NO DCI,Format 2,0,Not present,0,135,-9,16,973,2,16,NO DCI,Format 2,0,Not present,0,135,-9,16,973,3,16,NO DCI,Format 2,0,Not present,0,135,-9,16,981,0,16,NO DCI,Format 1,0,Not present,0,135,-9,16,981,3,16,NO DCI,Format 2,0,Not present,0,135,-9,16,982,7,16,Format 2,Format 1bCS,1,0,0,134,-9,16,989,2,15,NO DCI,Format 2,0,Not present,0,134,-9,15,989,3,15,NO DCI,Format 2,0,Not present,0,134,-9,15,,,,,,,,,,,,,,,,,,,,,,,,,,,,,,,,,,,,,,,,,,,,,,,,,,,,,,,,,,,,,,,,,,,,,,,,,,,,,,,,,,,,,,,,,,,,,,,,,,,,,,,,,,,,,,,,,,,,,,,,,,,,,,,,,,,,,,,,,,,,,,,,,,,,,,,,,,,,,,,,,,,,,,,,,,,,,,,,,,,,,,,,,,,,,,,,,,,,,,,,,,,,,,,,,,,,,,,,,,,,,,,,,,,,,,,,,,,,,,,,,,,,,,,,,,,,,,,,,,,,,,,,,,,,,,,,,,,,,,,,,,,,,,,,,,,,,,,,,
364,LTE_PHY_PUCCH_Power_Control,2021-11-29 20:22:48.691972,24,29,,195,6,14,Format 2,Format 1bCS,0,0,0,130,-7,14,196,2,14,Format 2,Format 1bCS,0,0,0,130,-7,14,196,3,14,Format 2,Format 1bCS,0,0,0,130,-7,14,196,6,14,Format 2,Format 1bCS,1,0,0,130,-7,14,197,0,14,Format 2,Format 1bCS,0,0,0,130,-7,14,197,1,14,Format 2,Format 1bCS,0,0,0,130,-7,14,197,2,13,NO DCI,Format 2,0,Not present,0,130,-7,13,197,3,13,NO DCI,Format 2,0,Not present,0,130,-7,13,197,9,14,Format 2,Format 1bCS,0,0,0,130,-7,14,198,0,14,Format 2,Format 1bCS,0,0,0,130,-7,14,198,6,14,Format 2,Format 1bCS,0,0,0,130,-7,14,198,7,14,Format 2,Format 1bCS,0,0,0,130,-7,14,198,8,14,Format 2,Format 1bCS,0,0,0,130,-7,14,198,9,14,Format 2,Format 1bCS,0,0,0,130,-7,14,199,0,14,Format 2,Format 1bCS,0,0,0,130,-7,14,199,1,14,Format 2,Format 1bCS,0,0,0,130,-7,14,199,3,14,Format 2,Format 1bCS,0,0,0,130,-7,14,200,5,14,Format 2,Format 1bCS,0,0,0,130,-7,14,200,6,14,Format 2,Format 1bCS,0,0,0,130,-7,14,203,9,13,Format 2,Format 1bCS,1,-1,0,130,-8,13,205,0,12,NO DCI,Format 1,0,Not present,0,130,-8,12,205,2,12,NO DCI,Format 2,0,Not present,0,130,-8,12,205,3,12,NO DCI,Format 2,0,Not present,0,130,-8,12,213,2,13,NO DCI,Format 2,0,Not present,0,131,-8,13,213,3,13,NO DCI,Format 2,0,Not present,0,131,-8,13,221,2,13,NO DCI,Format 2,0,Not present,0,131,-8,13,221,3,13,NO DCI,Format 2,0,Not present,0,131,-8,13,229,2,13,NO DCI,Format 2,0,Not present,0,131,-8,13,229,3,13,NO DCI,Format 2,0,Not present,0,131,-8,13,,,,,,,,,,,,,,,,,,,,,,,,,,,,,,,,,,,,,,,,,,,,,,,,,,,,,,,,,,,,,,,,,,,,,,,,,,,,,,,,,,,,,,,,,,,,,,,,,,,,,,,,,,,,,,,,,,,,,,,,,,,,,,,,,,,,,,,,,,,,,,,,,,,,,,,,,,,,,,,,,,,,,,,,,,,,,,,,,,,,,,,,,,,,,,,,,,,,,,,,,,,,,,,,,,,,,,,,,,,,,,,,,,,,,,,
280,LTE_PHY_PUCCH_Power_Control,2021-11-29 20:23:31.891876,24,22,,349,2,20,NO DCI,Format 2,0,Not present,0,134,-4,20,349,3,20,NO DCI,Format 2,0,Not present,0,134,-4,20,365,2,19,NO DCI,Format 2,0,Not present,0,133,-4,19,365,3,19,NO DCI,Format 2,0,Not present,0,133,-4,19,366,4,20,Format 2,Format 1bCS,0,0,0,133,-4,20,367,0,19,NO DCI,Format 1,0,Not present,0,133,-4,19,369,3,20,Format 2,Format 1bCS,1,0,0,133,-4,20,381,2,19,NO DCI,Format 2,0,Not present,0,133,-4,19,381,3,19,NO DCI,Format 2,0,Not present,0,133,-4,19,381,6,20,Format 2,Format 1bCS,0,0,0,133,-4,20,382,0,19,NO DCI,Format 1,0,Not present,0,133,-4,19,384,3,20,Format 2,Format 1bCS,1,0,0,133,-4,20,397,2,19,NO DCI,Format 2,0,Not present,0,133,-4,19,397,3,19,NO DCI,Format 2,0,Not present,0,133,-4,19,413,2,20,NO DCI,Format 2,0,Not present,0,134,-4,20,413,3,20,NO DCI,Format 2,0,Not present,0,134,-4,20,429,2,20,NO DCI,Format 2,0,Not present,0,134,-4,20,429,3,20,NO DCI,Format 2,0,Not present,0,134,-4,20,430,0,20,NO DCI,Format 1,0,Not present,0,134,-4,20,432,2,21,Format 2,Format 1bCS,1,0,0,134,-4,21,445,2,20,NO DCI,Format 2,0,Not present,0,134,-4,20,445,3,20,NO DCI,Format 2,0,Not present,0,134,-4,20,,,,,,,,,,,,,,,,,,,,,,,,,,,,,,,,,,,,,,,,,,,,,,,,,,,,,,,,,,,,,,,,,,,,,,,,,,,,,,,,,,,,,,,,,,,,,,,,,,,,,,,,,,,,,,,,,,,,,,,,,,,,,,,,,,,,,,,,,,,,,,,,,,,,,,,,,,,,,,,,,,,,,,,,,,,,,,,,,,,,,,,,,,,,,,,,,,,,,,,,,,,,,,,,,,,,,,,,,,,,,,,,,,,,,,,,,,,,,,,,,,,,,,,,,,,,,,,,,,,,,,,,,,,,,,,,,,,,,,,,,,,,,,,,,,,,,,,,,,,,,,,,,,,,
136,LTE_PHY_PUCCH_Power_Control,2021-11-29 20:24:52.291848,24,10,,205,2,8,NO DCI,Format 2,0,Not present,0,131,-13,8,205,3,8,NO DCI,Format 2,0,Not present,0,131,-13,8,237,2,7,NO DCI,Format 2,0,Not present,0,130,-13,7,237,3,7,NO DCI,Format 2,0,Not present,0,130,-13,7,269,2,7,NO DCI,Format 2,0,Not present,0,130,-13,7,269,3,7,NO DCI,Format 2,0,Not present,0,130,-13,7,294,0,7,NO DCI,Format 1,0,Not present,0,130,-13,7,297,0,8,Format 2,Format 1bCS,1,0,0,130,-13,8,301,2,7,NO DCI,Format 2,0,Not present,0,130,-13,7,301,3,7,NO DCI,Format 2,0,Not present,0,130,-13,7,,,,,,,,,,,,,,,,,,,,,,,,,,,,,,,,,,,,,,,,,,,,,,,,,,,,,,,,,,,,,,,,,,,,,,,,,,,,,,,,,,,,,,,,,,,,,,,,,,,,,,,,,,,,,,,,,,,,,,,,,,,,,,,,,,,,,,,,,,,,,,,,,,,,,,,,,,,,,,,,,,,,,,,,,,,,,,,,,,,,,,,,,,,,,,,,,,,,,,,,,,,,,,,,,,,,,,,,,,,,,,,,,,,,,,,,,,,,,,,,,,,,,,,,,,,,,,,,,,,,,,,,,,,,,,,,,,,,,,,,,,,,,,,,,,,,,,,,,,,,,,,,,,,,,,,,,,,,,,,,,,,,,,,,,,,,,,,,,,,,,,,,,,,,,,,,,,,,,,,,,,,,,,,,,,,,,,,,,,,,,,,,,,,,,,,,,,,,,,,,,,,,,,,,,,,,,,,,,,,,,,,,,,,,,,,,,,,,,,,,
280,LTE_PHY_PUCCH_Power_Control,2021-11-29 20:22:35.492961,24,22,,845,2,22,NO DCI,Format 2,0,Not present,0,133,-1,22,845,3,22,NO DCI,Format 2,0,Not present,0,133,-1,22,877,2,22,NO DCI,Format 2,0,Not present,0,133,-1,22,877,3,22,NO DCI,Format 2,0,Not present,0,133,-1,22,909,2,22,NO DCI,Format 2,0,Not present,0,133,-1,22,909,3,22,NO DCI,Format 2,0,Not present,0,133,-1,22,935,0,23,NO DCI,Format 1,0,Not present,0,134,-1,23,937,3,24,Format 2,Format 1B,0,0,0,134,-1,23,938,5,23,Format 2,Format 1A,1,0,0,134,-1,23,939,0,23,NO DCI,Format 1,0,Not present,0,134,-1,23,941,2,23,NO DCI,Format 2,0,Not present,0,134,-1,23,941,3,23,NO DCI,Format 2,0,Not present,0,134,-1,23,941,5,24,Format 2,Format 1B,0,0,0,134,-1,23,942,0,23,NO DCI,Format 1,0,Not present,0,134,-1,23,943,0,23,NO DCI,Format 1,0,Not present,0,134,-1,23,943,5,22,Format 2,Format 1A,1,-1,0,134,-2,22,945,0,22,NO DCI,Format 1,0,Not present,0,134,-2,22,948,5,21,Format 2,Format 1A,1,0,0,133,-2,21,949,2,21,NO DCI,Format 2,0,Not present,0,133,-2,21,949,3,21,NO DCI,Format 2,0,Not present,0,133,-2,21,957,2,21,NO DCI,Format 2,0,Not present,0,133,-2,21,957,3,21,NO DCI,Format 2,0,Not present,0,133,-2,21,,,,,,,,,,,,,,,,,,,,,,,,,,,,,,,,,,,,,,,,,,,,,,,,,,,,,,,,,,,,,,,,,,,,,,,,,,,,,,,,,,,,,,,,,,,,,,,,,,,,,,,,,,,,,,,,,,,,,,,,,,,,,,,,,,,,,,,,,,,,,,,,,,,,,,,,,,,,,,,,,,,,,,,,,,,,,,,,,,,,,,,,,,,,,,,,,,,,,,,,,,,,,,,,,,,,,,,,,,,,,,,,,,,,,,,,,,,,,,,,,,,,,,,,,,,,,,,,,,,,,,,,,,,,,,,,,,,,,,,,,,,,,,,,,,,,,,,,,,,,,,,,,,,,
172,LTE_PHY_PUCCH_Power_Control,2021-11-29 20:23:53.492642,24,13,,448,5,14,Format 2,Format 1bCS,1,0,0,132,-9,14,454,0,13,NO DCI,Format 1,0,Not present,0,132,-9,13,455,5,14,Format 2,Format 1bCS,1,0,0,132,-9,14,461,2,14,NO DCI,Format 2,0,Not present,0,133,-9,14,461,3,14,NO DCI,Format 2,0,Not present,0,133,-9,14,477,2,16,NO DCI,Format 2,0,Not present,0,135,-9,16,477,3,16,NO DCI,Format 2,0,Not present,0,135,-9,16,493,2,14,NO DCI,Format 2,0,Not present,0,133,-9,14,493,3,14,NO DCI,Format 2,0,Not present,0,133,-9,14,525,2,13,NO DCI,Format 2,0,Not present,0,132,-9,13,525,3,13,NO DCI,Format 2,0,Not present,0,132,-9,13,557,2,13,NO DCI,Format 2,0,Not present,0,132,-9,13,557,3,13,NO DCI,Format 2,0,Not present,0,132,-9,13,,,,,,,,,,,,,,,,,,,,,,,,,,,,,,,,,,,,,,,,,,,,,,,,,,,,,,,,,,,,,,,,,,,,,,,,,,,,,,,,,,,,,,,,,,,,,,,,,,,,,,,,,,,,,,,,,,,,,,,,,,,,,,,,,,,,,,,,,,,,,,,,,,,,,,,,,,,,,,,,,,,,,,,,,,,,,,,,,,,,,,,,,,,,,,,,,,,,,,,,,,,,,,,,,,,,,,,,,,,,,,,,,,,,,,,,,,,,,,,,,,,,,,,,,,,,,,,,,,,,,,,,,,,,,,,,,,,,,,,,,,,,,,,,,,,,,,,,,,,,,,,,,,,,,,,,,,,,,,,,,,,,,,,,,,,,,,,,,,,,,,,,,,,,,,,,,,,,,,,,,,,,,,,,,,,,,,,,,,,,,,,,,,,,,,,,,,,,,,,,,,,,,,,
376,LTE_PHY_PUCCH_Power_Control,2021-11-29 20:24:07.891850,24,30,,864,0,19,NO DCI,Format 1,0,Not present,0,137,-8,19,865,5,20,Format 2,Format 1bCS,1,0,0,137,-8,20,867,0,19,NO DCI,Format 1,0,Not present,0,137,-8,19,868,0,19,NO DCI,Format 1,0,Not present,0,137,-8,19,870,9,20,Format 2,Format 1bCS,1,0,0,137,-8,20,874,6,21,Format 2,Format 1bCS,1,0,0,138,-8,21,874,9,21,Format 2,Format 1bCS,1,0,0,138,-8,21,875,0,20,NO DCI,Format 1,0,Not present,0,138,-8,20,877,1,20,Format 2,Format 1bCS,0,-1,0,138,-9,20,877,2,19,NO DCI,Format 2,0,Not present,0,138,-9,19,877,3,19,NO DCI,Format 2,0,Not present,0,138,-9,19,881,0,19,NO DCI,Format 1,0,Not present,0,138,-9,19,883,3,19,Format 2,Format 1bCS,1,-1,0,138,-10,19,893,2,18,NO DCI,Format 2,0,Not present,0,138,-10,18,893,3,18,NO DCI,Format 2,0,Not present,0,138,-10,18,909,2,18,NO DCI,Format 2,0,Not present,0,138,-10,18,909,3,18,NO DCI,Format 2,0,Not present,0,138,-10,18,925,2,18,NO DCI,Format 2,0,Not present,0,138,-10,18,925,3,18,NO DCI,Format 2,0,Not present,0,138,-10,18,937,0,18,NO DCI,Format 1,0,Not present,0,138,-10,18,938,7,15,Format 2,Format 1bCS,1,0,0,134,-10,15,941,2,14,NO DCI,Format 2,0,Not present,0,134,-10,14,941,3,14,NO DCI,Format 2,0,Not present,0,134,-10,14,948,4,14,Format 2,Format 1bCS,1,0,0,133,-10,14,949,0,13,NO DCI,Format 1,0,Not present,0,133,-10,13,950,5,14,Format 2,Format 1bCS,1,0,0,133,-10,14,957,2,13,NO DCI,Format 2,0,Not present,0,133,-10,13,957,3,13,NO DCI,Format 2,0,Not present,0,133,-10,13,973,2,15,NO DCI,Format 2,0,Not present,0,135,-10,15,973,3,15,NO DCI,Format 2,0,Not present,0,135,-10,15,,,,,,,,,,,,,,,,,,,,,,,,,,,,,,,,,,,,,,,,,,,,,,,,,,,,,,,,,,,,,,,,,,,,,,,,,,,,,,,,,,,,,,,,,,,,,,,,,,,,,,,,,,,,,,,,,,,,,,,,,,,,,,,,,,,,,,,,,,,,,,,,,,,,,,,,,,,,,,,,,,,,,,,,,,,,,,,,,,,,,,,,,,,,,,,,,,,,,,,,,,,,,,,,,,,,,,,,,,,,
352,LTE_PHY_PUCCH_Power_Control,2021-11-29 20:24:34.291849,24,28,,434,6,13,Format 2,Format 1bCS,0,-1,0,134,-12,13,437,0,12,NO DCI,Format 1,0,Not present,0,134,-12,12,438,5,13,Format 2,Format 1bCS,1,0,0,134,-12,13,440,0,12,NO DCI,Format 1,0,Not present,0,134,-12,12,442,2,13,Format 2,Format 1bCS,1,0,0,134,-12,13,443,6,13,Format 2,Format 1bCS,0,0,0,134,-12,13,443,7,13,Format 2,Format 1bCS,1,0,0,134,-12,13,444,0,12,NO DCI,Format 1,0,Not present,0,134,-12,12,445,2,12,NO DCI,Format 2,0,Not present,0,134,-12,12,445,3,12,NO DCI,Format 2,0,Not present,0,134,-12,12,447,7,13,Format 2,Format 1bCS,1,0,0,134,-12,13,453,2,11,NO DCI,Format 2,0,Not present,0,133,-12,11,453,3,11,NO DCI,Format 2,0,Not present,0,133,-12,11,461,2,11,NO DCI,Format 2,0,Not present,0,133,-12,11,461,3,11,NO DCI,Format 2,0,Not present,0,133,-12,11,469,2,13,NO DCI,Format 2,0,Not present,0,135,-12,13,469,3,13,NO DCI,Format 2,0,Not present,0,135,-12,13,477,2,14,NO DCI,Format 2,0,Not present,0,136,-12,14,477,3,14,NO DCI,Format 2,0,Not present,0,136,-12,14,485,2,15,NO DCI,Format 2,0,Not present,0,137,-12,15,485,3,15,NO DCI,Format 2,0,Not present,0,137,-12,15,493,2,15,NO DCI,Format 2,0,Not present,0,137,-12,15,493,3,15,NO DCI,Format 2,0,Not present,0,137,-12,15,525,2,15,NO DCI,Format 2,0,Not present,0,137,-12,15,525,3,15,NO DCI,Format 2,0,Not present,0,137,-12,15,546,0,11,NO DCI,Format 1,0,Not present,0,133,-12,11,549,2,10,NO DCI,Format 2,0,Not present,0,132,-12,10,549,3,10,NO DCI,Format 2,0,Not present,0,132,-12,10,,,,,,,,,,,,,,,,,,,,,,,,,,,,,,,,,,,,,,,,,,,,,,,,,,,,,,,,,,,,,,,,,,,,,,,,,,,,,,,,,,,,,,,,,,,,,,,,,,,,,,,,,,,,,,,,,,,,,,,,,,,,,,,,,,,,,,,,,,,,,,,,,,,,,,,,,,,,,,,,,,,,,,,,,,,,,,,,,,,,,,,,,,,,,,,,,,,,,,,,,,,,,,,,,,,,,,,,,,,,,,,,,,,,,,,,,,,,,,,,,,
616,LTE_PHY_PUCCH_Power_Control,2021-11-29 20:25:38.665050,24,50,,781,2,14,NO DCI,Format 2,0,Not present,0,132,-8,14,781,3,14,NO DCI,Format 2,0,Not present,0,132,-8,14,804,0,15,NO DCI,Format 1,0,Not present,0,133,-8,15,807,0,16,Format 2,Format 1bCS,1,0,0,133,-8,16,808,8,16,Format 2,Format 1bCS,0,0,0,133,-8,16,808,9,16,Format 2,Format 1bCS,0,0,0,133,-8,16,809,0,16,Format 2,Format 1bCS,0,0,0,133,-8,16,809,0,16,NO DCI,Format 1bCS,0,Not present,0,133,-8,16,809,1,16,Format 2,Format 1bCS,0,0,0,133,-8,16,809,2,16,Format 2,Format 1bCS,0,0,0,133,-8,16,809,3,16,Format 2,Format 1bCS,0,0,0,133,-8,16,809,4,16,Format 2,Format 1bCS,0,0,0,133,-8,16,809,5,16,Format 2,Format 1bCS,0,0,0,133,-8,16,809,6,16,Format 2,Format 1bCS,0,0,0,133,-8,16,809,7,16,Format 2,Format 1bCS,0,0,0,133,-8,16,809,8,16,Format 2,Format 1bCS,0,0,0,133,-8,16,809,9,16,Format 2,Format 1bCS,0,0,0,133,-8,16,810,0,16,Format 2,Format 1bCS,0,0,0,133,-8,16,810,2,16,Format 2,Format 1bCS,0,0,0,133,-8,16,810,3,16,Format 2,Format 1bCS,0,0,0,133,-8,16,810,4,16,Format 2,Format 1bCS,0,0,0,133,-8,16,810,5,16,Format 2,Format 1bCS,0,0,0,133,-8,16,810,6,16,Format 2,Format 1bCS,0,0,0,133,-8,16,810,8,16,Format 2,Format 1bCS,0,0,0,133,-8,16,811,0,16,Format 2,Format 1bCS,0,0,0,133,-8,16,811,1,16,Format 2,Format 1bCS,0,0,0,133,-8,16,811,2,16,Format 2,Format 1bCS,0,0,0,133,-8,16,811,3,16,Format 2,Format 1bCS,0,0,0,133,-8,16,811,5,16,Format 2,Format 1bCS,0,0,0,133,-8,16,811,6,16,Format 2,Format 1bCS,0,0,0,133,-8,16,811,7,16,Format 2,Format 1bCS,0,0,0,133,-8,16,811,8,16,Format 2,Format 1bCS,0,0,0,133,-8,16,811,9,16,Format 2,Format 1bCS,0,0,0,133,-8,16,812,0,16,Format 2,Format 1bCS,0,0,0,133,-8,16,812,1,16,Format 2,Format 1bCS,0,0,0,133,-8,16,812,3,15,Format 2,Format 1bCS,0,-1,0,133,-9,15,812,4,15,Format 2,Format 1bCS,0,0,0,133,-9,15,812,5,15,Format 2,Format 1bCS,0,0,0,133,-9,15,813,2,14,NO DCI,Format 2,0,Not present,0,133,-9,14,813,3,14,NO DCI,Format 2,0,Not present,0,133,-9,14,816,0,15,Format 2,Format 1bCS,1,0,0,133,-9,15,821,2,14,NO DCI,Format 2,0,Not present,0,133,-9,14,821,3,14,NO DCI,Format 2,0,Not present,0,133,-9,14,829,0,14,NO DCI,Format 1,0,Not present,0,133,-9,14,829,2,14,NO DCI,Format 2,0,Not present,0,133,-9,14,829,3,14,NO DCI,Format 2,0,Not present,0,133,-9,14,830,5,15,Format 2,Format 1bCS,1,0,0,133,-9,15,837,2,15,NO DCI,Format 2,0,Not present,0,134,-9,15,837,3,15,NO DCI,Format 2,0,Not present,0,134,-9,15,845,2,15,NO DCI,Format 2,0,Not present,0,134,-9,15
616,LTE_PHY_PUCCH_Power_Control,2021-11-29 20:23:37.688408,24,50,,941,2,16,NO DCI,Format 2,0,Not present,0,138,-12,16,941,3,16,NO DCI,Format 2,0,Not present,0,138,-12,16,968,0,16,NO DCI,Format 1,0,Not present,0,138,-12,16,970,2,11,Format 2,Format 1bCS,1,0,0,132,-12,11,973,2,10,NO DCI,Format 2,0,Not present,0,132,-12,10,973,3,10,NO DCI,Format 2,0,Not present,0,132,-12,10,974,2,11,Format 2,Format 1bCS,1,0,0,132,-12,11,975,0,10,NO DCI,Format 1,0,Not present,0,132,-12,10,978,5,11,Format 2,Format 1bCS,1,0,0,132,-12,11,979,8,11,Format 2,Format 1bCS,0,0,0,132,-12,11,979,9,11,Format 2,Format 1bCS,1,0,0,132,-12,11,980,0,10,NO DCI,Format 1,0,Not present,0,132,-12,10,981,0,10,NO DCI,Format 1,0,Not present,0,132,-12,10,981,2,10,NO DCI,Format 2,0,Not present,0,132,-12,10,981,3,10,NO DCI,Format 2,0,Not present,0,132,-12,10,983,3,11,Format 2,Format 1bCS,1,0,0,132,-12,11,984,0,10,NO DCI,Format 1,0,Not present,0,132,-12,10,988,0,10,NO DCI,Format 1,0,Not present,0,132,-12,10,988,3,11,Format 2,Format 1bCS,1,0,0,132,-12,11,989,2,10,NO DCI,Format 2,0,Not present,0,132,-12,10,989,3,10,NO DCI,Format 2,0,Not present,0,132,-12,10,990,5,11,Format 2,Format 1bCS,1,0,0,132,-12,11,990,9,11,Format 2,Format 1bCS,0,0,0,132,-12,11,991,0,11,Format 2,Format 1bCS,0,0,0,132,-12,11,992,0,10,NO DCI,Format 1,0,Not present,0,132,-12,10,993,3,12,Format 2,Format 1bCS,0,0,0,133,-12,12,994,1,12,Format 2,Format 1bCS,1,0,0,133,-12,12,995,6,12,Format 2,Format 1bCS,0,0,0,133,-12,12,995,7,12,Format 2,Format 1bCS,0,0,0,133,-12,12,995,8,12,Format 2,Format 1bCS,0,0,0,133,-12,12,996,0,11,NO DCI,Format 1,0,Not present,0,133,-12,11,997,2,11,NO DCI,Format 2,0,Not present,0,133,-12,11,997,3,11,NO DCI,Format 2,0,Not present,0,133,-12,11,998,3,12,Format 2,Format 1bCS,1,0,0,133,-12,12,999,8,12,Format 2,Format 1bCS,0,0,0,133,-12,12,1000,0,11,NO DCI,Format 1,0,Not present,0,133,-12,11,1001,0,11,NO DCI,Format 1,0,Not present,0,133,-12,11,1003,3,13,Format 2,Format 1bCS,1,0,0,134,-12,13,1005,2,12,NO DCI,Format 2,0,Not present,0,134,-12,12,1005,3,12,NO DCI,Format 2,0,Not present,0,134,-12,12,1013,2,12,NO DCI,Format 2,0,Not present,0,134,-12,12,1013,3,13,NO DCI,Format 2,0,Not present,0,135,-12,13,1021,2,14,NO DCI,Format 2,0,Not present,0,136,-12,14,1021,3,14,NO DCI,Format 2,0,Not present,0,136,-12,14,5,2,14,NO DCI,Format 2,0,Not present,0,136,-12,14,5,3,14,NO DCI,Format 2,0,Not present,0,136,-12,14,5,6,16,Format 2,Format 1bCS,0,0,0,137,-12,16,6,0,15,NO DCI,Format 1,0,Not present,0,137,-12,15,10,0,15,NO DCI,Format 1,0,Not present,0,137,-12,15,11,5,16,Format 2,Format 1bCS,1,0,0,137,-12,16
592,LTE_PHY_PUCCH_Power_Control,2021-11-29 20:24:35.491847,24,48,,557,2,10,NO DCI,Format 2,0,Not present,0,132,-12,10,557,3,10,NO DCI,Format 2,0,Not present,0,132,-12,10,559,0,10,NO DCI,Format 1,0,Not present,0,132,-12,10,560,5,11,Format 2,Format 1bCS,1,0,0,132,-12,11,565,2,10,NO DCI,Format 2,0,Not present,0,132,-12,10,565,3,10,NO DCI,Format 2,0,Not present,0,132,-12,10,573,2,11,NO DCI,Format 2,0,Not present,0,133,-12,11,573,3,11,NO DCI,Format 2,0,Not present,0,133,-12,11,573,6,12,Format 2,Format 1bCS,1,0,0,133,-12,12,589,2,12,NO DCI,Format 2,0,Not present,0,134,-12,12,589,3,12,NO DCI,Format 2,0,Not present,0,134,-12,12,599,0,11,NO DCI,Format 1,0,Not present,0,133,-12,11,601,2,12,Format 2,Format 1bCS,1,0,0,133,-12,12,602,6,12,Format 2,Format 1bCS,0,0,0,133,-12,12,602,7,12,Format 2,Format 1bCS,0,0,0,133,-12,12,602,8,12,Format 2,Format 1bCS,0,0,0,133,-12,12,603,0,11,NO DCI,Format 1,0,Not present,0,133,-12,11,604,0,11,NO DCI,Format 1,0,Not present,0,133,-12,11,604,4,12,NO DCI,Format 1bCS,0,Not present,0,133,-12,12,605,2,11,NO DCI,Format 2,0,Not present,0,133,-12,11,605,3,11,NO DCI,Format 2,0,Not present,0,133,-12,11,606,2,12,Format 2,Format 1bCS,1,0,0,133,-12,12,611,2,11,Format 2,Format 1bCS,1,0,0,132,-12,11,613,2,10,NO DCI,Format 2,0,Not present,0,132,-12,10,613,3,10,NO DCI,Format 2,0,Not present,0,132,-12,10,621,2,10,NO DCI,Format 2,0,Not present,0,132,-12,10,621,3,10,NO DCI,Format 2,0,Not present,0,132,-12,10,629,2,11,NO DCI,Format 2,0,Not present,0,133,-12,11,629,3,11,NO DCI,Format 2,0,Not present,0,133,-12,11,637,2,11,NO DCI,Format 2,0,Not present,0,133,-12,11,637,3,11,NO DCI,Format 2,0,Not present,0,133,-12,11,645,2,13,NO DCI,Format 2,0,Not present,0,135,-12,13,645,3,13,NO DCI,Format 2,0,Not present,0,135,-12,13,646,0,13,NO DCI,Format 1,0,Not present,0,135,-12,13,648,5,14,Format 2,Format 1bCS,1,0,0,135,-12,14,649,4,14,Format 2,Format 1bCS,1,0,0,135,-12,14,650,0,13,NO DCI,Format 1,0,Not present,0,135,-12,13,652,6,14,Format 2,Format 1bCS,0,0,0,135,-12,14,653,2,13,NO DCI,Format 2,0,Not present,0,135,-12,13,653,3,13,NO DCI,Format 2,0,Not present,0,135,-12,13,653,5,14,Format 2,Format 1bCS,1,0,0,135,-12,14,654,0,13,NO DCI,Format 1,0,Not present,0,135,-12,13,656,0,13,NO DCI,Format 1,0,Not present,0,135,-12,13,658,5,14,Format 2,Format 1bCS,1,0,0,135,-12,14,661,2,13,NO DCI,Format 2,0,Not present,0,135,-12,13,661,3,13,NO DCI,Format 2,0,Not present,0,135,-12,13,669,2,14,NO DCI,Format 2,0,Not present,0,136,-12,14,669,3,14,NO DCI,Format 2,0,Not present,0,136,-12,14,,,,,,,,,,,,,,,,,,,,,,
616,LTE_PHY_PUCCH_Power_Control,2021-11-29 20:22:49.593972,24,50,,237,2,13,NO DCI,Format 2,0,Not present,0,131,-8,13,237,3,13,NO DCI,Format 2,0,Not present,0,131,-8,13,269,2,13,NO DCI,Format 2,0,Not present,0,131,-8,13,269,3,13,NO DCI,Format 2,0,Not present,0,131,-8,13,288,0,13,NO DCI,Format 1,0,Not present,0,131,-8,13,291,6,15,Format 2,Format 1bCS,1,0,0,132,-8,15,293,2,14,NO DCI,Format 2,0,Not present,0,132,-8,14,293,3,14,NO DCI,Format 2,0,Not present,0,132,-8,14,294,9,15,Format 2,Format 1bCS,0,0,0,132,-8,15,295,0,14,NO DCI,Format 1,0,Not present,0,132,-8,14,295,6,15,Format 2,Format 1bCS,1,0,0,132,-8,15,295,8,15,Format 2,Format 1bCS,1,0,0,132,-8,15,298,4,15,Format 2,Format 1bCS,0,0,0,132,-8,15,299,8,15,Format 2,Format 1bCS,1,0,0,132,-8,15,300,0,14,NO DCI,Format 1,0,Not present,0,132,-8,14,301,2,14,NO DCI,Format 2,0,Not present,0,132,-8,14,301,3,14,NO DCI,Format 2,0,Not present,0,132,-8,14,303,8,15,Format 2,Format 1bCS,0,0,0,132,-8,15,304,8,15,Format 2,Format 1bCS,1,0,0,132,-8,15,305,0,14,NO DCI,Format 1,0,Not present,0,132,-8,14,305,3,15,Format 2,Format 1bCS,1,0,0,132,-8,15,306,0,14,NO DCI,Format 1,0,Not present,0,132,-8,14,306,6,15,Format 2,Format 1bCS,1,0,0,132,-8,15,307,0,14,NO DCI,Format 1,0,Not present,0,132,-8,14,308,0,14,NO DCI,Format 1,0,Not present,0,132,-8,14,309,2,14,NO DCI,Format 2,0,Not present,0,132,-8,14,309,3,14,NO DCI,Format 2,0,Not present,0,132,-8,14,309,8,15,Format 2,Format 1bCS,0,0,0,132,-8,15,310,0,14,NO DCI,Format 1,0,Not present,0,132,-8,14,310,6,15,Format 2,Format 1bCS,0,0,0,132,-8,15,311,0,14,NO DCI,Format 1,0,Not present,0,132,-8,14,311,4,15,Format 2,Format 1bCS,1,0,0,132,-8,15,311,5,15,Format 2,Format 1bCS,0,0,0,132,-8,15,311,6,15,Format 2,Format 1bCS,0,0,0,132,-8,15,311,8,15,Format 2,Format 1bCS,0,0,0,132,-8,15,311,9,15,Format 2,Format 1bCS,0,0,0,132,-8,15,314,4,15,Format 2,Format 1bCS,1,0,0,132,-8,15,314,5,15,Format 2,Format 1bCS,0,0,0,132,-8,15,314,6,15,Format 2,Format 1bCS,0,0,0,132,-8,15,314,7,15,Format 2,Format 1bCS,0,0,0,132,-8,15,317,2,14,NO DCI,Format 2,0,Not present,0,132,-8,14,317,3,14,NO DCI,Format 2,0,Not present,0,132,-8,14,319,8,15,Format 2,Format 1bCS,1,0,0,132,-8,15,320,8,15,Format 2,Format 1bCS,0,0,0,132,-8,15,320,9,15,Format 2,Format 1bCS,0,0,0,132,-8,15,321,0,15,Format 2,Format 1bCS,0,0,0,132,-8,15,321,1,15,Format 2,Format 1bCS,0,0,0,132,-8,15,321,6,16,NO DCI,Format 1bCS,0,Not present,0,133,-8,16,321,7,16,NO DCI,Format 1bCS,0,Not present,0,133,-8,16,322,0,15,NO DCI,Format 1,0,Not present,0,133,-8,15
280,LTE_PHY_PUCCH_Power_Control,2021-11-29 20:25:11.491729,24,22,,61,2,16,NO DCI,Format 2,0,Not present,0,133,-7,16,61,3,16,NO DCI,Format 2,0,Not present,0,133,-7,16,71,0,16,NO DCI,Format 1,0,Not present,0,133,-7,16,75,9,17,Format 2,Format 1bCS,1,0,0,133,-7,17,77,2,16,NO DCI,Format 2,0,Not present,0,133,-7,16,77,3,16,NO DCI,Format 2,0,Not present,0,133,-7,16,79,0,17,Format 2,Format 1bCS,1,0,0,133,-7,17,79,0,17,NO DCI,Format 1bCS,0,Not present,0,133,-7,17,80,0,17,Format 2,Format 1bCS,1,0,0,133,-7,17,85,0,16,NO DCI,Format 1,0,Not present,0,133,-7,16,85,4,17,Format 2,Format 1bCS,0,0,0,133,-7,17,86,5,17,Format 2,Format 1bCS,1,0,0,133,-7,17,93,2,16,NO DCI,Format 2,0,Not present,0,133,-7,16,93,3,16,NO DCI,Format 2,0,Not present,0,133,-7,16,109,2,16,NO DCI,Format 2,0,Not present,0,133,-7,16,109,3,16,NO DCI,Format 2,0,Not present,0,133,-7,16,125,2,16,NO DCI,Format 2,0,Not present,0,133,-7,16,125,3,16,NO DCI,Format 2,0,Not present,0,133,-7,16,141,2,16,NO DCI,Format 2,0,Not present,0,133,-7,16,141,3,16,NO DCI,Format 2,0,Not present,0,133,-7,16,173,2,16,NO DCI,Format 2,0,Not present,0,133,-7,16,173,3,16,NO DCI,Format 2,0,Not present,0,133,-7,16,,,,,,,,,,,,,,,,,,,,,,,,,,,,,,,,,,,,,,,,,,,,,,,,,,,,,,,,,,,,,,,,,,,,,,,,,,,,,,,,,,,,,,,,,,,,,,,,,,,,,,,,,,,,,,,,,,,,,,,,,,,,,,,,,,,,,,,,,,,,,,,,,,,,,,,,,,,,,,,,,,,,,,,,,,,,,,,,,,,,,,,,,,,,,,,,,,,,,,,,,,,,,,,,,,,,,,,,,,,,,,,,,,,,,,,,,,,,,,,,,,,,,,,,,,,,,,,,,,,,,,,,,,,,,,,,,,,,,,,,,,,,,,,,,,,,,,,,,,,,,,,,,,,,
88,LTE_PHY_PUCCH_Power_Control,2021-11-29 20:25:12.692035,24,6,,205,2,16,NO DCI,Format 2,0,Not present,0,133,-7,16,205,3,16,NO DCI,Format 2,0,Not present,0,133,-7,16,237,2,15,NO DCI,Format 2,0,Not present,0,132,-7,15,237,3,15,NO DCI,Format 2,0,Not present,0,132,-7,15,269,2,16,NO DCI,Format 2,0,Not present,0,133,-7,16,269,3,16,NO DCI,Format 2,0,Not present,0,133,-7,16,,,,,,,,,,,,,,,,,,,,,,,,,,,,,,,,,,,,,,,,,,,,,,,,,,,,,,,,,,,,,,,,,,,,,,,,,,,,,,,,,,,,,,,,,,,,,,,,,,,,,,,,,,,,,,,,,,,,,,,,,,,,,,,,,,,,,,,,,,,,,,,,,,,,,,,,,,,,,,,,,,,,,,,,,,,,,,,,,,,,,,,,,,,,,,,,,,,,,,,,,,,,,,,,,,,,,,,,,,,,,,,,,,,,,,,,,,,,,,,,,,,,,,,,,,,,,,,,,,,,,,,,,,,,,,,,,,,,,,,,,,,,,,,,,,,,,,,,,,,,,,,,,,,,,,,,,,,,,,,,,,,,,,,,,,,,,,,,,,,,,,,,,,,,,,,,,,,,,,,,,,,,,,,,,,,,,,,,,,,,,,,,,,,,,,,,,,,,,,,,,,,,,,,,,,,,,,,,,,,,,,,,,,,,,,,,,,,,,,,,,,,,,,,,,,,,,,,,,,,,,,,,,,,,,,,,,,,,,,,,,,,,
316,LTE_PHY_PUCCH_Power_Control,2021-11-29 20:23:55.891846,24,25,,717,2,12,NO DCI,Format 2,0,Not present,0,131,-9,12,717,3,12,NO DCI,Format 2,0,Not present,0,131,-9,12,744,0,12,NO DCI,Format 1,0,Not present,0,131,-9,12,746,8,13,Format 2,Format 1bCS,1,0,0,131,-9,13,747,0,13,Format 2,Format 1bCS,1,0,0,131,-9,13,749,2,12,NO DCI,Format 2,0,Not present,0,131,-9,12,749,3,12,NO DCI,Format 2,0,Not present,0,131,-9,12,751,1,13,Format 2,Format 1bCS,0,0,0,131,-9,13,751,0,12,NO DCI,Format 1,0,Not present,0,131,-9,12,752,5,13,Format 2,Format 1bCS,1,0,0,131,-9,13,753,0,12,NO DCI,Format 1,0,Not present,0,131,-9,12,757,5,13,Format 2,Format 1bCS,1,0,0,131,-9,13,765,2,12,NO DCI,Format 2,0,Not present,0,131,-9,12,765,3,12,NO DCI,Format 2,0,Not present,0,131,-9,12,776,0,12,NO DCI,Format 1,0,Not present,0,131,-9,12,779,3,14,Format 2,Format 1bCS,1,0,0,132,-9,14,781,2,13,NO DCI,Format 2,0,Not present,0,132,-9,13,781,3,13,NO DCI,Format 2,0,Not present,0,132,-9,13,787,4,14,Format 2,Format 1bCS,1,0,0,132,-9,14,788,0,13,NO DCI,Format 1,0,Not present,0,132,-9,13,789,5,14,Format 2,Format 1bCS,1,0,0,132,-9,14,793,5,14,Format 2,Format 1bCS,1,0,0,132,-9,14,794,0,13,NO DCI,Format 1,0,Not present,0,132,-9,13,797,2,13,NO DCI,Format 2,0,Not present,0,132,-9,13,797,3,13,NO DCI,Format 2,0,Not present,0,132,-9,13,,,,,,,,,,,,,,,,,,,,,,,,,,,,,,,,,,,,,,,,,,,,,,,,,,,,,,,,,,,,,,,,,,,,,,,,,,,,,,,,,,,,,,,,,,,,,,,,,,,,,,,,,,,,,,,,,,,,,,,,,,,,,,,,,,,,,,,,,,,,,,,,,,,,,,,,,,,,,,,,,,,,,,,,,,,,,,,,,,,,,,,,,,,,,,,,,,,,,,,,,,,,,,,,,,,,,,,,,,,,,,,,,,,,,,,,,,,,,,,,,,,,,,,,,,,,,,,,,,,,,,,,,,,,,,,,,,,
616,LTE_PHY_PUCCH_Power_Control,2021-11-29 20:22:48.327992,24,50,,141,2,13,NO DCI,Format 2,0,Not present,0,130,-7,13,141,3,13,NO DCI,Format 2,0,Not present,0,130,-7,13,173,2,12,NO DCI,Format 2,0,Not present,0,129,-7,12,173,3,12,NO DCI,Format 2,0,Not present,0,129,-7,12,173,7,14,Format 2,Format 1bCS,0,0,0,130,-7,14,173,8,14,Format 2,Format 1bCS,0,0,0,130,-7,14,173,9,14,Format 2,Format 1bCS,0,0,0,130,-7,14,174,0,14,Format 2,Format 1bCS,0,0,0,130,-7,14,174,1,14,Format 2,Format 1bCS,0,0,0,130,-7,14,174,2,14,Format 2,Format 1bCS,0,0,0,130,-7,14,174,6,14,Format 2,Format 1bCS,1,0,0,130,-7,14,175,0,13,NO DCI,Format 1,0,Not present,0,130,-7,13,175,5,14,Format 2,Format 1bCS,1,0,0,130,-7,14,179,6,14,Format 2,Format 1bCS,0,0,0,130,-7,14,179,7,14,Format 2,Format 1bCS,0,0,0,130,-7,14,180,0,12,NO DCI,Format 1,0,Not present,0,129,-7,12,180,5,13,Format 2,Format 1bCS,0,0,0,129,-7,13,181,2,12,NO DCI,Format 2,0,Not present,0,129,-7,12,181,3,12,Format 2,Format 2B,1,0,0,129,-7,12,181,4,13,Format 2,Format 1bCS,0,0,0,129,-7,13,182,0,13,Format 2,Format 1bCS,0,0,0,129,-7,13,182,1,13,Format 2,Format 1bCS,0,0,0,129,-7,13,183,0,13,Format 2,Format 1bCS,0,0,0,129,-7,13,183,0,13,NO DCI,Format 1bCS,0,Not present,0,129,-7,13,183,1,13,Format 2,Format 1bCS,0,0,0,129,-7,13,183,2,13,Format 2,Format 1bCS,0,0,0,129,-7,13,183,3,13,Format 2,Format 1bCS,0,0,0,129,-7,13,183,4,13,Format 2,Format 1bCS,0,0,0,129,-7,13,183,5,13,Format 2,Format 1bCS,0,0,0,129,-7,13,183,6,13,Format 2,Format 1bCS,0,0,0,129,-7,13,183,8,13,Format 2,Format 1bCS,0,0,0,129,-7,13,187,4,13,Format 2,Format 1bCS,0,0,0,129,-7,13,187,8,13,Format 2,Format 1bCS,0,0,0,129,-7,13,188,0,12,NO DCI,Format 1,0,Not present,0,129,-7,12,189,2,12,NO DCI,Format 2,0,Not present,0,129,-7,12,189,3,12,NO DCI,Format 2,0,Not present,0,129,-7,12,189,5,13,Format 2,Format 1bCS,0,0,0,129,-7,13,190,0,12,NO DCI,Format 1,0,Not present,0,129,-7,12,190,1,13,Format 2,Format 1bCS,0,0,0,129,-7,13,190,3,13,Format 2,Format 1bCS,0,0,0,129,-7,13,190,4,13,Format 2,Format 1bCS,0,0,0,129,-7,13,190,5,13,Format 2,Format 1bCS,0,0,0,129,-7,13,190,6,13,Format 2,Format 1bCS,0,0,0,129,-7,13,191,1,13,NO DCI,Format 1bCS,0,Not present,0,129,-7,13,191,3,13,Format 2,Format 1bCS,0,0,0,129,-7,13,191,9,13,Format 2,Format 1bCS,0,0,0,129,-7,13,192,0,13,Format 2,Format 1bCS,0,0,0,129,-7,13,192,1,13,Format 2,Format 1bCS,0,0,0,129,-7,13,193,6,13,Format 2,Format 1bCS,0,0,0,129,-7,13,195,5,14,Format 2,Format 1bCS,0,0,0,130,-7,14
520,LTE_PHY_PUCCH_Power_Control,2021-11-29 20:24:21.092564,24,42,,141,2,16,NO DCI,Format 2,0,Not present,0,137,-11,16,141,3,16,NO DCI,Format 2,0,Not present,0,137,-11,16,148,0,16,NO DCI,Format 1,0,Not present,0,137,-11,16,149,2,16,NO DCI,Format 2,0,Not present,0,137,-11,16,149,3,16,NO DCI,Format 2,0,Not present,0,137,-11,16,150,2,17,Format 2,Format 1bCS,1,0,0,137,-11,17,151,9,17,Format 2,Format 1bCS,0,0,0,137,-11,17,152,0,17,Format 2,Format 1bCS,0,0,0,137,-11,17,152,8,17,NO DCI,Format 1bCS,0,Not present,0,137,-11,17,153,0,16,NO DCI,Format 1,0,Not present,0,137,-11,16,157,0,16,NO DCI,Format 1,0,Not present,0,137,-11,16,157,2,16,NO DCI,Format 2,0,Not present,0,137,-11,16,157,3,16,NO DCI,Format 2,0,Not present,0,137,-11,16,157,5,17,Format 2,Format 1bCS,1,0,0,137,-11,17,158,0,16,NO DCI,Format 1,0,Not present,0,137,-11,16,161,7,17,Format 2,Format 1bCS,0,0,0,137,-11,17,161,8,17,Format 2,Format 1bCS,0,0,0,137,-11,17,161,9,17,Format 2,Format 1bCS,0,0,0,137,-11,17,162,0,17,Format 2,Format 1bCS,0,0,0,137,-11,17,162,1,17,Format 2,Format 1bCS,0,0,0,137,-11,17,162,2,17,Format 2,Format 1bCS,0,0,0,137,-11,17,162,3,17,Format 2,Format 1bCS,0,0,0,137,-11,17,162,5,17,Format 2,Format 1bCS,1,0,0,137,-11,17,163,0,16,NO DCI,Format 1,0,Not present,0,137,-11,16,163,1,17,Format 2,Format 1bCS,1,0,0,137,-11,17,165,2,16,NO DCI,Format 2,0,Not present,0,137,-11,16,165,3,16,NO DCI,Format 2,0,Not present,0,137,-11,16,167,5,17,Format 2,Format 1bCS,1,0,0,137,-11,17,173,2,16,NO DCI,Format 2,0,Not present,0,137,-11,16,173,3,16,NO DCI,Format 2,0,Not present,0,137,-11,16,181,2,16,NO DCI,Format 2,0,Not present,0,137,-11,16,181,3,16,NO DCI,Format 2,0,Not present,0,137,-11,16,189,2,16,NO DCI,Format 2,0,Not present,0,137,-11,16,189,3,16,NO DCI,Format 2,0,Not present,0,137,-11,16,197,2,16,NO DCI,Format 2,0,Not present,0,137,-11,16,197,3,16,NO DCI,Format 2,0,Not present,0,137,-11,16,205,2,16,NO DCI,Format 2,0,Not present,0,137,-11,16,205,3,16,NO DCI,Format 2,0,Not present,0,137,-11,16,213,2,16,NO DCI,Format 2,0,Not present,0,137,-11,16,213,3,16,NO DCI,Format 2,0,Not present,0,137,-11,16,237,2,16,NO DCI,Format 2,0,Not present,0,137,-11,16,237,3,16,NO DCI,Format 2,0,Not present,0,137,-11,16,,,,,,,,,,,,,,,,,,,,,,,,,,,,,,,,,,,,,,,,,,,,,,,,,,,,,,,,,,,,,,,,,,,,,,,,,,,,,,,,,,,,,,,,
