log_msg_len,type_id,timestamp,Version,Start System Sub-frame Number,Start System Frame Number,PUCCH Reporting Mode,PUCCH Report Type,Number of Subbands,Alt Cqi Table Data,CQI CW0,CQI CW1,Wideband PMI,Carrier Index,CSF Tx Mode,Num Csirs Ports,Csi Meas Set Index,Rank Index
24,LTE_PHY_PUCCH_CSF,2021-11-29 02:38:26.595667,102,1,701,MODE_1_1,"Type 3, RI Feedback",10,1,0,0,0,PCC,TM_CL_SM,0,0,Rank 2
24,LTE_PHY_PUCCH_CSF,2021-11-29 02:38:26.596329,102,2,701,MODE_1_1,"Type 2, Wideband CQI, PMI Feedback",10,1,5,5,6,PCC,TM_CL_SM,0,0,Rank 1
24,LTE_PHY_PUCCH_CSF,2021-11-29 02:38:26.675666,102,1,709,MODE_1_1,"Type 3, RI Feedback",10,1,0,0,0,PCC,TM_CL_SM,0,0,Rank 2
24,LTE_PHY_PUCCH_CSF,2021-11-29 02:38:26.676725,102,2,709,MODE_1_1,"Type 2, Wideband CQI, PMI Feedback",10,1,5,5,10,PCC,TM_CL_SM,0,0,Rank 1
24,LTE_PHY_PUCCH_CSF,2021-11-29 02:38:26.755666,102,1,717,MODE_1_1,"Type 3, RI Feedback",10,1,0,0,0,PCC,TM_CL_SM,0,0,Rank 2
24,LTE_PHY_PUCCH_CSF,2021-11-29 02:38:26.756729,102,2,717,MODE_1_1,"Type 2, Wideband CQI, PMI Feedback",10,1,5,6,4,PCC,TM_CL_SM,0,0,Rank 1
24,LTE_PHY_PUCCH_CSF,2021-11-29 02:38:26.835666,102,1,725,MODE_1_1,"Type 3, RI Feedback",10,1,0,0,0,PCC,TM_CL_SM,0,0,Rank 2
24,LTE_PHY_PUCCH_CSF,2021-11-29 02:38:26.836726,102,2,725,MODE_1_1,"Type 2, Wideband CQI, PMI Feedback",10,1,5,6,7,PCC,TM_CL_SM,0,0,Rank 1
24,LTE_PHY_PUCCH_CSF,2021-11-29 02:38:22.595359,102,1,301,MODE_1_1,"Type 3, RI Feedback",10,1,0,0,0,PCC,TM_CL_SM,0,0,Rank 2
24,LTE_PHY_PUCCH_CSF,2021-11-29 02:38:22.635680,102,1,305,MODE_1_1,"Type 3, RI Feedback",10,1,0,0,0,PCC,TM_CL_SM,0,0,Rank 2
24,LTE_PHY_PUCCH_CSF,2021-11-29 02:38:22.636736,102,2,305,MODE_1_1,"Type 2, Wideband CQI, PMI Feedback",10,1,5,5,7,PCC,TM_CL_SM,0,0,Rank 1
24,LTE_PHY_PUCCH_CSF,2021-11-29 02:38:22.675367,102,1,309,MODE_1_1,"Type 3, RI Feedback",10,1,0,0,0,PCC,TM_CL_SM,0,0,Rank 2
24,LTE_PHY_PUCCH_CSF,2021-11-29 02:38:22.715679,102,1,313,MODE_1_1,"Type 3, RI Feedback",10,1,0,0,0,PCC,TM_CL_SM,0,0,Rank 2
24,LTE_PHY_PUCCH_CSF,2021-11-29 02:38:22.716735,102,2,313,MODE_1_1,"Type 2, Wideband CQI, PMI Feedback",10,1,6,7,11,PCC,TM_CL_SM,0,0,Rank 1
24,LTE_PHY_PUCCH_CSF,2021-11-29 02:38:22.755678,102,1,317,MODE_1_1,"Type 3, RI Feedback",10,1,0,0,0,PCC,TM_CL_SM,0,0,Rank 2
24,LTE_PHY_PUCCH_CSF,2021-11-29 02:38:22.756737,102,2,317,MODE_1_1,"Type 2, Wideband CQI, PMI Feedback",10,1,5,6,15,PCC,TM_CL_SM,0,0,Rank 1
24,LTE_PHY_PUCCH_CSF,2021-11-29 02:38:22.795680,102,1,321,MODE_1_1,"Type 3, RI Feedback",10,1,0,0,0,PCC,TM_CL_SM,0,0,Rank 2
24,LTE_PHY_PUCCH_CSF,2021-11-29 02:38:22.796398,102,2,321,MODE_1_1,"Type 2, Wideband CQI, PMI Feedback",10,1,5,6,0,PCC,TM_CL_SM,0,0,Rank 1
24,LTE_PHY_PUCCH_CSF,2021-11-29 02:38:22.835678,102,1,325,MODE_1_1,"Type 3, RI Feedback",10,1,0,0,0,PCC,TM_CL_SM,0,0,Rank 2
24,LTE_PHY_PUCCH_CSF,2021-11-29 02:38:22.836735,102,2,325,MODE_1_1,"Type 2, Wideband CQI, PMI Feedback",10,1,5,5,4,PCC,TM_CL_SM,0,0,Rank 1
24,LTE_PHY_PUCCH_CSF,2021-11-29 02:38:22.875680,102,1,329,MODE_1_1,"Type 3, RI Feedback",10,1,0,0,0,PCC,TM_CL_SM,0,0,Rank 2
24,LTE_PHY_PUCCH_CSF,2021-11-29 02:38:22.876736,102,2,329,MODE_1_1,"Type 2, Wideband CQI, PMI Feedback",10,1,5,5,4,PCC,TM_CL_SM,0,0,Rank 1
24,LTE_PHY_PUCCH_CSF,2021-11-29 02:38:22.915678,102,1,333,MODE_1_1,"Type 3, RI Feedback",10,1,0,0,0,PCC,TM_CL_SM,0,0,Rank 2
24,LTE_PHY_PUCCH_CSF,2021-11-29 02:38:22.916737,102,2,333,MODE_1_1,"Type 2, Wideband CQI, PMI Feedback",10,1,6,5,5,PCC,TM_CL_SM,0,0,Rank 1
24,LTE_PHY_PUCCH_CSF,2021-11-29 02:50:08.194490,102,3,205,MODE_1_1,"Type 2, Wideband CQI, PMI Feedback",13,1,7,6,11,PCC,TM_CL_SM,0,0,Rank 1
24,LTE_PHY_PUCCH_CSF,2021-11-29 02:50:08.194490,102,3,205,MODE_1_1,"Type 3, RI Feedback",13,1,0,0,0,PCC,TM_CL_SM,0,0,Rank 2
24,LTE_PHY_PUCCH_CSF,2021-11-29 02:50:08.258411,102,7,211,MODE_1_1,"Type 2, Wideband CQI, PMI Feedback",13,1,7,6,11,PCC,TM_CL_SM,0,0,Rank 1
24,LTE_PHY_PUCCH_CSF,2021-11-29 02:50:08.258411,102,7,211,MODE_1_1,"Type 3, RI Feedback",13,1,0,0,0,PCC,TM_CL_SM,0,0,Rank 2
24,LTE_PHY_PUCCH_CSF,2021-11-29 02:50:08.418425,102,7,227,MODE_1_1,"Type 2, Wideband CQI, PMI Feedback",13,1,4,4,11,PCC,TM_CL_SM,0,0,Rank 1
24,LTE_PHY_PUCCH_CSF,2021-11-29 02:50:08.418425,102,7,227,MODE_1_1,"Type 3, RI Feedback",13,1,0,0,0,PCC,TM_CL_SM,0,0,Rank 1
24,LTE_PHY_PUCCH_CSF,2021-11-29 02:50:08.738409,102,7,259,MODE_1_1,"Type 2, Wideband CQI, PMI Feedback",13,1,10,0,2,PCC,TM_CL_SM,0,0,Rank 1
24,LTE_PHY_PUCCH_CSF,2021-11-29 02:50:08.738409,102,7,259,MODE_1_1,"Type 3, RI Feedback",13,1,0,0,0,PCC,TM_CL_SM,0,0,Rank 2
24,LTE_PHY_PUCCH_CSF,2021-11-29 02:50:08.767661,102,6,262,MODE_1_1,"Type 3, RI Feedback",13,1,0,0,0,PCC,TM_CL_SM,0,0,Rank 2
24,LTE_PHY_PUCCH_CSF,2021-11-29 02:50:08.768402,102,7,262,MODE_1_1,"Type 2, Wideband CQI, PMI Feedback",13,1,7,6,11,PCC,TM_CL_SM,0,0,Rank 1
24,LTE_PHY_PUCCH_CSF,2021-11-29 02:50:08.807659,102,6,266,MODE_1_1,"Type 3, RI Feedback",13,1,0,0,0,PCC,TM_CL_SM,0,0,Rank 2
24,LTE_PHY_PUCCH_CSF,2021-11-29 02:50:08.808402,102,7,266,MODE_1_1,"Type 2, Wideband CQI, PMI Feedback",13,1,7,6,11,PCC,TM_CL_SM,0,0,Rank 1
24,LTE_PHY_PUCCH_CSF,2021-11-29 02:50:08.886959,102,6,274,MODE_1_1,"Type 3, RI Feedback",13,1,0,0,0,PCC,TM_CL_SM,0,0,Rank 2
24,LTE_PHY_PUCCH_CSF,2021-11-29 02:50:08.888403,102,7,274,MODE_1_1,"Type 2, Wideband CQI, PMI Feedback",13,1,7,7,11,PCC,TM_CL_SM,0,0,Rank 1
24,LTE_PHY_PUCCH_CSF,2021-11-29 02:50:08.898406,102,7,275,MODE_1_1,"Type 2, Wideband CQI, PMI Feedback",13,1,7,6,11,PCC,TM_CL_SM,0,0,Rank 1
24,LTE_PHY_PUCCH_CSF,2021-11-29 02:50:08.898406,102,7,275,MODE_1_1,"Type 3, RI Feedback",13,1,0,0,0,PCC,TM_CL_SM,0,0,Rank 2
24,LTE_PHY_PUCCH_CSF,2021-11-29 02:50:09.057887,102,7,291,MODE_1_1,"Type 2, Wideband CQI, PMI Feedback",13,1,5,3,2,PCC,TM_CL_SM,0,0,Rank 1
24,LTE_PHY_PUCCH_CSF,2021-11-29 02:50:09.057887,102,7,291,MODE_1_1,"Type 3, RI Feedback",13,1,0,0,0,PCC,TM_CL_SM,0,0,Rank 1
24,LTE_PHY_PUCCH_CSF,2021-11-29 02:50:09.378417,102,7,323,MODE_1_1,"Type 2, Wideband CQI, PMI Feedback",13,1,10,0,2,PCC,TM_CL_SM,0,0,Rank 1
24,LTE_PHY_PUCCH_CSF,2021-11-29 02:50:09.378417,102,7,323,MODE_1_1,"Type 3, RI Feedback",13,1,0,0,0,PCC,TM_CL_SM,0,0,Rank 2
24,LTE_PHY_PUCCH_CSF,2021-11-29 02:38:35.475931,102,2,565,MODE_1_1,"Type 2, Wideband CQI, PMI Feedback",10,1,6,5,10,PCC,TM_CL_SM,0,0,Rank 1
24,LTE_PHY_PUCCH_CSF,2021-11-29 02:50:20.966944,102,6,458,MODE_1_1,"Type 3, RI Feedback",13,1,0,0,0,PCC,TM_CL_SM,0,0,Rank 2
24,LTE_PHY_PUCCH_CSF,2021-11-29 02:50:20.968360,102,7,458,MODE_1_1,"Type 2, Wideband CQI, PMI Feedback",13,1,6,5,11,PCC,TM_CL_SM,0,0,Rank 1
24,LTE_PHY_PUCCH_CSF,2021-11-29 02:50:21.047615,102,6,466,MODE_1_1,"Type 3, RI Feedback",13,1,0,0,0,PCC,TM_CL_SM,0,0,Rank 2
24,LTE_PHY_PUCCH_CSF,2021-11-29 02:50:21.048360,102,7,466,MODE_1_1,"Type 2, Wideband CQI, PMI Feedback",13,1,5,5,11,PCC,TM_CL_SM,0,0,Rank 1
24,LTE_PHY_PUCCH_CSF,2021-11-29 02:50:21.086914,102,6,470,MODE_1_1,"Type 3, RI Feedback",13,1,0,0,0,PCC,TM_CL_SM,0,0,Rank 2
24,LTE_PHY_PUCCH_CSF,2021-11-29 02:50:21.088355,102,7,470,MODE_1_1,"Type 2, Wideband CQI, PMI Feedback",13,1,5,6,3,PCC,TM_CL_SM,0,0,Rank 1
24,LTE_PHY_PUCCH_CSF,2021-11-29 02:50:21.127615,102,6,474,MODE_1_1,"Type 3, RI Feedback",13,1,0,0,0,PCC,TM_CL_SM,0,0,Rank 2
24,LTE_PHY_PUCCH_CSF,2021-11-29 02:50:21.128357,102,7,474,MODE_1_1,"Type 2, Wideband CQI, PMI Feedback",13,1,5,6,3,PCC,TM_CL_SM,0,0,Rank 1
24,LTE_PHY_PUCCH_CSF,2021-11-29 02:50:21.206947,102,6,482,MODE_1_1,"Type 3, RI Feedback",13,1,0,0,0,PCC,TM_CL_SM,0,0,Rank 1
24,LTE_PHY_PUCCH_CSF,2021-11-29 02:50:21.208369,102,7,482,MODE_1_1,"Type 2, Wideband CQI, PMI Feedback",13,1,7,0,0,PCC,TM_CL_SM,0,0,Rank 1
24,LTE_PHY_PUCCH_CSF,2021-11-29 02:50:21.247616,102,6,486,MODE_1_1,"Type 3, RI Feedback",13,1,0,0,0,PCC,TM_CL_SM,0,0,Rank 2
24,LTE_PHY_PUCCH_CSF,2021-11-29 02:50:21.248195,102,7,486,MODE_1_1,"Type 2, Wideband CQI, PMI Feedback",13,1,6,6,11,PCC,TM_CL_SM,0,0,Rank 1
24,LTE_PHY_PUCCH_CSF,2021-11-29 02:50:21.287616,102,6,490,MODE_1_1,"Type 3, RI Feedback",13,1,0,0,0,PCC,TM_CL_SM,0,0,Rank 2
24,LTE_PHY_PUCCH_CSF,2021-11-29 02:50:21.288355,102,7,490,MODE_1_1,"Type 2, Wideband CQI, PMI Feedback",13,1,6,5,6,PCC,TM_CL_SM,0,0,Rank 1
24,LTE_PHY_PUCCH_CSF,2021-11-29 02:50:21.314441,102,3,493,MODE_1_1,"Type 2, Wideband CQI, PMI Feedback",13,1,6,6,11,PCC,TM_CL_SM,0,0,Rank 1
24,LTE_PHY_PUCCH_CSF,2021-11-29 02:50:21.314441,102,3,493,MODE_1_1,"Type 3, RI Feedback",13,1,0,0,0,PCC,TM_CL_SM,0,0,Rank 2
24,LTE_PHY_PUCCH_CSF,2021-11-29 02:50:21.378369,102,7,499,MODE_1_1,"Type 2, Wideband CQI, PMI Feedback",13,1,7,7,11,PCC,TM_CL_SM,0,0,Rank 1
24,LTE_PHY_PUCCH_CSF,2021-11-29 02:50:21.378369,102,7,499,MODE_1_1,"Type 3, RI Feedback",13,1,0,0,0,PCC,TM_CL_SM,0,0,Rank 2
24,LTE_PHY_PUCCH_CSF,2021-11-29 02:50:21.538385,102,7,515,MODE_1_1,"Type 2, Wideband CQI, PMI Feedback",13,1,4,4,11,PCC,TM_CL_SM,0,0,Rank 1
24,LTE_PHY_PUCCH_CSF,2021-11-29 02:50:21.538385,102,7,515,MODE_1_1,"Type 3, RI Feedback",13,1,0,0,0,PCC,TM_CL_SM,0,0,Rank 1
24,LTE_PHY_PUCCH_CSF,2021-11-29 02:38:19.555711,102,1,1021,MODE_1_1,"Type 3, RI Feedback",10,1,0,0,0,PCC,TM_CL_SM,0,0,Rank 2
24,LTE_PHY_PUCCH_CSF,2021-11-29 02:38:19.556750,102,2,1021,MODE_1_1,"Type 2, Wideband CQI, PMI Feedback",10,1,5,5,4,PCC,TM_CL_SM,0,0,Rank 1
24,LTE_PHY_PUCCH_CSF,2021-11-29 02:38:19.595695,102,1,1,MODE_1_1,"Type 3, RI Feedback",10,1,0,0,0,PCC,TM_CL_SM,0,0,Rank 2
24,LTE_PHY_PUCCH_CSF,2021-11-29 02:38:19.596342,102,2,1,MODE_1_1,"Type 2, Wideband CQI, PMI Feedback",10,1,5,5,15,PCC,TM_CL_SM,0,0,Rank 1
24,LTE_PHY_PUCCH_CSF,2021-11-29 02:38:19.635695,102,1,5,MODE_1_1,"Type 3, RI Feedback",10,1,0,0,0,PCC,TM_CL_SM,0,0,Rank 2
24,LTE_PHY_PUCCH_CSF,2021-11-29 02:38:19.636747,102,2,5,MODE_1_1,"Type 2, Wideband CQI, PMI Feedback",10,1,5,5,4,PCC,TM_CL_SM,0,0,Rank 1
24,LTE_PHY_PUCCH_CSF,2021-11-29 02:38:19.675697,102,1,9,MODE_1_1,"Type 3, RI Feedback",10,1,0,0,0,PCC,TM_CL_SM,0,0,Rank 2
24,LTE_PHY_PUCCH_CSF,2021-11-29 02:38:19.676750,102,2,9,MODE_1_1,"Type 2, Wideband CQI, PMI Feedback",10,1,5,5,4,PCC,TM_CL_SM,0,0,Rank 1
24,LTE_PHY_PUCCH_CSF,2021-11-29 02:38:19.715695,102,1,13,MODE_1_1,"Type 3, RI Feedback",10,1,0,0,0,PCC,TM_CL_SM,0,0,Rank 2
24,LTE_PHY_PUCCH_CSF,2021-11-29 02:38:19.716748,102,2,13,MODE_1_1,"Type 2, Wideband CQI, PMI Feedback",10,1,5,5,11,PCC,TM_CL_SM,0,0,Rank 1
24,LTE_PHY_PUCCH_CSF,2021-11-29 02:38:19.755713,102,1,17,MODE_1_1,"Type 3, RI Feedback",10,1,0,0,0,PCC,TM_CL_SM,0,0,Rank 2
24,LTE_PHY_PUCCH_CSF,2021-11-29 02:38:19.756749,102,2,17,MODE_1_1,"Type 2, Wideband CQI, PMI Feedback",10,1,6,5,9,PCC,TM_CL_SM,0,0,Rank 1
24,LTE_PHY_PUCCH_CSF,2021-11-29 02:38:19.795694,102,1,21,MODE_1_1,"Type 3, RI Feedback",10,1,0,0,0,PCC,TM_CL_SM,0,0,Rank 2
24,LTE_PHY_PUCCH_CSF,2021-11-29 02:38:19.796256,102,2,21,MODE_1_1,"Type 2, Wideband CQI, PMI Feedback",10,1,5,5,14,PCC,TM_CL_SM,0,0,Rank 1
24,LTE_PHY_PUCCH_CSF,2021-11-29 02:38:19.835695,102,1,25,MODE_1_1,"Type 3, RI Feedback",10,1,0,0,0,PCC,TM_CL_SM,0,0,Rank 2
24,LTE_PHY_PUCCH_CSF,2021-11-29 02:38:19.836748,102,2,25,MODE_1_1,"Type 2, Wideband CQI, PMI Feedback",10,1,5,6,7,PCC,TM_CL_SM,0,0,Rank 1
24,LTE_PHY_PUCCH_CSF,2021-11-29 02:45:11.544080,102,1,236,MODE_1_1,"Type 2, Wideband CQI, PMI Feedback",13,1,5,6,11,PCC,TM_CL_SM,0,0,Rank 1
24,LTE_PHY_PUCCH_CSF,2021-11-29 02:45:11.583038,102,0,240,MODE_1_1,"Type 3, RI Feedback",13,1,0,0,0,PCC,TM_CL_SM,0,0,Rank 2
24,LTE_PHY_PUCCH_CSF,2021-11-29 02:45:11.584084,102,1,240,MODE_1_1,"Type 2, Wideband CQI, PMI Feedback",13,1,5,5,2,PCC,TM_CL_SM,0,0,Rank 1
24,LTE_PHY_PUCCH_CSF,2021-11-29 02:45:11.623055,102,0,244,MODE_1_1,"Type 3, RI Feedback",13,1,0,0,0,PCC,TM_CL_SM,0,0,Rank 2
24,LTE_PHY_PUCCH_CSF,2021-11-29 02:45:11.624083,102,1,244,MODE_1_1,"Type 2, Wideband CQI, PMI Feedback",13,1,5,5,11,PCC,TM_CL_SM,0,0,Rank 1
24,LTE_PHY_PUCCH_CSF,2021-11-29 02:45:11.663026,102,0,248,MODE_1_1,"Type 3, RI Feedback",13,1,0,0,0,PCC,TM_CL_SM,0,0,Rank 2
24,LTE_PHY_PUCCH_CSF,2021-11-29 02:45:11.664081,102,1,248,MODE_1_1,"Type 2, Wideband CQI, PMI Feedback",13,1,5,6,7,PCC,TM_CL_SM,0,0,Rank 1
24,LTE_PHY_PUCCH_CSF,2021-11-29 02:45:11.703021,102,0,252,MODE_1_1,"Type 3, RI Feedback",13,1,0,0,0,PCC,TM_CL_SM,0,0,Rank 2
24,LTE_PHY_PUCCH_CSF,2021-11-29 02:45:11.743034,102,0,256,MODE_1_1,"Type 3, RI Feedback",13,1,0,0,0,PCC,TM_CL_SM,0,0,Rank 2
24,LTE_PHY_PUCCH_CSF,2021-11-29 02:45:11.744083,102,1,256,MODE_1_1,"Type 2, Wideband CQI, PMI Feedback",13,1,5,6,11,PCC,TM_CL_SM,0,0,Rank 1
24,LTE_PHY_PUCCH_CSF,2021-11-29 02:45:00.606253,102,3,166,MODE_1_1,"Type 3, RI Feedback",13,1,0,0,0,PCC,TM_CL_SM,0,0,Rank 2
24,LTE_PHY_PUCCH_CSF,2021-11-29 02:45:00.606991,102,4,166,MODE_1_1,"Type 2, Wideband CQI, PMI Feedback",13,1,6,5,2,PCC,TM_CL_SM,0,0,Rank 1
24,LTE_PHY_PUCCH_CSF,2021-11-29 02:45:00.646253,102,3,170,MODE_1_1,"Type 3, RI Feedback",13,1,0,0,0,PCC,TM_CL_SM,0,0,Rank 2
24,LTE_PHY_PUCCH_CSF,2021-11-29 02:45:00.646990,102,4,170,MODE_1_1,"Type 2, Wideband CQI, PMI Feedback",13,1,6,5,0,PCC,TM_CL_SM,0,0,Rank 1
24,LTE_PHY_PUCCH_CSF,2021-11-29 02:45:00.686251,102,3,174,MODE_1_1,"Type 3, RI Feedback",13,1,0,0,0,PCC,TM_CL_SM,0,0,Rank 2
24,LTE_PHY_PUCCH_CSF,2021-11-29 02:45:00.686998,102,4,174,MODE_1_1,"Type 2, Wideband CQI, PMI Feedback",13,1,5,5,11,PCC,TM_CL_SM,0,0,Rank 1
24,LTE_PHY_PUCCH_CSF,2021-11-29 02:45:00.726257,102,3,178,MODE_1_1,"Type 3, RI Feedback",13,1,0,0,0,PCC,TM_CL_SM,0,0,Rank 2
24,LTE_PHY_PUCCH_CSF,2021-11-29 02:45:00.726994,102,4,178,MODE_1_1,"Type 2, Wideband CQI, PMI Feedback",13,1,6,7,11,PCC,TM_CL_SM,0,0,Rank 1
24,LTE_PHY_PUCCH_CSF,2021-11-29 02:45:00.766254,102,3,182,MODE_1_1,"Type 3, RI Feedback",13,1,0,0,0,PCC,TM_CL_SM,0,0,Rank 2
24,LTE_PHY_PUCCH_CSF,2021-11-29 02:45:00.766992,102,4,182,MODE_1_1,"Type 2, Wideband CQI, PMI Feedback",13,1,6,6,0,PCC,TM_CL_SM,0,0,Rank 1
24,LTE_PHY_PUCCH_CSF,2021-11-29 02:45:00.793070,102,0,185,MODE_1_1,"Type 2, Wideband CQI, PMI Feedback",13,1,6,6,11,PCC,TM_CL_SM,0,0,Rank 1
24,LTE_PHY_PUCCH_CSF,2021-11-29 02:45:00.793070,102,0,185,MODE_1_1,"Type 3, RI Feedback",13,1,0,0,0,PCC,TM_CL_SM,0,0,Rank 2
24,LTE_PHY_PUCCH_CSF,2021-11-29 02:45:00.886254,102,3,194,MODE_1_1,"Type 3, RI Feedback",13,1,0,0,0,PCC,TM_CL_SM,0,0,Rank 2
24,LTE_PHY_PUCCH_CSF,2021-11-29 02:45:00.886992,102,4,194,MODE_1_1,"Type 2, Wideband CQI, PMI Feedback",13,1,6,6,2,PCC,TM_CL_SM,0,0,Rank 1
24,LTE_PHY_PUCCH_CSF,2021-11-29 02:45:00.926259,102,3,198,MODE_1_1,"Type 3, RI Feedback",13,1,0,0,0,PCC,TM_CL_SM,0,0,Rank 2
24,LTE_PHY_PUCCH_CSF,2021-11-29 02:45:00.926994,102,4,198,MODE_1_1,"Type 2, Wideband CQI, PMI Feedback",13,1,6,6,11,PCC,TM_CL_SM,0,0,Rank 1
24,LTE_PHY_PUCCH_CSF,2021-11-29 02:45:00.953078,102,0,201,MODE_1_1,"Type 2, Wideband CQI, PMI Feedback",13,1,6,6,11,PCC,TM_CL_SM,0,0,Rank 1
24,LTE_PHY_PUCCH_CSF,2021-11-29 02:45:00.953078,102,0,201,MODE_1_1,"Type 3, RI Feedback",13,1,0,0,0,PCC,TM_CL_SM,0,0,Rank 2
24,LTE_PHY_PUCCH_CSF,2021-11-29 02:45:01.017003,102,4,207,MODE_1_1,"Type 2, Wideband CQI, PMI Feedback",13,1,6,6,11,PCC,TM_CL_SM,0,0,Rank 1
24,LTE_PHY_PUCCH_CSF,2021-11-29 02:45:01.017003,102,4,207,MODE_1_1,"Type 3, RI Feedback",13,1,0,0,0,PCC,TM_CL_SM,0,0,Rank 2
24,LTE_PHY_PUCCH_CSF,2021-11-29 02:44:42.370243,102,7,390,MODE_1_1,"Type 3, RI Feedback",13,1,0,0,0,PCC,TM_CL_SM,0,0,Rank 2
24,LTE_PHY_PUCCH_CSF,2021-11-29 02:44:42.371297,102,8,390,MODE_1_1,"Type 2, Wideband CQI, PMI Feedback",13,1,6,5,9,PCC,TM_CL_SM,0,0,Rank 1
24,LTE_PHY_PUCCH_CSF,2021-11-29 02:44:42.410243,102,7,394,MODE_1_1,"Type 3, RI Feedback",13,1,0,0,0,PCC,TM_CL_SM,0,0,Rank 2
24,LTE_PHY_PUCCH_CSF,2021-11-29 02:44:42.411296,102,8,394,MODE_1_1,"Type 2, Wideband CQI, PMI Feedback",13,1,6,5,9,PCC,TM_CL_SM,0,0,Rank 1
24,LTE_PHY_PUCCH_CSF,2021-11-29 02:44:42.450242,102,7,398,MODE_1_1,"Type 3, RI Feedback",13,1,0,0,0,PCC,TM_CL_SM,0,0,Rank 2
24,LTE_PHY_PUCCH_CSF,2021-11-29 02:44:42.451302,102,8,398,MODE_1_1,"Type 2, Wideband CQI, PMI Feedback",13,1,5,5,11,PCC,TM_CL_SM,0,0,Rank 1
24,LTE_PHY_PUCCH_CSF,2021-11-29 02:44:42.490242,102,7,402,MODE_1_1,"Type 3, RI Feedback",13,1,0,0,0,PCC,TM_CL_SM,0,0,Rank 2
24,LTE_PHY_PUCCH_CSF,2021-11-29 02:44:42.491297,102,8,402,MODE_1_1,"Type 2, Wideband CQI, PMI Feedback",13,1,4,5,1,PCC,TM_CL_SM,0,0,Rank 1
24,LTE_PHY_PUCCH_CSF,2021-11-29 02:44:42.530243,102,7,406,MODE_1_1,"Type 3, RI Feedback",13,1,0,0,0,PCC,TM_CL_SM,0,0,Rank 2
24,LTE_PHY_PUCCH_CSF,2021-11-29 02:44:42.531296,102,8,406,MODE_1_1,"Type 2, Wideband CQI, PMI Feedback",13,1,6,5,11,PCC,TM_CL_SM,0,0,Rank 1
24,LTE_PHY_PUCCH_CSF,2021-11-29 02:44:42.557073,102,4,409,MODE_1_1,"Type 2, Wideband CQI, PMI Feedback",13,1,6,5,11,PCC,TM_CL_SM,0,0,Rank 1
24,LTE_PHY_PUCCH_CSF,2021-11-29 02:44:42.557073,102,4,409,MODE_1_1,"Type 3, RI Feedback",13,1,0,0,0,PCC,TM_CL_SM,0,0,Rank 2
24,LTE_PHY_PUCCH_CSF,2021-11-29 02:44:42.650242,102,7,418,MODE_1_1,"Type 3, RI Feedback",13,1,0,0,0,PCC,TM_CL_SM,0,0,Rank 2
24,LTE_PHY_PUCCH_CSF,2021-11-29 02:44:42.651296,102,8,418,MODE_1_1,"Type 2, Wideband CQI, PMI Feedback",13,1,4,5,9,PCC,TM_CL_SM,0,0,Rank 1
24,LTE_PHY_PUCCH_CSF,2021-11-29 02:44:42.690243,102,7,422,MODE_1_1,"Type 3, RI Feedback",13,1,0,0,0,PCC,TM_CL_SM,0,0,Rank 2
24,LTE_PHY_PUCCH_CSF,2021-11-29 02:44:42.691295,102,8,422,MODE_1_1,"Type 2, Wideband CQI, PMI Feedback",13,1,5,5,5,PCC,TM_CL_SM,0,0,Rank 1
24,LTE_PHY_PUCCH_CSF,2021-11-29 02:44:42.717071,102,4,425,MODE_1_1,"Type 2, Wideband CQI, PMI Feedback",13,1,5,5,11,PCC,TM_CL_SM,0,0,Rank 1
24,LTE_PHY_PUCCH_CSF,2021-11-29 02:44:42.717071,102,4,425,MODE_1_1,"Type 3, RI Feedback",13,1,0,0,0,PCC,TM_CL_SM,0,0,Rank 2
24,LTE_PHY_PUCCH_CSF,2021-11-29 02:44:42.781309,102,8,431,MODE_1_1,"Type 2, Wideband CQI, PMI Feedback",13,1,7,6,11,PCC,TM_CL_SM,0,0,Rank 1
24,LTE_PHY_PUCCH_CSF,2021-11-29 02:44:42.781309,102,8,431,MODE_1_1,"Type 3, RI Feedback",13,1,0,0,0,PCC,TM_CL_SM,0,0,Rank 2
24,LTE_PHY_PUCCH_CSF,2021-11-29 02:44:42.941308,102,8,447,MODE_1_1,"Type 2, Wideband CQI, PMI Feedback",13,1,4,4,11,PCC,TM_CL_SM,0,0,Rank 1
24,LTE_PHY_PUCCH_CSF,2021-11-29 02:44:42.941308,102,8,447,MODE_1_1,"Type 3, RI Feedback",13,1,0,0,0,PCC,TM_CL_SM,0,0,Rank 1
24,LTE_PHY_PUCCH_CSF,2021-11-29 02:38:31.555645,102,1,173,MODE_1_1,"Type 3, RI Feedback",10,1,0,0,0,PCC,TM_CL_SM,0,0,Rank 2
24,LTE_PHY_PUCCH_CSF,2021-11-29 02:38:31.556704,102,2,173,MODE_1_1,"Type 2, Wideband CQI, PMI Feedback",10,1,5,6,0,PCC,TM_CL_SM,0,0,Rank 1
24,LTE_PHY_PUCCH_CSF,2021-11-29 02:38:31.596325,102,2,177,MODE_1_1,"Type 2, Wideband CQI, PMI Feedback",13,1,3,6,1,SCC,TM_CL_SM,0,0,Rank 1
24,LTE_PHY_PUCCH_CSF,2021-11-29 02:38:31.635418,102,1,181,MODE_1_1,"Type 3, RI Feedback",10,1,0,0,0,PCC,TM_CL_SM,0,0,Rank 2
24,LTE_PHY_PUCCH_CSF,2021-11-29 02:38:31.636373,102,2,181,MODE_1_1,"Type 2, Wideband CQI, PMI Feedback",10,1,5,6,14,PCC,TM_CL_SM,0,0,Rank 1
24,LTE_PHY_PUCCH_CSF,2021-11-29 02:38:31.675644,102,1,185,MODE_1_1,"Type 3, RI Feedback",13,1,0,0,0,SCC,TM_CL_SM,0,0,Rank 1
24,LTE_PHY_PUCCH_CSF,2021-11-29 02:38:31.676703,102,2,185,MODE_1_1,"Type 2, Wideband CQI, PMI Feedback",13,1,8,0,9,SCC,TM_CL_SM,0,0,Rank 1
24,LTE_PHY_PUCCH_CSF,2021-11-29 02:38:31.715645,102,1,189,MODE_1_1,"Type 3, RI Feedback",10,1,0,0,0,PCC,TM_CL_SM,0,0,Rank 2
24,LTE_PHY_PUCCH_CSF,2021-11-29 02:38:31.716703,102,2,189,MODE_1_1,"Type 2, Wideband CQI, PMI Feedback",10,1,5,5,14,PCC,TM_CL_SM,0,0,Rank 1
24,LTE_PHY_PUCCH_CSF,2021-11-29 02:38:31.755646,102,1,193,MODE_1_1,"Type 3, RI Feedback",13,1,0,0,0,SCC,TM_CL_SM,0,0,Rank 2
24,LTE_PHY_PUCCH_CSF,2021-11-29 02:38:31.756705,102,2,193,MODE_1_1,"Type 2, Wideband CQI, PMI Feedback",13,1,3,6,1,SCC,TM_CL_SM,0,0,Rank 1
24,LTE_PHY_PUCCH_CSF,2021-11-29 02:38:31.795645,102,1,197,MODE_1_1,"Type 3, RI Feedback",10,1,0,0,0,PCC,TM_CL_SM,0,0,Rank 2
24,LTE_PHY_PUCCH_CSF,2021-11-29 02:50:12.674470,102,3,653,MODE_1_1,"Type 2, Wideband CQI, PMI Feedback",13,1,7,7,11,PCC,TM_CL_SM,0,0,Rank 1
24,LTE_PHY_PUCCH_CSF,2021-11-29 02:50:12.674470,102,3,653,MODE_1_1,"Type 3, RI Feedback",13,1,0,0,0,PCC,TM_CL_SM,0,0,Rank 2
24,LTE_PHY_PUCCH_CSF,2021-11-29 02:50:12.767645,102,6,662,MODE_1_1,"Type 3, RI Feedback",13,1,0,0,0,PCC,TM_CL_SM,0,0,Rank 2
24,LTE_PHY_PUCCH_CSF,2021-11-29 02:50:12.768391,102,7,662,MODE_1_1,"Type 2, Wideband CQI, PMI Feedback",13,1,7,6,11,PCC,TM_CL_SM,0,0,Rank 1
24,LTE_PHY_PUCCH_CSF,2021-11-29 02:50:12.807645,102,6,666,MODE_1_1,"Type 3, RI Feedback",13,1,0,0,0,PCC,TM_CL_SM,0,0,Rank 2
24,LTE_PHY_PUCCH_CSF,2021-11-29 02:50:12.808389,102,7,666,MODE_1_1,"Type 2, Wideband CQI, PMI Feedback",13,1,7,7,11,PCC,TM_CL_SM,0,0,Rank 1
24,LTE_PHY_PUCCH_CSF,2021-11-29 02:50:12.834471,102,3,669,MODE_1_1,"Type 2, Wideband CQI, PMI Feedback",13,1,7,7,11,PCC,TM_CL_SM,0,0,Rank 1
24,LTE_PHY_PUCCH_CSF,2021-11-29 02:50:12.834471,102,3,669,MODE_1_1,"Type 3, RI Feedback",13,1,0,0,0,PCC,TM_CL_SM,0,0,Rank 2
24,LTE_PHY_PUCCH_CSF,2021-11-29 02:50:12.898409,102,7,675,MODE_1_1,"Type 2, Wideband CQI, PMI Feedback",13,1,4,4,11,PCC,TM_CL_SM,0,0,Rank 1
24,LTE_PHY_PUCCH_CSF,2021-11-29 02:50:12.898409,102,7,675,MODE_1_1,"Type 3, RI Feedback",13,1,0,0,0,PCC,TM_CL_SM,0,0,Rank 1
24,LTE_PHY_PUCCH_CSF,2021-11-29 02:50:13.218392,102,7,707,MODE_1_1,"Type 2, Wideband CQI, PMI Feedback",13,1,10,0,2,PCC,TM_CL_SM,0,0,Rank 1
24,LTE_PHY_PUCCH_CSF,2021-11-29 02:50:13.218392,102,7,707,MODE_1_1,"Type 3, RI Feedback",13,1,0,0,0,PCC,TM_CL_SM,0,0,Rank 2
24,LTE_PHY_PUCCH_CSF,2021-11-29 02:50:13.286905,102,6,714,MODE_1_1,"Type 3, RI Feedback",13,1,0,0,0,PCC,TM_CL_SM,0,0,Rank 2
24,LTE_PHY_PUCCH_CSF,2021-11-29 02:50:13.287971,102,7,714,MODE_1_1,"Type 2, Wideband CQI, PMI Feedback",13,1,8,8,11,PCC,TM_CL_SM,0,0,Rank 1
24,LTE_PHY_PUCCH_CSF,2021-11-29 02:50:13.326876,102,6,718,MODE_1_1,"Type 3, RI Feedback",13,1,0,0,0,PCC,TM_CL_SM,0,0,Rank 2
24,LTE_PHY_PUCCH_CSF,2021-11-29 02:50:13.328387,102,7,718,MODE_1_1,"Type 2, Wideband CQI, PMI Feedback",13,1,8,7,11,PCC,TM_CL_SM,0,0,Rank 1
24,LTE_PHY_PUCCH_CSF,2021-11-29 02:50:13.367644,102,6,722,MODE_1_1,"Type 3, RI Feedback",13,1,0,0,0,PCC,TM_CL_SM,0,0,Rank 2
24,LTE_PHY_PUCCH_CSF,2021-11-29 02:50:13.368041,102,7,722,MODE_1_1,"Type 2, Wideband CQI, PMI Feedback",13,1,7,7,11,PCC,TM_CL_SM,0,0,Rank 1
24,LTE_PHY_PUCCH_CSF,2021-11-29 02:50:13.407641,102,6,726,MODE_1_1,"Type 3, RI Feedback",13,1,0,0,0,PCC,TM_CL_SM,0,0,Rank 2
24,LTE_PHY_PUCCH_CSF,2021-11-29 02:50:13.408383,102,7,726,MODE_1_1,"Type 2, Wideband CQI, PMI Feedback",13,1,7,6,11,PCC,TM_CL_SM,0,0,Rank 1
24,LTE_PHY_PUCCH_CSF,2021-11-29 02:45:09.662910,102,0,48,MODE_1_1,"Type 3, RI Feedback",13,1,0,0,0,PCC,TM_CL_SM,0,0,Rank 2
24,LTE_PHY_PUCCH_CSF,2021-11-29 02:45:09.664090,102,1,48,MODE_1_1,"Type 2, Wideband CQI, PMI Feedback",13,1,5,5,11,PCC,TM_CL_SM,0,0,Rank 1
24,LTE_PHY_PUCCH_CSF,2021-11-29 02:45:09.703040,102,0,52,MODE_1_1,"Type 3, RI Feedback",13,1,0,0,0,PCC,TM_CL_SM,0,0,Rank 2
24,LTE_PHY_PUCCH_CSF,2021-11-29 02:45:09.704091,102,1,52,MODE_1_1,"Type 2, Wideband CQI, PMI Feedback",13,1,5,5,11,PCC,TM_CL_SM,0,0,Rank 1
24,LTE_PHY_PUCCH_CSF,2021-11-29 02:45:09.743034,102,0,56,MODE_1_1,"Type 3, RI Feedback",13,1,0,0,0,PCC,TM_CL_SM,0,0,Rank 2
24,LTE_PHY_PUCCH_CSF,2021-11-29 02:45:09.744090,102,1,56,MODE_1_1,"Type 2, Wideband CQI, PMI Feedback",13,1,5,5,11,PCC,TM_CL_SM,0,0,Rank 1
24,LTE_PHY_PUCCH_CSF,2021-11-29 02:45:09.783028,102,0,60,MODE_1_1,"Type 3, RI Feedback",13,1,0,0,0,PCC,TM_CL_SM,0,0,Rank 2
24,LTE_PHY_PUCCH_CSF,2021-11-29 02:45:09.784088,102,1,60,MODE_1_1,"Type 2, Wideband CQI, PMI Feedback",13,1,5,5,11,PCC,TM_CL_SM,0,0,Rank 1
24,LTE_PHY_PUCCH_CSF,2021-11-29 02:45:09.823040,102,0,64,MODE_1_1,"Type 3, RI Feedback",13,1,0,0,0,PCC,TM_CL_SM,0,0,Rank 2
24,LTE_PHY_PUCCH_CSF,2021-11-29 02:45:09.824087,102,1,64,MODE_1_1,"Type 2, Wideband CQI, PMI Feedback",13,1,4,4,5,PCC,TM_CL_SM,0,0,Rank 1
24,LTE_PHY_PUCCH_CSF,2021-11-29 02:45:09.863025,102,0,68,MODE_1_1,"Type 3, RI Feedback",13,1,0,0,0,PCC,TM_CL_SM,0,0,Rank 2
24,LTE_PHY_PUCCH_CSF,2021-11-29 02:45:09.864088,102,1,68,MODE_1_1,"Type 2, Wideband CQI, PMI Feedback",13,1,5,4,10,PCC,TM_CL_SM,0,0,Rank 1
24,LTE_PHY_PUCCH_CSF,2021-11-29 02:45:09.903026,102,0,72,MODE_1_1,"Type 3, RI Feedback",13,1,0,0,0,PCC,TM_CL_SM,0,0,Rank 2
24,LTE_PHY_PUCCH_CSF,2021-11-29 02:45:09.904084,102,1,72,MODE_1_1,"Type 2, Wideband CQI, PMI Feedback",13,1,3,4,9,PCC,TM_CL_SM,0,0,Rank 1
24,LTE_PHY_PUCCH_CSF,2021-11-29 02:45:04.777014,102,4,583,MODE_1_1,"Type 2, Wideband CQI, PMI Feedback",13,1,6,3,2,PCC,TM_CL_SM,0,0,Rank 1
24,LTE_PHY_PUCCH_CSF,2021-11-29 02:45:04.777014,102,4,583,MODE_1_1,"Type 3, RI Feedback",13,1,0,0,0,PCC,TM_CL_SM,0,0,Rank 1
24,LTE_PHY_PUCCH_CSF,2021-11-29 02:45:05.096985,102,4,615,MODE_1_1,"Type 2, Wideband CQI, PMI Feedback",13,1,9,0,2,PCC,TM_CL_SM,0,0,Rank 1
24,LTE_PHY_PUCCH_CSF,2021-11-29 02:45:05.096985,102,4,615,MODE_1_1,"Type 3, RI Feedback",13,1,0,0,0,PCC,TM_CL_SM,0,0,Rank 2
24,LTE_PHY_PUCCH_CSF,2021-11-29 02:45:05.416983,102,4,647,MODE_1_1,"Type 2, Wideband CQI, PMI Feedback",13,1,5,4,2,PCC,TM_CL_SM,0,0,Rank 1
24,LTE_PHY_PUCCH_CSF,2021-11-29 02:45:05.416983,102,4,647,MODE_1_1,"Type 3, RI Feedback",13,1,0,0,0,PCC,TM_CL_SM,0,0,Rank 2
24,LTE_PHY_PUCCH_CSF,2021-11-29 02:45:05.737003,102,4,679,MODE_1_1,"Type 2, Wideband CQI, PMI Feedback",13,1,5,6,11,PCC,TM_CL_SM,0,0,Rank 1
24,LTE_PHY_PUCCH_CSF,2021-11-29 02:45:05.737003,102,4,679,MODE_1_1,"Type 3, RI Feedback",13,1,0,0,0,PCC,TM_CL_SM,0,0,Rank 2
24,LTE_PHY_PUCCH_CSF,2021-11-29 02:45:06.063033,102,0,712,MODE_1_1,"Type 2, Wideband CQI, PMI Feedback",13,1,4,4,11,PCC,TM_CL_SM,0,0,Rank 1
24,LTE_PHY_PUCCH_CSF,2021-11-29 02:45:06.063033,102,0,712,MODE_1_1,"Type 3, RI Feedback",13,1,0,0,0,PCC,TM_CL_SM,0,0,Rank 1
24,LTE_PHY_PUCCH_CSF,2021-11-29 02:45:06.376989,102,4,743,MODE_1_1,"Type 2, Wideband CQI, PMI Feedback",13,1,9,0,2,PCC,TM_CL_SM,0,0,Rank 1
24,LTE_PHY_PUCCH_CSF,2021-11-29 02:45:06.376989,102,4,743,MODE_1_1,"Type 3, RI Feedback",13,1,0,0,0,PCC,TM_CL_SM,0,0,Rank 2
24,LTE_PHY_PUCCH_CSF,2021-11-29 02:45:06.696996,102,4,775,MODE_1_1,"Type 2, Wideband CQI, PMI Feedback",13,1,5,6,11,PCC,TM_CL_SM,0,0,Rank 1
24,LTE_PHY_PUCCH_CSF,2021-11-29 02:45:06.696996,102,4,775,MODE_1_1,"Type 3, RI Feedback",13,1,0,0,0,PCC,TM_CL_SM,0,0,Rank 2
24,LTE_PHY_PUCCH_CSF,2021-11-29 02:45:12.583024,102,0,340,MODE_1_1,"Type 3, RI Feedback",13,1,0,0,0,PCC,TM_CL_SM,0,0,Rank 2
24,LTE_PHY_PUCCH_CSF,2021-11-29 02:45:12.584082,102,1,340,MODE_1_1,"Type 2, Wideband CQI, PMI Feedback",13,1,5,6,11,PCC,TM_CL_SM,0,0,Rank 1
24,LTE_PHY_PUCCH_CSF,2021-11-29 02:45:12.623017,102,0,344,MODE_1_1,"Type 3, RI Feedback",13,1,0,0,0,PCC,TM_CL_SM,0,0,Rank 2
24,LTE_PHY_PUCCH_CSF,2021-11-29 02:45:12.624079,102,1,344,MODE_1_1,"Type 2, Wideband CQI, PMI Feedback",13,1,5,6,11,PCC,TM_CL_SM,0,0,Rank 1
24,LTE_PHY_PUCCH_CSF,2021-11-29 02:45:12.663020,102,0,348,MODE_1_1,"Type 3, RI Feedback",13,1,0,0,0,PCC,TM_CL_SM,0,0,Rank 2
24,LTE_PHY_PUCCH_CSF,2021-11-29 02:45:12.664077,102,1,348,MODE_1_1,"Type 2, Wideband CQI, PMI Feedback",13,1,5,6,11,PCC,TM_CL_SM,0,0,Rank 1
24,LTE_PHY_PUCCH_CSF,2021-11-29 02:45:12.703016,102,0,352,MODE_1_1,"Type 3, RI Feedback",13,1,0,0,0,PCC,TM_CL_SM,0,0,Rank 2
24,LTE_PHY_PUCCH_CSF,2021-11-29 02:45:12.704077,102,1,352,MODE_1_1,"Type 2, Wideband CQI, PMI Feedback",13,1,6,5,14,PCC,TM_CL_SM,0,0,Rank 1
24,LTE_PHY_PUCCH_CSF,2021-11-29 02:45:12.743021,102,0,356,MODE_1_1,"Type 3, RI Feedback",13,1,0,0,0,PCC,TM_CL_SM,0,0,Rank 2
24,LTE_PHY_PUCCH_CSF,2021-11-29 02:45:12.744081,102,1,356,MODE_1_1,"Type 2, Wideband CQI, PMI Feedback",13,1,5,4,5,PCC,TM_CL_SM,0,0,Rank 1
24,LTE_PHY_PUCCH_CSF,2021-11-29 02:45:12.783028,102,0,360,MODE_1_1,"Type 3, RI Feedback",13,1,0,0,0,PCC,TM_CL_SM,0,0,Rank 2
24,LTE_PHY_PUCCH_CSF,2021-11-29 02:45:12.784072,102,1,360,MODE_1_1,"Type 2, Wideband CQI, PMI Feedback",13,1,5,6,11,PCC,TM_CL_SM,0,0,Rank 1
24,LTE_PHY_PUCCH_CSF,2021-11-29 02:45:12.823016,102,0,364,MODE_1_1,"Type 3, RI Feedback",13,1,0,0,0,PCC,TM_CL_SM,0,0,Rank 2
24,LTE_PHY_PUCCH_CSF,2021-11-29 02:45:12.824077,102,1,364,MODE_1_1,"Type 2, Wideband CQI, PMI Feedback",13,1,5,5,2,PCC,TM_CL_SM,0,0,Rank 1
24,LTE_PHY_PUCCH_CSF,2021-11-29 02:45:12.850159,102,7,366,MODE_1_1,"Type 2, Wideband CQI, PMI Feedback",13,1,5,6,11,PCC,TM_CL_SM,0,0,Rank 1
24,LTE_PHY_PUCCH_CSF,2021-11-29 02:45:12.850159,102,7,366,MODE_1_1,"Type 3, RI Feedback",13,1,0,0,0,PCC,TM_CL_SM,0,0,Rank 2
24,LTE_PHY_PUCCH_CSF,2021-11-29 02:45:12.943017,102,0,376,MODE_1_1,"Type 3, RI Feedback",13,1,0,0,0,PCC,TM_CL_SM,0,0,Rank 2
24,LTE_PHY_PUCCH_CSF,2021-11-29 02:38:20.755404,102,1,117,MODE_1_1,"Type 3, RI Feedback",10,1,0,0,0,PCC,TM_CL_SM,0,0,Rank 2
24,LTE_PHY_PUCCH_CSF,2021-11-29 02:38:20.756421,102,2,117,MODE_1_1,"Type 2, Wideband CQI, PMI Feedback",10,1,6,5,0,PCC,TM_CL_SM,0,0,Rank 1
24,LTE_PHY_PUCCH_CSF,2021-11-29 02:38:20.795691,102,1,121,MODE_1_1,"Type 3, RI Feedback",10,1,0,0,0,PCC,TM_CL_SM,0,0,Rank 2
24,LTE_PHY_PUCCH_CSF,2021-11-29 02:38:20.796383,102,2,121,MODE_1_1,"Type 2, Wideband CQI, PMI Feedback",10,1,5,6,0,PCC,TM_CL_SM,0,0,Rank 1
24,LTE_PHY_PUCCH_CSF,2021-11-29 02:38:20.835688,102,1,125,MODE_1_1,"Type 3, RI Feedback",10,1,0,0,0,PCC,TM_CL_SM,0,0,Rank 2
24,LTE_PHY_PUCCH_CSF,2021-11-29 02:38:20.836348,102,2,125,MODE_1_1,"Type 2, Wideband CQI, PMI Feedback",10,1,5,6,6,PCC,TM_CL_SM,0,0,Rank 1
24,LTE_PHY_PUCCH_CSF,2021-11-29 02:38:20.876393,102,2,129,MODE_1_1,"Type 2, Wideband CQI, PMI Feedback",10,1,5,6,4,PCC,TM_CL_SM,0,0,Rank 1
24,LTE_PHY_PUCCH_CSF,2021-11-29 02:38:20.916340,102,2,133,MODE_1_1,"Type 2, Wideband CQI, PMI Feedback",10,1,6,5,7,PCC,TM_CL_SM,0,0,Rank 1
24,LTE_PHY_PUCCH_CSF,2021-11-29 02:38:20.955296,102,1,137,MODE_1_1,"Type 3, RI Feedback",10,1,0,0,0,PCC,TM_CL_SM,0,0,Rank 2
24,LTE_PHY_PUCCH_CSF,2021-11-29 02:38:20.956303,102,2,137,MODE_1_1,"Type 2, Wideband CQI, PMI Feedback",10,1,6,6,10,PCC,TM_CL_SM,0,0,Rank 1
24,LTE_PHY_PUCCH_CSF,2021-11-29 02:38:23.595301,102,1,401,MODE_1_1,"Type 3, RI Feedback",10,1,0,0,0,PCC,TM_CL_SM,0,0,Rank 2
24,LTE_PHY_PUCCH_CSF,2021-11-29 02:38:23.596368,102,2,401,MODE_1_1,"Type 2, Wideband CQI, PMI Feedback",10,1,5,5,4,PCC,TM_CL_SM,0,0,Rank 1
24,LTE_PHY_PUCCH_CSF,2021-11-29 02:38:23.635291,102,1,405,MODE_1_1,"Type 3, RI Feedback",10,1,0,0,0,PCC,TM_CL_SM,0,0,Rank 2
24,LTE_PHY_PUCCH_CSF,2021-11-29 02:38:23.636348,102,2,405,MODE_1_1,"Type 2, Wideband CQI, PMI Feedback",10,1,5,5,10,PCC,TM_CL_SM,0,0,Rank 1
24,LTE_PHY_PUCCH_CSF,2021-11-29 02:38:23.676381,102,2,409,MODE_1_1,"Type 2, Wideband CQI, PMI Feedback",10,1,5,5,4,PCC,TM_CL_SM,0,0,Rank 1
24,LTE_PHY_PUCCH_CSF,2021-11-29 02:38:23.715911,102,2,413,MODE_1_1,"Type 2, Wideband CQI, PMI Feedback",10,1,5,5,10,PCC,TM_CL_SM,0,0,Rank 1
24,LTE_PHY_PUCCH_CSF,2021-11-29 02:38:23.755313,102,1,417,MODE_1_1,"Type 3, RI Feedback",10,1,0,0,0,PCC,TM_CL_SM,0,0,Rank 2
24,LTE_PHY_PUCCH_CSF,2021-11-29 02:38:23.756377,102,2,417,MODE_1_1,"Type 2, Wideband CQI, PMI Feedback",10,1,5,5,6,PCC,TM_CL_SM,0,0,Rank 1
24,LTE_PHY_PUCCH_CSF,2021-11-29 02:38:23.795290,102,1,421,MODE_1_1,"Type 3, RI Feedback",10,1,0,0,0,PCC,TM_CL_SM,0,0,Rank 2
24,LTE_PHY_PUCCH_CSF,2021-11-29 02:38:23.796379,102,2,421,MODE_1_1,"Type 2, Wideband CQI, PMI Feedback",10,1,6,5,10,PCC,TM_CL_SM,0,0,Rank 1
24,LTE_PHY_PUCCH_CSF,2021-11-29 02:50:23.327604,102,6,694,MODE_1_1,"Type 3, RI Feedback",13,1,0,0,0,PCC,TM_CL_SM,0,0,Rank 2
24,LTE_PHY_PUCCH_CSF,2021-11-29 02:50:23.328349,102,7,694,MODE_1_1,"Type 2, Wideband CQI, PMI Feedback",13,1,6,6,11,PCC,TM_CL_SM,0,0,Rank 1
24,LTE_PHY_PUCCH_CSF,2021-11-29 02:50:23.367605,102,6,698,MODE_1_1,"Type 3, RI Feedback",13,1,0,0,0,PCC,TM_CL_SM,0,0,Rank 2
24,LTE_PHY_PUCCH_CSF,2021-11-29 02:50:23.368352,102,7,698,MODE_1_1,"Type 2, Wideband CQI, PMI Feedback",13,1,6,6,11,PCC,TM_CL_SM,0,0,Rank 1
24,LTE_PHY_PUCCH_CSF,2021-11-29 02:50:23.394433,102,3,701,MODE_1_1,"Type 2, Wideband CQI, PMI Feedback",13,1,6,6,11,PCC,TM_CL_SM,0,0,Rank 1
24,LTE_PHY_PUCCH_CSF,2021-11-29 02:50:23.394433,102,3,701,MODE_1_1,"Type 3, RI Feedback",13,1,0,0,0,PCC,TM_CL_SM,0,0,Rank 2
24,LTE_PHY_PUCCH_CSF,2021-11-29 02:50:23.458357,102,7,707,MODE_1_1,"Type 2, Wideband CQI, PMI Feedback",13,1,7,7,11,PCC,TM_CL_SM,0,0,Rank 1
24,LTE_PHY_PUCCH_CSF,2021-11-29 02:50:23.458357,102,7,707,MODE_1_1,"Type 3, RI Feedback",13,1,0,0,0,PCC,TM_CL_SM,0,0,Rank 2
24,LTE_PHY_PUCCH_CSF,2021-11-29 02:50:23.807605,102,6,742,MODE_1_1,"Type 3, RI Feedback",13,1,0,0,0,PCC,TM_CL_SM,0,0,Rank 2
24,LTE_PHY_PUCCH_CSF,2021-11-29 02:50:23.808347,102,7,742,MODE_1_1,"Type 2, Wideband CQI, PMI Feedback",13,1,6,6,11,PCC,TM_CL_SM,0,0,Rank 1
24,LTE_PHY_PUCCH_CSF,2021-11-29 02:50:23.846924,102,6,746,MODE_1_1,"Type 3, RI Feedback",13,1,0,0,0,PCC,TM_CL_SM,0,0,Rank 2
24,LTE_PHY_PUCCH_CSF,2021-11-29 02:50:23.848177,102,7,746,MODE_1_1,"Type 2, Wideband CQI, PMI Feedback",13,1,7,7,11,PCC,TM_CL_SM,0,0,Rank 1
24,LTE_PHY_PUCCH_CSF,2021-11-29 02:50:23.887603,102,6,750,MODE_1_1,"Type 3, RI Feedback",13,1,0,0,0,PCC,TM_CL_SM,0,0,Rank 2
24,LTE_PHY_PUCCH_CSF,2021-11-29 02:50:23.888347,102,7,750,MODE_1_1,"Type 2, Wideband CQI, PMI Feedback",13,1,6,6,11,PCC,TM_CL_SM,0,0,Rank 1
24,LTE_PHY_PUCCH_CSF,2021-11-29 02:50:23.927602,102,6,754,MODE_1_1,"Type 3, RI Feedback",13,1,0,0,0,PCC,TM_CL_SM,0,0,Rank 2
24,LTE_PHY_PUCCH_CSF,2021-11-29 02:50:23.928346,102,7,754,MODE_1_1,"Type 2, Wideband CQI, PMI Feedback",13,1,6,5,11,PCC,TM_CL_SM,0,0,Rank 1
24,LTE_PHY_PUCCH_CSF,2021-11-29 02:45:03.405922,102,3,446,MODE_1_1,"Type 3, RI Feedback",13,1,0,0,0,PCC,TM_CL_SM,0,0,Rank 2
24,LTE_PHY_PUCCH_CSF,2021-11-29 02:45:03.406981,102,4,446,MODE_1_1,"Type 2, Wideband CQI, PMI Feedback",13,1,5,5,11,PCC,TM_CL_SM,0,0,Rank 1
24,LTE_PHY_PUCCH_CSF,2021-11-29 02:45:03.445923,102,3,450,MODE_1_1,"Type 3, RI Feedback",13,1,0,0,0,PCC,TM_CL_SM,0,0,Rank 2
24,LTE_PHY_PUCCH_CSF,2021-11-29 02:45:03.446985,102,4,450,MODE_1_1,"Type 2, Wideband CQI, PMI Feedback",13,1,5,5,11,PCC,TM_CL_SM,0,0,Rank 1
24,LTE_PHY_PUCCH_CSF,2021-11-29 02:45:03.485922,102,3,454,MODE_1_1,"Type 3, RI Feedback",13,1,0,0,0,PCC,TM_CL_SM,0,0,Rank 2
24,LTE_PHY_PUCCH_CSF,2021-11-29 02:45:03.486981,102,4,454,MODE_1_1,"Type 2, Wideband CQI, PMI Feedback",13,1,6,4,2,PCC,TM_CL_SM,0,0,Rank 1
24,LTE_PHY_PUCCH_CSF,2021-11-29 02:45:03.513058,102,0,457,MODE_1_1,"Type 2, Wideband CQI, PMI Feedback",13,1,5,5,11,PCC,TM_CL_SM,0,0,Rank 1
24,LTE_PHY_PUCCH_CSF,2021-11-29 02:45:03.513058,102,0,457,MODE_1_1,"Type 3, RI Feedback",13,1,0,0,0,PCC,TM_CL_SM,0,0,Rank 2
24,LTE_PHY_PUCCH_CSF,2021-11-29 02:45:03.576987,102,4,463,MODE_1_1,"Type 2, Wideband CQI, PMI Feedback",13,1,5,5,11,PCC,TM_CL_SM,0,0,Rank 1
24,LTE_PHY_PUCCH_CSF,2021-11-29 02:45:03.576987,102,4,463,MODE_1_1,"Type 3, RI Feedback",13,1,0,0,0,PCC,TM_CL_SM,0,0,Rank 2
24,LTE_PHY_PUCCH_CSF,2021-11-29 02:45:03.816998,102,4,487,MODE_1_1,"Type 2, Wideband CQI, PMI Feedback",13,1,4,4,11,PCC,TM_CL_SM,0,0,Rank 1
24,LTE_PHY_PUCCH_CSF,2021-11-29 02:45:03.816998,102,4,487,MODE_1_1,"Type 3, RI Feedback",13,1,0,0,0,PCC,TM_CL_SM,0,0,Rank 1
24,LTE_PHY_PUCCH_CSF,2021-11-29 02:45:04.136987,102,4,519,MODE_1_1,"Type 2, Wideband CQI, PMI Feedback",13,1,9,0,2,PCC,TM_CL_SM,0,0,Rank 1
24,LTE_PHY_PUCCH_CSF,2021-11-29 02:45:04.136987,102,4,519,MODE_1_1,"Type 3, RI Feedback",13,1,0,0,0,PCC,TM_CL_SM,0,0,Rank 2
24,LTE_PHY_PUCCH_CSF,2021-11-29 02:45:04.457000,102,4,551,MODE_1_1,"Type 2, Wideband CQI, PMI Feedback",13,1,6,6,11,PCC,TM_CL_SM,0,0,Rank 1
24,LTE_PHY_PUCCH_CSF,2021-11-29 02:45:04.457000,102,4,551,MODE_1_1,"Type 3, RI Feedback",13,1,0,0,0,PCC,TM_CL_SM,0,0,Rank 2
24,LTE_PHY_PUCCH_CSF,2021-11-29 02:44:35.650276,102,7,742,MODE_1_1,"Type 3, RI Feedback",13,1,0,0,0,PCC,TM_CL_SM,0,0,Rank 2
24,LTE_PHY_PUCCH_CSF,2021-11-29 02:44:35.651323,102,8,742,MODE_1_1,"Type 2, Wideband CQI, PMI Feedback",13,1,6,6,11,PCC,TM_CL_SM,0,0,Rank 1
24,LTE_PHY_PUCCH_CSF,2021-11-29 02:44:35.677087,102,4,745,MODE_1_1,"Type 2, Wideband CQI, PMI Feedback",13,1,6,7,11,PCC,TM_CL_SM,0,0,Rank 1
24,LTE_PHY_PUCCH_CSF,2021-11-29 02:44:35.677087,102,4,745,MODE_1_1,"Type 3, RI Feedback",13,1,0,0,0,PCC,TM_CL_SM,0,0,Rank 2
24,LTE_PHY_PUCCH_CSF,2021-11-29 02:44:35.741354,102,8,751,MODE_1_1,"Type 2, Wideband CQI, PMI Feedback",13,1,6,7,11,PCC,TM_CL_SM,0,0,Rank 1
24,LTE_PHY_PUCCH_CSF,2021-11-29 02:44:35.741354,102,8,751,MODE_1_1,"Type 3, RI Feedback",13,1,0,0,0,PCC,TM_CL_SM,0,0,Rank 2
24,LTE_PHY_PUCCH_CSF,2021-11-29 02:44:35.901342,102,8,767,MODE_1_1,"Type 2, Wideband CQI, PMI Feedback",13,1,3,5,11,PCC,TM_CL_SM,0,0,Rank 1
24,LTE_PHY_PUCCH_CSF,2021-11-29 02:44:35.901342,102,8,767,MODE_1_1,"Type 3, RI Feedback",13,1,0,0,0,PCC,TM_CL_SM,0,0,Rank 1
24,LTE_PHY_PUCCH_CSF,2021-11-29 02:44:36.210282,102,7,798,MODE_1_1,"Type 3, RI Feedback",13,1,0,0,0,PCC,TM_CL_SM,0,0,Rank 2
24,LTE_PHY_PUCCH_CSF,2021-11-29 02:44:36.211321,102,8,798,MODE_1_1,"Type 2, Wideband CQI, PMI Feedback",13,1,6,7,11,PCC,TM_CL_SM,0,0,Rank 1
24,LTE_PHY_PUCCH_CSF,2021-11-29 02:44:36.250271,102,7,802,MODE_1_1,"Type 3, RI Feedback",13,1,0,0,0,PCC,TM_CL_SM,0,0,Rank 2
24,LTE_PHY_PUCCH_CSF,2021-11-29 02:44:36.251323,102,8,802,MODE_1_1,"Type 2, Wideband CQI, PMI Feedback",13,1,6,7,11,PCC,TM_CL_SM,0,0,Rank 1
24,LTE_PHY_PUCCH_CSF,2021-11-29 02:44:36.290274,102,7,806,MODE_1_1,"Type 3, RI Feedback",13,1,0,0,0,PCC,TM_CL_SM,0,0,Rank 2
24,LTE_PHY_PUCCH_CSF,2021-11-29 02:44:36.291322,102,8,806,MODE_1_1,"Type 2, Wideband CQI, PMI Feedback",13,1,6,7,11,PCC,TM_CL_SM,0,0,Rank 1
24,LTE_PHY_PUCCH_CSF,2021-11-29 02:44:36.330101,102,7,810,MODE_1_1,"Type 3, RI Feedback",13,1,0,0,0,PCC,TM_CL_SM,0,0,Rank 2
24,LTE_PHY_PUCCH_CSF,2021-11-29 02:44:36.331320,102,8,810,MODE_1_1,"Type 2, Wideband CQI, PMI Feedback",13,1,5,7,11,PCC,TM_CL_SM,0,0,Rank 1
24,LTE_PHY_PUCCH_CSF,2021-11-29 02:44:36.370270,102,7,814,MODE_1_1,"Type 3, RI Feedback",13,1,0,0,0,PCC,TM_CL_SM,0,0,Rank 2
24,LTE_PHY_PUCCH_CSF,2021-11-29 02:44:36.371317,102,8,814,MODE_1_1,"Type 2, Wideband CQI, PMI Feedback",13,1,5,7,11,PCC,TM_CL_SM,0,0,Rank 1
24,LTE_PHY_PUCCH_CSF,2021-11-29 02:44:36.410260,102,7,818,MODE_1_1,"Type 3, RI Feedback",13,1,0,0,0,PCC,TM_CL_SM,0,0,Rank 2
24,LTE_PHY_PUCCH_CSF,2021-11-29 02:44:36.411316,102,8,818,MODE_1_1,"Type 2, Wideband CQI, PMI Feedback",13,1,5,6,11,PCC,TM_CL_SM,0,0,Rank 1
24,LTE_PHY_PUCCH_CSF,2021-11-29 02:45:10.823035,102,0,164,MODE_1_1,"Type 3, RI Feedback",13,1,0,0,0,PCC,TM_CL_SM,0,0,Rank 2
24,LTE_PHY_PUCCH_CSF,2021-11-29 02:45:10.824084,102,1,164,MODE_1_1,"Type 2, Wideband CQI, PMI Feedback",13,1,4,5,11,PCC,TM_CL_SM,0,0,Rank 1
24,LTE_PHY_PUCCH_CSF,2021-11-29 02:45:10.863023,102,0,168,MODE_1_1,"Type 3, RI Feedback",13,1,0,0,0,PCC,TM_CL_SM,0,0,Rank 2
24,LTE_PHY_PUCCH_CSF,2021-11-29 02:45:10.903046,102,0,172,MODE_1_1,"Type 3, RI Feedback",13,1,0,0,0,PCC,TM_CL_SM,0,0,Rank 2
24,LTE_PHY_PUCCH_CSF,2021-11-29 02:45:10.904027,102,1,172,MODE_1_1,"Type 2, Wideband CQI, PMI Feedback",13,1,5,6,11,PCC,TM_CL_SM,0,0,Rank 1
24,LTE_PHY_PUCCH_CSF,2021-11-29 02:45:10.943024,102,0,176,MODE_1_1,"Type 3, RI Feedback",13,1,0,0,0,PCC,TM_CL_SM,0,0,Rank 2
24,LTE_PHY_PUCCH_CSF,2021-11-29 02:45:10.944085,102,1,176,MODE_1_1,"Type 2, Wideband CQI, PMI Feedback",13,1,5,6,11,PCC,TM_CL_SM,0,0,Rank 1
24,LTE_PHY_PUCCH_CSF,2021-11-29 02:45:10.984088,102,1,180,MODE_1_1,"Type 2, Wideband CQI, PMI Feedback",13,1,5,5,11,PCC,TM_CL_SM,0,0,Rank 1
24,LTE_PHY_PUCCH_CSF,2021-11-29 02:45:52.484681,102,2,234,MODE_1_1,"Type 3, RI Feedback",10,1,0,0,0,SCC,TM_CL_SM,0,0,Rank 2
24,LTE_PHY_PUCCH_CSF,2021-11-29 02:45:52.485737,102,3,234,MODE_1_1,"Type 2, Wideband CQI, PMI Feedback",10,1,6,7,11,SCC,TM_CL_SM,0,0,Rank 1
24,LTE_PHY_PUCCH_CSF,2021-11-29 02:45:52.492867,102,0,235,MODE_1_1,"Type 2, Wideband CQI, PMI Feedback",13,1,5,5,13,PCC,TM_CL_SM,0,0,Rank 1
24,LTE_PHY_PUCCH_CSF,2021-11-29 02:45:52.492885,102,0,235,MODE_1_1,"Type 3, RI Feedback",13,1,0,0,0,PCC,TM_CL_SM,0,0,Rank 2
24,LTE_PHY_PUCCH_CSF,2021-11-29 02:45:52.524235,102,2,238,MODE_1_1,"Type 3, RI Feedback",13,1,0,0,0,PCC,TM_CL_SM,0,0,Rank 2
24,LTE_PHY_PUCCH_CSF,2021-11-29 02:45:52.525739,102,3,238,MODE_1_1,"Type 2, Wideband CQI, PMI Feedback",13,1,6,6,11,PCC,TM_CL_SM,0,0,Rank 1
24,LTE_PHY_PUCCH_CSF,2021-11-29 02:45:52.564679,102,2,242,MODE_1_1,"Type 3, RI Feedback",10,1,0,0,0,SCC,TM_CL_SM,0,0,Rank 2
24,LTE_PHY_PUCCH_CSF,2021-11-29 02:45:52.565736,102,3,242,MODE_1_1,"Type 2, Wideband CQI, PMI Feedback",10,1,6,5,10,SCC,TM_CL_SM,0,0,Rank 1
24,LTE_PHY_PUCCH_CSF,2021-11-29 02:45:52.604676,102,2,246,MODE_1_1,"Type 3, RI Feedback",13,1,0,0,0,PCC,TM_CL_SM,0,0,Rank 2
24,LTE_PHY_PUCCH_CSF,2021-11-29 02:45:52.605738,102,3,246,MODE_1_1,"Type 2, Wideband CQI, PMI Feedback",13,1,4,7,8,PCC,TM_CL_SM,0,0,Rank 1
24,LTE_PHY_PUCCH_CSF,2021-11-29 02:45:52.631802,102,9,248,MODE_1_1,"Type 2, Wideband CQI, PMI Feedback",13,1,4,4,11,PCC,TM_CL_SM,0,0,Rank 1
24,LTE_PHY_PUCCH_CSF,2021-11-29 02:45:52.631819,102,9,248,MODE_1_1,"Type 3, RI Feedback",13,1,0,0,0,PCC,TM_CL_SM,0,0,Rank 2
24,LTE_PHY_PUCCH_CSF,2021-11-29 02:45:52.724677,102,2,258,MODE_1_1,"Type 3, RI Feedback",10,1,0,0,0,SCC,TM_CL_SM,0,0,Rank 2
24,LTE_PHY_PUCCH_CSF,2021-11-29 02:45:52.725736,102,3,258,MODE_1_1,"Type 2, Wideband CQI, PMI Feedback",10,1,5,7,2,SCC,TM_CL_SM,0,0,Rank 1
24,LTE_PHY_PUCCH_CSF,2021-11-29 02:45:52.764677,102,2,262,MODE_1_1,"Type 3, RI Feedback",13,1,0,0,0,PCC,TM_CL_SM,0,0,Rank 2
24,LTE_PHY_PUCCH_CSF,2021-11-29 02:45:52.765736,102,3,262,MODE_1_1,"Type 2, Wideband CQI, PMI Feedback",13,1,6,5,11,PCC,TM_CL_SM,0,0,Rank 1
24,LTE_PHY_PUCCH_CSF,2021-11-29 02:45:52.787867,102,5,264,MODE_1_1,"Type 2, Wideband CQI, PMI Feedback",13,1,6,4,4,PCC,TM_CL_SM,0,0,Rank 1
24,LTE_PHY_PUCCH_CSF,2021-11-29 02:45:52.787885,102,5,264,MODE_1_1,"Type 3, RI Feedback",13,1,0,0,0,PCC,TM_CL_SM,0,0,Rank 2
24,LTE_PHY_PUCCH_CSF,2021-11-29 02:45:52.844675,102,2,270,MODE_1_1,"Type 3, RI Feedback",13,1,0,0,0,PCC,TM_CL_SM,0,0,Rank 2
24,LTE_PHY_PUCCH_CSF,2021-11-29 02:45:52.845732,102,3,270,MODE_1_1,"Type 2, Wideband CQI, PMI Feedback",13,1,6,6,11,PCC,TM_CL_SM,0,0,Rank 1
24,LTE_PHY_PUCCH_CSF,2021-11-29 02:45:52.855736,102,3,271,MODE_1_1,"Type 2, Wideband CQI, PMI Feedback",13,1,6,6,11,PCC,TM_CL_SM,0,0,Rank 1
24,LTE_PHY_PUCCH_CSF,2021-11-29 02:45:52.855754,102,3,271,MODE_1_1,"Type 3, RI Feedback",13,1,0,0,0,PCC,TM_CL_SM,0,0,Rank 2
24,LTE_PHY_PUCCH_CSF,2021-11-29 02:45:52.935738,102,3,279,MODE_1_1,"Type 2, Wideband CQI, PMI Feedback",13,1,5,4,11,PCC,TM_CL_SM,0,0,Rank 1
24,LTE_PHY_PUCCH_CSF,2021-11-29 02:45:52.935754,102,3,279,MODE_1_1,"Type 3, RI Feedback",13,1,0,0,0,PCC,TM_CL_SM,0,0,Rank 2
24,LTE_PHY_PUCCH_CSF,2021-11-29 02:45:18.422999,102,0,924,MODE_1_1,"Type 3, RI Feedback",13,1,0,0,0,PCC,TM_CL_SM,0,0,Rank 2
24,LTE_PHY_PUCCH_CSF,2021-11-29 02:45:18.424061,102,1,924,MODE_1_1,"Type 2, Wideband CQI, PMI Feedback",13,1,5,5,11,PCC,TM_CL_SM,0,0,Rank 1
24,LTE_PHY_PUCCH_CSF,2021-11-29 02:45:18.502992,102,0,932,MODE_1_1,"Type 3, RI Feedback",13,1,0,0,0,PCC,TM_CL_SM,0,0,Rank 2
24,LTE_PHY_PUCCH_CSF,2021-11-29 02:45:18.504058,102,1,932,MODE_1_1,"Type 2, Wideband CQI, PMI Feedback",13,1,4,5,11,PCC,TM_CL_SM,0,0,Rank 1
24,LTE_PHY_PUCCH_CSF,2021-11-29 02:45:18.514012,102,1,933,MODE_1_1,"Type 2, Wideband CQI, PMI Feedback",13,1,5,6,11,PCC,TM_CL_SM,0,0,Rank 1
24,LTE_PHY_PUCCH_CSF,2021-11-29 02:45:18.514012,102,1,933,MODE_1_1,"Type 3, RI Feedback",13,1,0,0,0,PCC,TM_CL_SM,0,0,Rank 2
24,LTE_PHY_PUCCH_CSF,2021-11-29 02:45:18.674064,102,1,949,MODE_1_1,"Type 2, Wideband CQI, PMI Feedback",13,1,5,4,11,PCC,TM_CL_SM,0,0,Rank 1
24,LTE_PHY_PUCCH_CSF,2021-11-29 02:45:18.674064,102,1,949,MODE_1_1,"Type 3, RI Feedback",13,1,0,0,0,PCC,TM_CL_SM,0,0,Rank 2
24,LTE_PHY_PUCCH_CSF,2021-11-29 02:45:18.994017,102,1,981,MODE_1_1,"Type 2, Wideband CQI, PMI Feedback",13,1,7,8,11,PCC,TM_CL_SM,0,0,Rank 1
24,LTE_PHY_PUCCH_CSF,2021-11-29 02:45:18.994017,102,1,981,MODE_1_1,"Type 3, RI Feedback",13,1,0,0,0,PCC,TM_CL_SM,0,0,Rank 2
24,LTE_PHY_PUCCH_CSF,2021-11-29 02:45:19.314061,102,1,1013,MODE_1_1,"Type 2, Wideband CQI, PMI Feedback",13,1,3,5,5,PCC,TM_CL_SM,0,0,Rank 1
24,LTE_PHY_PUCCH_CSF,2021-11-29 02:45:19.314061,102,1,1013,MODE_1_1,"Type 3, RI Feedback",13,1,0,0,0,PCC,TM_CL_SM,0,0,Rank 1
24,LTE_PHY_PUCCH_CSF,2021-11-29 02:45:19.662996,102,0,24,MODE_1_1,"Type 3, RI Feedback",13,1,0,0,0,PCC,TM_CL_SM,0,0,Rank 2
24,LTE_PHY_PUCCH_CSF,2021-11-29 02:45:19.664050,102,1,24,MODE_1_1,"Type 2, Wideband CQI, PMI Feedback",13,1,6,6,11,PCC,TM_CL_SM,0,0,Rank 1
24,LTE_PHY_PUCCH_CSF,2021-11-29 02:45:19.702995,102,0,28,MODE_1_1,"Type 3, RI Feedback",13,1,0,0,0,PCC,TM_CL_SM,0,0,Rank 2
24,LTE_PHY_PUCCH_CSF,2021-11-29 02:50:11.727651,102,6,558,MODE_1_1,"Type 3, RI Feedback",13,1,0,0,0,PCC,TM_CL_SM,0,0,Rank 2
24,LTE_PHY_PUCCH_CSF,2021-11-29 02:50:11.728398,102,7,558,MODE_1_1,"Type 2, Wideband CQI, PMI Feedback",13,1,7,7,11,PCC,TM_CL_SM,0,0,Rank 1
24,LTE_PHY_PUCCH_CSF,2021-11-29 02:50:11.766994,102,6,562,MODE_1_1,"Type 3, RI Feedback",13,1,0,0,0,PCC,TM_CL_SM,0,0,Rank 2
24,LTE_PHY_PUCCH_CSF,2021-11-29 02:50:11.768396,102,7,562,MODE_1_1,"Type 2, Wideband CQI, PMI Feedback",13,1,7,7,11,PCC,TM_CL_SM,0,0,Rank 1
24,LTE_PHY_PUCCH_CSF,2021-11-29 02:50:11.807650,102,6,566,MODE_1_1,"Type 3, RI Feedback",13,1,0,0,0,PCC,TM_CL_SM,0,0,Rank 2
24,LTE_PHY_PUCCH_CSF,2021-11-29 02:50:11.808396,102,7,566,MODE_1_1,"Type 2, Wideband CQI, PMI Feedback",13,1,7,6,11,PCC,TM_CL_SM,0,0,Rank 1
24,LTE_PHY_PUCCH_CSF,2021-11-29 02:50:11.847647,102,6,570,MODE_1_1,"Type 3, RI Feedback",13,1,0,0,0,PCC,TM_CL_SM,0,0,Rank 2
24,LTE_PHY_PUCCH_CSF,2021-11-29 02:50:11.848169,102,7,570,MODE_1_1,"Type 2, Wideband CQI, PMI Feedback",13,1,7,7,11,PCC,TM_CL_SM,0,0,Rank 1
24,LTE_PHY_PUCCH_CSF,2021-11-29 02:50:11.887643,102,6,574,MODE_1_1,"Type 3, RI Feedback",13,1,0,0,0,PCC,TM_CL_SM,0,0,Rank 2
24,LTE_PHY_PUCCH_CSF,2021-11-29 02:50:11.888152,102,7,574,MODE_1_1,"Type 2, Wideband CQI, PMI Feedback",13,1,7,7,11,PCC,TM_CL_SM,0,0,Rank 1
24,LTE_PHY_PUCCH_CSF,2021-11-29 02:50:11.927643,102,6,578,MODE_1_1,"Type 3, RI Feedback",13,1,0,0,0,PCC,TM_CL_SM,0,0,Rank 2
24,LTE_PHY_PUCCH_CSF,2021-11-29 02:50:11.928404,102,7,578,MODE_1_1,"Type 2, Wideband CQI, PMI Feedback",13,1,7,7,11,PCC,TM_CL_SM,0,0,Rank 1
24,LTE_PHY_PUCCH_CSF,2021-11-29 02:50:11.967644,102,6,582,MODE_1_1,"Type 3, RI Feedback",13,1,0,0,0,PCC,TM_CL_SM,0,0,Rank 2
24,LTE_PHY_PUCCH_CSF,2021-11-29 02:50:11.968028,102,7,582,MODE_1_1,"Type 2, Wideband CQI, PMI Feedback",13,1,7,7,11,PCC,TM_CL_SM,0,0,Rank 1
24,LTE_PHY_PUCCH_CSF,2021-11-29 02:44:48.645235,102,2,1018,MODE_1_1,"Type 2, Wideband CQI, PMI Feedback",13,1,4,4,11,PCC,TM_CL_SM,0,0,Rank 1
24,LTE_PHY_PUCCH_CSF,2021-11-29 02:44:48.645235,102,2,1018,MODE_1_1,"Type 3, RI Feedback",13,1,0,0,0,PCC,TM_CL_SM,0,0,Rank 1
24,LTE_PHY_PUCCH_CSF,2021-11-29 02:44:48.965224,102,2,26,MODE_1_1,"Type 2, Wideband CQI, PMI Feedback",13,1,9,0,2,PCC,TM_CL_SM,0,0,Rank 1
24,LTE_PHY_PUCCH_CSF,2021-11-29 02:44:48.965224,102,2,26,MODE_1_1,"Type 3, RI Feedback",13,1,0,0,0,PCC,TM_CL_SM,0,0,Rank 2
24,LTE_PHY_PUCCH_CSF,2021-11-29 02:44:49.285229,102,2,58,MODE_1_1,"Type 2, Wideband CQI, PMI Feedback",13,1,6,6,11,PCC,TM_CL_SM,0,0,Rank 1
24,LTE_PHY_PUCCH_CSF,2021-11-29 02:44:49.285229,102,2,58,MODE_1_1,"Type 3, RI Feedback",13,1,0,0,0,PCC,TM_CL_SM,0,0,Rank 2
24,LTE_PHY_PUCCH_CSF,2021-11-29 02:44:49.605235,102,2,90,MODE_1_1,"Type 2, Wideband CQI, PMI Feedback",13,1,4,4,11,PCC,TM_CL_SM,0,0,Rank 1
24,LTE_PHY_PUCCH_CSF,2021-11-29 02:44:49.605235,102,2,90,MODE_1_1,"Type 3, RI Feedback",13,1,0,0,0,PCC,TM_CL_SM,0,0,Rank 1
24,LTE_PHY_PUCCH_CSF,2021-11-29 02:44:49.925227,102,2,122,MODE_1_1,"Type 2, Wideband CQI, PMI Feedback",13,1,9,0,2,PCC,TM_CL_SM,0,0,Rank 1
24,LTE_PHY_PUCCH_CSF,2021-11-29 02:44:49.925227,102,2,122,MODE_1_1,"Type 3, RI Feedback",13,1,0,0,0,PCC,TM_CL_SM,0,0,Rank 2
24,LTE_PHY_PUCCH_CSF,2021-11-29 02:44:50.245225,102,2,154,MODE_1_1,"Type 2, Wideband CQI, PMI Feedback",13,1,7,6,11,PCC,TM_CL_SM,0,0,Rank 1
24,LTE_PHY_PUCCH_CSF,2021-11-29 02:44:50.245225,102,2,154,MODE_1_1,"Type 3, RI Feedback",13,1,0,0,0,PCC,TM_CL_SM,0,0,Rank 2
24,LTE_PHY_PUCCH_CSF,2021-11-29 02:44:50.565231,102,2,186,MODE_1_1,"Type 2, Wideband CQI, PMI Feedback",13,1,4,5,7,PCC,TM_CL_SM,0,0,Rank 1
24,LTE_PHY_PUCCH_CSF,2021-11-29 02:44:50.565231,102,2,186,MODE_1_1,"Type 3, RI Feedback",13,1,0,0,0,PCC,TM_CL_SM,0,0,Rank 2
24,LTE_PHY_PUCCH_CSF,2021-11-29 02:38:29.555658,102,1,997,MODE_1_1,"Type 3, RI Feedback",10,1,0,0,0,PCC,TM_CL_SM,0,0,Rank 2
24,LTE_PHY_PUCCH_CSF,2021-11-29 02:38:29.556717,102,2,997,MODE_1_1,"Type 2, Wideband CQI, PMI Feedback",10,1,5,5,11,PCC,TM_CL_SM,0,0,Rank 1
24,LTE_PHY_PUCCH_CSF,2021-11-29 02:38:29.635658,102,1,1005,MODE_1_1,"Type 3, RI Feedback",10,1,0,0,0,PCC,TM_CL_SM,0,0,Rank 2
24,LTE_PHY_PUCCH_CSF,2021-11-29 02:38:29.636715,102,2,1005,MODE_1_1,"Type 2, Wideband CQI, PMI Feedback",10,1,6,5,4,PCC,TM_CL_SM,0,0,Rank 1
24,LTE_PHY_PUCCH_CSF,2021-11-29 02:38:29.715657,102,1,1013,MODE_1_1,"Type 3, RI Feedback",10,1,0,0,0,PCC,TM_CL_SM,0,0,Rank 2
24,LTE_PHY_PUCCH_CSF,2021-11-29 02:38:29.716718,102,2,1013,MODE_1_1,"Type 2, Wideband CQI, PMI Feedback",10,1,5,5,11,PCC,TM_CL_SM,0,0,Rank 1
24,LTE_PHY_PUCCH_CSF,2021-11-29 02:38:29.795657,102,1,1021,MODE_1_1,"Type 3, RI Feedback",10,1,0,0,0,PCC,TM_CL_SM,0,0,Rank 2
24,LTE_PHY_PUCCH_CSF,2021-11-29 02:38:29.796351,102,2,1021,MODE_1_1,"Type 2, Wideband CQI, PMI Feedback",10,1,5,5,14,PCC,TM_CL_SM,0,0,Rank 1
24,LTE_PHY_PUCCH_CSF,2021-11-29 02:38:29.875657,102,1,5,MODE_1_1,"Type 3, RI Feedback",10,1,0,0,0,PCC,TM_CL_SM,0,0,Rank 2
24,LTE_PHY_PUCCH_CSF,2021-11-29 02:38:29.876714,102,2,5,MODE_1_1,"Type 2, Wideband CQI, PMI Feedback",10,1,5,4,2,PCC,TM_CL_SM,0,0,Rank 1
24,LTE_PHY_PUCCH_CSF,2021-11-29 02:38:12.715356,102,1,337,MODE_1_1,"Type 3, RI Feedback",10,1,0,0,0,PCC,TM_CL_SM,0,0,Rank 2
24,LTE_PHY_PUCCH_CSF,2021-11-29 02:38:12.756266,102,2,341,MODE_1_1,"Type 2, Wideband CQI, PMI Feedback",10,1,6,6,2,PCC,TM_CL_SM,0,0,Rank 1
24,LTE_PHY_PUCCH_CSF,2021-11-29 02:38:12.796771,102,2,345,MODE_1_1,"Type 2, Wideband CQI, PMI Feedback",10,1,6,5,6,PCC,TM_CL_SM,0,0,Rank 1
24,LTE_PHY_PUCCH_CSF,2021-11-29 02:38:12.835188,102,1,349,MODE_1_1,"Type 3, RI Feedback",10,1,0,0,0,PCC,TM_CL_SM,0,0,Rank 2
24,LTE_PHY_PUCCH_CSF,2021-11-29 02:38:12.836772,102,2,349,MODE_1_1,"Type 2, Wideband CQI, PMI Feedback",10,1,6,6,1,PCC,TM_CL_SM,0,0,Rank 1
24,LTE_PHY_PUCCH_CSF,2021-11-29 02:38:12.876417,102,2,353,MODE_1_1,"Type 2, Wideband CQI, PMI Feedback",10,1,5,5,10,PCC,TM_CL_SM,0,0,Rank 1
24,LTE_PHY_PUCCH_CSF,2021-11-29 02:38:12.915709,102,1,357,MODE_1_1,"Type 3, RI Feedback",10,1,0,0,0,PCC,TM_CL_SM,0,0,Rank 1
24,LTE_PHY_PUCCH_CSF,2021-11-29 02:38:12.916766,102,2,357,MODE_1_1,"Type 2, Wideband CQI, PMI Feedback",10,1,8,0,2,PCC,TM_CL_SM,0,0,Rank 1
24,LTE_PHY_PUCCH_CSF,2021-11-29 02:38:12.955711,102,1,361,MODE_1_1,"Type 3, RI Feedback",10,1,0,0,0,PCC,TM_CL_SM,0,0,Rank 2
24,LTE_PHY_PUCCH_CSF,2021-11-29 02:38:12.956772,102,2,361,MODE_1_1,"Type 2, Wideband CQI, PMI Feedback",10,1,5,7,2,PCC,TM_CL_SM,0,0,Rank 1
24,LTE_PHY_PUCCH_CSF,2021-11-29 02:38:12.995709,102,1,365,MODE_1_1,"Type 3, RI Feedback",10,1,0,0,0,PCC,TM_CL_SM,0,0,Rank 2
24,LTE_PHY_PUCCH_CSF,2021-11-29 02:38:12.996301,102,2,365,MODE_1_1,"Type 2, Wideband CQI, PMI Feedback",10,1,5,6,2,PCC,TM_CL_SM,0,0,Rank 1
24,LTE_PHY_PUCCH_CSF,2021-11-29 02:45:34.645810,102,3,498,MODE_1_1,"Type 2, Wideband CQI, PMI Feedback",10,1,4,5,10,SCC,TM_CL_SM,0,0,Rank 1
24,LTE_PHY_PUCCH_CSF,2021-11-29 02:45:34.685058,102,2,502,MODE_1_1,"Type 3, RI Feedback",13,1,0,0,0,PCC,TM_CL_SM,0,0,Rank 2
24,LTE_PHY_PUCCH_CSF,2021-11-29 02:45:34.685806,102,3,502,MODE_1_1,"Type 2, Wideband CQI, PMI Feedback",13,1,5,7,11,PCC,TM_CL_SM,0,0,Rank 1
24,LTE_PHY_PUCCH_CSF,2021-11-29 02:45:34.725059,102,2,506,MODE_1_1,"Type 3, RI Feedback",10,1,0,0,0,SCC,TM_CL_SM,0,0,Rank 2
24,LTE_PHY_PUCCH_CSF,2021-11-29 02:45:34.725806,102,3,506,MODE_1_1,"Type 2, Wideband CQI, PMI Feedback",10,1,5,5,12,SCC,TM_CL_SM,0,0,Rank 1
24,LTE_PHY_PUCCH_CSF,2021-11-29 02:45:34.765062,102,2,510,MODE_1_1,"Type 3, RI Feedback",13,1,0,0,0,PCC,TM_CL_SM,0,0,Rank 2
24,LTE_PHY_PUCCH_CSF,2021-11-29 02:45:34.765812,102,3,510,MODE_1_1,"Type 2, Wideband CQI, PMI Feedback",13,1,5,7,11,PCC,TM_CL_SM,0,0,Rank 1
24,LTE_PHY_PUCCH_CSF,2021-11-29 02:45:34.805061,102,2,514,MODE_1_1,"Type 3, RI Feedback",10,1,0,0,0,SCC,TM_CL_SM,0,0,Rank 2
24,LTE_PHY_PUCCH_CSF,2021-11-29 02:45:34.805807,102,3,514,MODE_1_1,"Type 2, Wideband CQI, PMI Feedback",10,1,5,5,7,SCC,TM_CL_SM,0,0,Rank 1
24,LTE_PHY_PUCCH_CSF,2021-11-29 02:45:34.845056,102,2,518,MODE_1_1,"Type 3, RI Feedback",13,1,0,0,0,PCC,TM_CL_SM,0,0,Rank 2
24,LTE_PHY_PUCCH_CSF,2021-11-29 02:45:34.845808,102,3,518,MODE_1_1,"Type 2, Wideband CQI, PMI Feedback",13,1,5,6,11,PCC,TM_CL_SM,0,0,Rank 1
24,LTE_PHY_PUCCH_CSF,2021-11-29 02:44:47.034164,102,1,857,MODE_1_1,"Type 3, RI Feedback",13,1,0,0,0,PCC,TM_CL_SM,0,0,Rank 2
24,LTE_PHY_PUCCH_CSF,2021-11-29 02:44:47.035221,102,2,857,MODE_1_1,"Type 2, Wideband CQI, PMI Feedback",13,1,5,6,11,PCC,TM_CL_SM,0,0,Rank 1
24,LTE_PHY_PUCCH_CSF,2021-11-29 02:44:47.114167,102,1,865,MODE_1_1,"Type 3, RI Feedback",13,1,0,0,0,PCC,TM_CL_SM,0,0,Rank 2
24,LTE_PHY_PUCCH_CSF,2021-11-29 02:44:47.115220,102,2,865,MODE_1_1,"Type 2, Wideband CQI, PMI Feedback",13,1,5,7,11,PCC,TM_CL_SM,0,0,Rank 1
24,LTE_PHY_PUCCH_CSF,2021-11-29 02:44:47.125235,102,2,866,MODE_1_1,"Type 2, Wideband CQI, PMI Feedback",13,1,5,6,11,PCC,TM_CL_SM,0,0,Rank 1
24,LTE_PHY_PUCCH_CSF,2021-11-29 02:44:47.125235,102,2,866,MODE_1_1,"Type 3, RI Feedback",13,1,0,0,0,PCC,TM_CL_SM,0,0,Rank 2
24,LTE_PHY_PUCCH_CSF,2021-11-29 02:44:47.365251,102,2,890,MODE_1_1,"Type 2, Wideband CQI, PMI Feedback",13,1,4,5,11,PCC,TM_CL_SM,0,0,Rank 1
24,LTE_PHY_PUCCH_CSF,2021-11-29 02:44:47.365251,102,2,890,MODE_1_1,"Type 3, RI Feedback",13,1,0,0,0,PCC,TM_CL_SM,0,0,Rank 2
24,LTE_PHY_PUCCH_CSF,2021-11-29 02:44:47.685238,102,2,922,MODE_1_1,"Type 2, Wideband CQI, PMI Feedback",13,1,6,7,11,PCC,TM_CL_SM,0,0,Rank 1
24,LTE_PHY_PUCCH_CSF,2021-11-29 02:44:47.685238,102,2,922,MODE_1_1,"Type 3, RI Feedback",13,1,0,0,0,PCC,TM_CL_SM,0,0,Rank 2
24,LTE_PHY_PUCCH_CSF,2021-11-29 02:44:48.005239,102,2,954,MODE_1_1,"Type 2, Wideband CQI, PMI Feedback",13,1,5,4,2,PCC,TM_CL_SM,0,0,Rank 1
24,LTE_PHY_PUCCH_CSF,2021-11-29 02:44:48.005239,102,2,954,MODE_1_1,"Type 3, RI Feedback",13,1,0,0,0,PCC,TM_CL_SM,0,0,Rank 2
24,LTE_PHY_PUCCH_CSF,2021-11-29 02:44:48.325246,102,2,986,MODE_1_1,"Type 2, Wideband CQI, PMI Feedback",13,1,6,6,11,PCC,TM_CL_SM,0,0,Rank 1
24,LTE_PHY_PUCCH_CSF,2021-11-29 02:44:48.325246,102,2,986,MODE_1_1,"Type 3, RI Feedback",13,1,0,0,0,PCC,TM_CL_SM,0,0,Rank 2
24,LTE_PHY_PUCCH_CSF,2021-11-29 02:38:24.795376,102,1,521,MODE_1_1,"Type 3, RI Feedback",13,1,0,0,0,SCC,TM_CL_SM,0,0,Rank 2
24,LTE_PHY_PUCCH_CSF,2021-11-29 02:38:24.836727,102,2,525,MODE_1_1,"Type 2, Wideband CQI, PMI Feedback",10,1,6,5,4,PCC,TM_CL_SM,0,0,Rank 1
24,LTE_PHY_PUCCH_CSF,2021-11-29 02:38:24.875665,102,1,529,MODE_1_1,"Type 3, RI Feedback",13,1,0,0,0,SCC,TM_CL_SM,0,0,Rank 2
24,LTE_PHY_PUCCH_CSF,2021-11-29 02:38:24.876728,102,2,529,MODE_1_1,"Type 2, Wideband CQI, PMI Feedback",13,1,4,6,1,SCC,TM_CL_SM,0,0,Rank 1
24,LTE_PHY_PUCCH_CSF,2021-11-29 02:38:24.915669,102,1,533,MODE_1_1,"Type 3, RI Feedback",10,1,0,0,0,PCC,TM_CL_SM,0,0,Rank 2
24,LTE_PHY_PUCCH_CSF,2021-11-29 02:38:24.915867,102,2,533,MODE_1_1,"Type 2, Wideband CQI, PMI Feedback",10,1,7,6,10,PCC,TM_CL_SM,0,0,Rank 1
24,LTE_PHY_PUCCH_CSF,2021-11-29 02:50:22.727611,102,6,634,MODE_1_1,"Type 3, RI Feedback",13,1,0,0,0,PCC,TM_CL_SM,0,0,Rank 2
24,LTE_PHY_PUCCH_CSF,2021-11-29 02:50:22.728353,102,7,634,MODE_1_1,"Type 2, Wideband CQI, PMI Feedback",13,1,7,6,11,PCC,TM_CL_SM,0,0,Rank 1
24,LTE_PHY_PUCCH_CSF,2021-11-29 02:50:22.767611,102,6,638,MODE_1_1,"Type 3, RI Feedback",13,1,0,0,0,PCC,TM_CL_SM,0,0,Rank 2
24,LTE_PHY_PUCCH_CSF,2021-11-29 02:50:22.768005,102,7,638,MODE_1_1,"Type 2, Wideband CQI, PMI Feedback",13,1,6,6,11,PCC,TM_CL_SM,0,0,Rank 1
24,LTE_PHY_PUCCH_CSF,2021-11-29 02:50:22.807607,102,6,642,MODE_1_1,"Type 3, RI Feedback",13,1,0,0,0,PCC,TM_CL_SM,0,0,Rank 2
24,LTE_PHY_PUCCH_CSF,2021-11-29 02:50:22.808163,102,7,642,MODE_1_1,"Type 2, Wideband CQI, PMI Feedback",13,1,6,6,11,PCC,TM_CL_SM,0,0,Rank 1
24,LTE_PHY_PUCCH_CSF,2021-11-29 02:50:22.847610,102,6,646,MODE_1_1,"Type 3, RI Feedback",13,1,0,0,0,PCC,TM_CL_SM,0,0,Rank 2
24,LTE_PHY_PUCCH_CSF,2021-11-29 02:50:22.848167,102,7,646,MODE_1_1,"Type 2, Wideband CQI, PMI Feedback",13,1,7,6,11,PCC,TM_CL_SM,0,0,Rank 1
24,LTE_PHY_PUCCH_CSF,2021-11-29 02:50:22.886952,102,6,650,MODE_1_1,"Type 3, RI Feedback",13,1,0,0,0,PCC,TM_CL_SM,0,0,Rank 2
