log_msg_len,type_id,timestamp,Version,Num SubPkt,SubPacket ID,Version,SubPacket Size,Num Samples,Samples,Sub Id,Cell Id,Sub-FN,SFN,RNTI Type,HARQ ID,Area ID,PMCH ID,DL TBS (bytes),RLC PDUs,Padding (bytes),HDR LEN,Mac Hdr + CE,Header Field,LC ID,Len,Sub Id,Cell Id,Sub-FN,SFN,RNTI Type,HARQ ID,Area ID,PMCH ID,DL TBS (bytes),RLC PDUs,Padding (bytes),HDR LEN,Mac Hdr + CE,Header Field,LC ID,Len,Header Field,LC ID,Len,Sub Id,Cell Id,Sub-FN,SFN,RNTI Type,HARQ ID,Area ID,PMCH ID,DL TBS (bytes),RLC PDUs,Padding (bytes),HDR LEN,Mac Hdr + CE,Header Field,LC ID,Len,Sub Id,Cell Id,Sub-FN,SFN,RNTI Type,HARQ ID,Area ID,PMCH ID,DL TBS (bytes),RLC PDUs,Padding (bytes),HDR LEN,Mac Hdr + CE,Header Field,LC ID,Len,Header Field,LC ID,Len,Sub Id,Cell Id,Sub-FN,SFN,RNTI Type,HARQ ID,Area ID,PMCH ID,DL TBS (bytes),RLC PDUs,Padding (bytes),HDR LEN,Mac Hdr + CE,Header Field,LC ID,Len,Sub Id,Cell Id,Sub-FN,SFN,RNTI Type,HARQ ID,Area ID,PMCH ID,DL TBS (bytes),RLC PDUs,Padding (bytes),HDR LEN,Mac Hdr + CE,Header Field,LC ID,Len,Header Field,LC ID,Len,Sub Id,Cell Id,Sub-FN,SFN,RNTI Type,HARQ ID,Area ID,PMCH ID,DL TBS (bytes),RLC PDUs,Padding (bytes),HDR LEN,Mac Hdr + CE,Header Field,LC ID,Len,Sub Id,Cell Id,Sub-FN,SFN,RNTI Type,HARQ ID,Area ID,PMCH ID,DL TBS (bytes),RLC PDUs,Padding (bytes),HDR LEN,Mac Hdr + CE,Header Field,LC ID,Len,Header Field,LC ID,Len,Sub Id,Cell Id,Sub-FN,SFN,RNTI Type,HARQ ID,Area ID,PMCH ID,DL TBS (bytes),RLC PDUs,Padding (bytes),HDR LEN,Mac Hdr + CE,Header Field,LC ID,Len,Sub Id,Cell Id,Sub-FN,SFN,RNTI Type,HARQ ID,Area ID,PMCH ID,DL TBS (bytes),RLC PDUs,Padding (bytes),HDR LEN,Mac Hdr + CE,Header Field,LC ID,Len,Header Field,LC ID,Len,Sub Id,Cell Id,Sub-FN,SFN,RNTI Type,HARQ ID,Area ID,PMCH ID,DL TBS (bytes),RLC PDUs,Padding (bytes),HDR LEN,Mac Hdr + CE,Header Field,LC ID,Len,Header Field,LC ID,Len,Sub Id,Cell Id,Sub-FN,SFN,RNTI Type,HARQ ID,Area ID,PMCH ID,DL TBS (bytes),RLC PDUs,Padding (bytes),HDR LEN,Mac Hdr + CE,Header Field,LC ID,Len,Sub Id,Cell Id,Sub-FN,SFN,RNTI Type,HARQ ID,Area ID,PMCH ID,DL TBS (bytes),RLC PDUs,Padding (bytes),HDR LEN,Mac Hdr + CE,Header Field,LC ID,Len,Header Field,LC ID,Len,Sub Id,Cell Id,Sub-FN,SFN,RNTI Type,HARQ ID,Area ID,PMCH ID,DL TBS (bytes),RLC PDUs,Padding (bytes),HDR LEN,Mac Hdr + CE,Header Field,LC ID,Len,Header Field,LC ID,Len,Sub Id,Cell Id,Sub-FN,SFN,RNTI Type,HARQ ID,Area ID,PMCH ID,DL TBS (bytes),RLC PDUs,Padding (bytes),HDR LEN,Mac Hdr + CE,Header Field,LC ID,Len,Sub Id,Cell Id,Sub-FN,SFN,RNTI Type,HARQ ID,Area ID,PMCH ID,DL TBS (bytes),RLC PDUs,Padding (bytes),HDR LEN,Mac Hdr + CE,Header Field,LC ID,Len,Header Field,LC ID,Len,Sub Id,Cell Id,Sub-FN,SFN,RNTI Type,HARQ ID,Area ID,PMCH ID,DL TBS (bytes),RLC PDUs,Padding (bytes),HDR LEN,Mac Hdr + CE,Header Field,LC ID,Len,Header Field,LC ID,Len,Sub Id,Cell Id,Sub-FN,SFN,RNTI Type,HARQ ID,Area ID,PMCH ID,DL TBS (bytes),RLC PDUs,Padding (bytes),HDR LEN,Mac Hdr + CE,Header Field,LC ID,Len,Sub Id,Cell Id,Sub-FN,SFN,RNTI Type,HARQ ID,Area ID,PMCH ID,DL TBS (bytes),RLC PDUs,Padding (bytes),HDR LEN,Mac Hdr + CE,Header Field,LC ID,Len,Header Field,LC ID,Len,Sub Id,Cell Id,Sub-FN,SFN,RNTI Type,HARQ ID,Area ID,PMCH ID,DL TBS (bytes),RLC PDUs,Padding (bytes),HDR LEN,Mac Hdr + CE,Header Field,LC ID,Len,Sub Id,Cell Id,Sub-FN,SFN,RNTI Type,HARQ ID,Area ID,PMCH ID,DL TBS (bytes),RLC PDUs,Padding (bytes),HDR LEN,Mac Hdr + CE,Header Field,LC ID,Len,Header Field,LC ID,Len,Sub Id,Cell Id,Sub-FN,SFN,RNTI Type,HARQ ID,Area ID,PMCH ID,DL TBS (bytes),RLC PDUs,Padding (bytes),HDR LEN,Mac Hdr + CE,Header Field,LC ID,Len,Header Field,LC ID,Len,Sub Id,Cell Id,Sub-FN,SFN,RNTI Type,HARQ ID,Area ID,PMCH ID,DL TBS (bytes),RLC PDUs,Padding (bytes),HDR LEN,Mac Hdr + CE,Header Field,LC ID,Len,Sub Id,Cell Id,Sub-FN,SFN,RNTI Type,HARQ ID,Area ID,PMCH ID,DL TBS (bytes),RLC PDUs,Padding (bytes),HDR LEN,Mac Hdr + CE,Header Field,LC ID,Len,Header Field,LC ID,Len,Sub Id,Cell Id,Sub-FN,SFN,RNTI Type,HARQ ID,Area ID,PMCH ID,DL TBS (bytes),RLC PDUs,Padding (bytes),HDR LEN,Mac Hdr + CE,Header Field,LC ID,Len,Sub Id,Cell Id,Sub-FN,SFN,RNTI Type,HARQ ID,Area ID,PMCH ID,DL TBS (bytes),RLC PDUs,Padding (bytes),HDR LEN,Mac Hdr + CE,Header Field,LC ID,Len,Header Field,LC ID,Len,Sub Id,Cell Id,Sub-FN,SFN,RNTI Type,HARQ ID,Area ID,PMCH ID,DL TBS (bytes),RLC PDUs,Padding (bytes),HDR LEN,Mac Hdr + CE,Header Field,LC ID,Len,Sub Id,Cell Id,Sub-FN,SFN,RNTI Type,HARQ ID,Area ID,PMCH ID,DL TBS (bytes),RLC PDUs,Padding (bytes),HDR LEN,Mac Hdr + CE,Header Field,LC ID,Len,Header Field,LC ID,Len,Sub Id,Cell Id,Sub-FN,SFN,RNTI Type,HARQ ID,Area ID,PMCH ID,DL TBS (bytes),RLC PDUs,Padding (bytes),HDR LEN,Mac Hdr + CE,Header Field,LC ID,Len,Header Field,LC ID,Len,Sub Id,Cell Id,Sub-FN,SFN,RNTI Type,HARQ ID,Area ID,PMCH ID,DL TBS (bytes),RLC PDUs,Padding (bytes),HDR LEN,Mac Hdr + CE,Header Field,LC ID,Len
520,LTE_MAC_DL_Transport_Block,2021-11-29 14:56:16.966348,1,1,DL Transport Block,4,504,30,,1,0,9,983,C-RNTI,2,0,0,125,1,0,1,,3,3,0,1,0,9,983,C-RNTI,2,0,0,193,1,22,4,,35,3,167,31,Padding,-1,1,0,0,984,C-RNTI,7,0,0,389,1,0,1,,3,3,0,1,0,0,984,C-RNTI,7,0,0,225,1,19,4,,35,3,202,31,Padding,-1,1,0,0,984,C-RNTI,6,0,0,1764,1,0,1,,3,3,0,1,0,0,984,C-RNTI,6,0,0,2292,1,157,4,,35,3,2131,31,Padding,-1,1,0,1,984,C-RNTI,5,0,0,437,1,0,1,,3,3,0,1,0,1,984,C-RNTI,5,0,0,225,1,12,4,,35,3,209,31,Padding,-1,1,0,1,984,C-RNTI,3,0,0,2769,1,0,1,,3,3,0,1,0,1,984,C-RNTI,3,0,0,3302,1,393,4,,35,3,2905,31,Padding,-1,1,0,2,984,C-RNTI,4,0,0,301,1,4,4,,35,3,293,31,Padding,-1,1,0,2,984,C-RNTI,0,0,0,2196,1,0,1,,3,3,0,1,0,2,984,C-RNTI,0,0,0,2577,1,158,4,,35,3,2415,31,Padding,-1,1,0,3,984,C-RNTI,1,0,0,125,1,4,3,,35,3,118,31,Padding,-1,1,0,3,984,C-RNTI,4,0,0,453,1,0,1,,3,3,0,1,0,3,984,C-RNTI,4,0,0,645,1,38,4,,35,3,603,31,Padding,-1,1,0,3,985,C-RNTI,3,0,0,153,1,3,4,,35,3,146,31,Padding,-1,1,0,3,985,C-RNTI,5,0,0,717,1,0,1,,3,3,0,1,0,3,985,C-RNTI,5,0,0,717,1,127,4,,35,3,586,31,Padding,-1,1,0,0,986,C-RNTI,7,0,0,1143,1,0,1,,3,3,0,1,0,0,986,C-RNTI,7,0,0,1527,1,66,4,,35,3,1457,31,Padding,-1,1,0,8,986,C-RNTI,6,0,0,301,1,4,4,,35,3,293,31,Padding,-1,1,0,8,986,C-RNTI,1,0,0,2577,1,0,1,,3,3,0,1,0,8,986,C-RNTI,1,0,0,2769,1,144,4,,35,3,2621,31,Padding,-1,1,0,9,986,C-RNTI,2,0,0,309,1,0,1,,3,3,0,1,0,9,986,C-RNTI,2,0,0,309,1,29,4,,35,3,276,31,Padding,-1,1,0,0,987,C-RNTI,0,0,0,217,1,0,1,,3,3,0,1,0,0,987,C-RNTI,0,0,0,97,1,12,3,,35,3,82,31,Padding,-1,1,0,0,987,C-RNTI,6,0,0,1383,1,165,4,,35,3,1214,31,Padding,-1,1,0,1,987,C-RNTI,3,0,0,1287,1,0,1,,3,3,0
512,LTE_MAC_DL_Transport_Block,2021-11-29 14:56:16.979121,1,1,DL Transport Block,4,496,30,,1,0,2,987,C-RNTI,0,0,0,153,1,0,1,,3,3,0,1,0,2,987,C-RNTI,0,0,0,153,1,5,4,,35,3,144,31,Padding,-1,1,0,3,987,C-RNTI,2,0,0,437,1,0,1,,3,3,0,1,0,3,987,C-RNTI,2,0,0,201,1,42,4,,35,3,155,31,Padding,-1,1,0,4,987,C-RNTI,7,0,0,217,1,0,1,,3,3,0,1,0,4,987,C-RNTI,7,0,0,97,1,12,3,,35,3,82,31,Padding,-1,1,0,4,987,C-RNTI,5,0,0,1287,1,0,1,,3,3,0,1,0,4,987,C-RNTI,5,0,0,1383,1,69,4,,35,3,1310,31,Padding,-1,1,0,5,987,C-RNTI,5,0,0,217,1,0,1,,3,3,0,1,0,5,987,C-RNTI,5,0,0,97,1,12,3,,35,3,82,31,Padding,-1,1,0,5,987,C-RNTI,7,0,0,1383,1,165,4,,35,3,1214,31,Padding,-1,1,0,6,987,C-RNTI,4,0,0,437,1,0,1,,3,3,0,1,0,6,987,C-RNTI,4,0,0,173,1,14,4,,35,3,155,31,Padding,-1,1,0,8,987,C-RNTI,6,0,0,1383,1,0,1,,3,3,0,1,0,9,987,C-RNTI,1,0,0,717,1,0,1,,3,3,0,1,0,9,987,C-RNTI,1,0,0,405,1,95,4,,35,3,306,31,Padding,-1,1,0,9,987,C-RNTI,3,0,0,1527,1,206,4,,35,3,1317,31,Padding,-1,1,0,1,988,C-RNTI,3,0,0,193,1,0,1,,3,3,0,1,0,1,988,C-RNTI,3,0,0,113,1,19,3,,35,3,91,31,Padding,-1,1,0,1,988,C-RNTI,4,0,0,2577,1,0,1,,3,3,0,1,0,1,988,C-RNTI,4,0,0,2769,1,154,4,,35,3,2611,31,Padding,-1,1,0,2,988,C-RNTI,6,0,0,717,1,0,1,,3,3,0,1,0,2,988,C-RNTI,6,0,0,405,1,122,4,,35,3,279,31,Padding,-1,1,0,3,988,C-RNTI,0,0,0,437,1,0,1,,3,3,0,1,0,3,988,C-RNTI,0,0,0,225,1,66,4,,35,3,155,31,Padding,-1,1,0,3,988,C-RNTI,7,0,0,1383,1,0,1,,3,3,0,1,0,3,988,C-RNTI,7,0,0,1527,1,0,1,,3,3,0,1,0,4,988,C-RNTI,2,0,0,309,1,0,1,,3,3,0,1,0,4,988,C-RNTI,2,0,0,101,1,30,3,,35,3,68,31,Padding,-1,1,0,4,988,C-RNTI,1,0,0,2577,1,0,1,,3,3,0,,,,,,,,,
252,LTE_MAC_DL_Transport_Block,2021-11-29 14:56:16.983122,1,1,DL Transport Block,4,236,14,,1,0,4,988,C-RNTI,1,0,0,3062,1,444,4,,35,3,2614,31,Padding,-1,1,0,5,988,C-RNTI,5,0,0,1383,1,0,1,,3,3,0,1,0,5,988,C-RNTI,5,0,0,1620,1,32,4,,35,3,1584,31,Padding,-1,1,0,6,988,C-RNTI,7,0,0,775,1,0,1,,3,3,0,1,0,6,988,C-RNTI,7,0,0,573,1,98,4,,35,3,471,31,Padding,-1,1,0,6,988,C-RNTI,6,0,0,1287,1,0,1,,3,3,0,1,0,6,988,C-RNTI,6,0,0,1527,1,0,1,,3,3,0,1,0,7,988,C-RNTI,5,0,0,549,1,0,1,,3,3,0,1,0,7,988,C-RNTI,5,0,0,341,1,33,4,,35,3,304,31,Padding,-1,1,0,7,988,C-RNTI,3,0,0,1527,1,0,1,,3,3,0,1,0,8,988,C-RNTI,4,0,0,999,1,0,1,,3,3,0,1,0,8,988,C-RNTI,4,0,0,645,1,161,4,,35,3,480,31,Padding,-1,1,0,8,988,C-RNTI,2,0,0,3062,2,0,4,,63,Padding,-1,35,3,2,3,3,0,1,0,8,988,C-RNTI,2,0,0,3062,1,0,1,,3,3,0,,,,,,,,,,,,,,,,,,,,,,,,,,,,,,,,,,,,,,,,,,,,,,,,,,,,,,,,,,,,,,,,,,,,,,,,,,,,,,,,,,,,,,,,,,,,,,,,,,,,,,,,,,,,,,,,,,,,,,,,,,,,,,,,,,,,,,,,,,,,,,,,,,,,,,,,,,,,,,,,,,,,,,,,,,,,,,,,,,,,,,,,,,,,,,,,,,,,,,,,,,,,,,,,,,,,,,,,,,,,,,,,,,,,,,,,,,,,,,,,,,,,,,,,,,,,,,,,,,,,,,,,,,,,,,,,,,,,,,,,,,,,,,
508,LTE_MAC_DL_Transport_Block,2021-11-29 14:56:16.992060,1,1,DL Transport Block,4,492,30,,1,0,0,989,C-RNTI,1,0,0,1692,1,0,1,,3,3,0,1,0,0,989,C-RNTI,1,0,0,903,1,60,4,,35,3,839,31,Padding,-1,1,0,0,989,C-RNTI,0,0,0,4395,1,0,1,,3,3,0,1,0,0,989,C-RNTI,0,0,0,4395,1,20,4,,35,3,4371,31,Padding,-1,1,0,1,989,C-RNTI,3,0,0,285,1,0,1,,3,3,0,1,0,1,989,C-RNTI,3,0,0,161,1,0,1,,3,3,0,1,0,1,989,C-RNTI,7,0,0,3062,1,0,1,,3,3,0,1,0,1,989,C-RNTI,7,0,0,3662,1,130,4,,35,3,3528,31,Padding,-1,1,0,2,989,C-RNTI,6,0,0,1383,1,0,1,,3,3,0,1,0,2,989,C-RNTI,6,0,0,871,1,85,4,,35,3,782,31,Padding,-1,1,0,2,989,C-RNTI,1,0,0,1383,1,0,1,,3,3,0,1,0,2,989,C-RNTI,1,0,0,1908,1,115,4,,35,3,1789,31,Padding,-1,1,0,3,989,C-RNTI,0,0,0,1143,1,0,1,,3,3,0,1,0,3,989,C-RNTI,0,0,0,775,1,126,4,,35,3,645,31,Padding,-1,1,0,3,989,C-RNTI,5,0,0,1764,1,0,1,,3,3,0,1,0,3,989,C-RNTI,5,0,0,2385,1,74,4,,35,3,2307,31,Padding,-1,1,0,4,989,C-RNTI,6,0,0,97,1,0,1,,3,3,0,1,0,4,989,C-RNTI,6,0,0,161,1,23,4,,35,3,134,31,Padding,-1,1,0,5,989,C-RNTI,2,0,0,217,1,0,1,,3,3,0,1,0,5,989,C-RNTI,2,0,0,113,1,21,3,,35,3,89,31,Padding,-1,1,0,5,989,C-RNTI,3,0,0,1095,1,0,1,,3,3,0,1,0,5,989,C-RNTI,3,0,0,1692,1,0,1,,3,3,0,1,0,6,989,C-RNTI,7,0,0,325,1,0,1,,3,3,0,1,0,6,989,C-RNTI,7,0,0,173,1,36,4,,35,3,133,31,Padding,-1,1,0,6,989,C-RNTI,2,0,0,1764,1,0,1,,3,3,0,1,0,6,989,C-RNTI,2,0,0,2385,1,137,4,,35,3,2244,31,Padding,-1,1,0,7,989,C-RNTI,5,0,0,437,1,0,1,,3,3,0,1,0,7,989,C-RNTI,5,0,0,225,1,66,4,,35,3,155,31,Padding,-1,1,0,7,989,C-RNTI,4,0,0,2577,1,0,1,,3,3,0,1,0,7,989,C-RNTI,4,0,0,2769,1,0,1,,3,3,0,,,,,,,,,,,,,,,
516,LTE_MAC_DL_Transport_Block,2021-11-29 14:56:17.010752,1,1,DL Transport Block,4,500,30,,1,0,8,989,C-RNTI,4,0,0,309,1,0,1,,3,3,0,1,0,8,989,C-RNTI,4,0,0,137,1,57,3,,35,3,77,31,Padding,-1,1,0,8,989,C-RNTI,0,0,0,1479,1,0,1,,3,3,0,1,0,8,989,C-RNTI,0,0,0,1908,1,10,4,,35,3,1894,31,Padding,-1,1,0,9,989,C-RNTI,1,0,0,437,1,0,1,,3,3,0,1,0,9,989,C-RNTI,1,0,0,225,1,67,4,,35,3,154,31,Padding,-1,1,0,9,989,C-RNTI,7,0,0,1031,1,0,1,,3,3,0,1,0,9,989,C-RNTI,7,0,0,1287,1,7,4,,35,3,1276,31,Padding,-1,1,0,0,990,C-RNTI,3,0,0,389,1,0,1,,3,3,0,1,0,0,990,C-RNTI,3,0,0,225,1,19,4,,35,3,202,31,Padding,-1,1,0,0,990,C-RNTI,1,0,0,2577,1,0,1,,3,3,0,1,0,0,990,C-RNTI,1,0,0,2769,1,155,4,,35,3,2610,31,Padding,-1,1,0,1,990,C-RNTI,6,0,0,193,1,0,1,,3,3,0,1,0,1,990,C-RNTI,6,0,0,141,1,32,3,,35,3,106,31,Padding,-1,1,0,1,990,C-RNTI,5,0,0,1143,1,0,1,,3,3,0,1,0,1,990,C-RNTI,5,0,0,1527,1,69,4,,35,3,1454,31,Padding,-1,1,0,3,990,C-RNTI,6,0,0,1063,1,0,1,,3,3,0,1,0,3,990,C-RNTI,6,0,0,1620,1,97,4,,35,3,1519,31,Padding,-1,1,0,4,990,C-RNTI,0,0,0,253,1,0,1,,3,3,0,1,0,4,990,C-RNTI,0,0,0,137,1,32,3,,35,3,102,31,Padding,-1,1,0,4,990,C-RNTI,3,0,0,1287,1,0,1,,3,3,0,1,0,4,990,C-RNTI,3,0,0,1692,1,123,4,,35,3,1565,31,Padding,-1,1,0,5,990,C-RNTI,2,0,0,453,1,0,1,,3,3,0,1,0,5,990,C-RNTI,2,0,0,153,1,10,4,,35,3,139,31,Padding,-1,1,0,5,990,C-RNTI,2,0,0,2769,1,0,1,,3,3,0,1,0,5,990,C-RNTI,2,0,0,2769,1,343,4,,35,3,2422,31,Padding,-1,1,0,7,990,C-RNTI,4,0,0,141,1,0,1,,3,3,0,1,0,7,990,C-RNTI,4,0,0,217,1,17,4,,35,3,196,31,Padding,-1,1,0,6,991,C-RNTI,7,0,0,389,1,0,1,,3,3,0,1,0,6,991,C-RNTI,7,0,0,253,1,1,4,,35,3,248,31,Padding,-1,,,,,,
40,LTE_MAC_DL_Transport_Block,2021-11-29 15:03:27.938100,1,1,DL Transport Block,4,24,1,,1,0,2,52,C-RNTI,1,0,0,22,1,10,3,,33,1,9,31,Padding,-1,,,,,,,,,,,,,,,,,,,,,,,,,,,,,,,,,,,,,,,,,,,,,,,,,,,,,,,,,,,,,,,,,,,,,,,,,,,,,,,,,,,,,,,,,,,,,,,,,,,,,,,,,,,,,,,,,,,,,,,,,,,,,,,,,,,,,,,,,,,,,,,,,,,,,,,,,,,,,,,,,,,,,,,,,,,,,,,,,,,,,,,,,,,,,,,,,,,,,,,,,,,,,,,,,,,,,,,,,,,,,,,,,,,,,,,,,,,,,,,,,,,,,,,,,,,,,,,,,,,,,,,,,,,,,,,,,,,,,,,,,,,,,,,,,,,,,,,,,,,,,,,,,,,,,,,,,,,,,,,,,,,,,,,,,,,,,,,,,,,,,,,,,,,,,,,,,,,,,,,,,,,,,,,,,,,,,,,,,,,,,,,,,,,,,,,,,,,,,,,,,,,,,,,,,,,,,,,,,,,,,,,,,,,,,,,,,,,,,,,,,,,,,,,,,,,,,,,,,,,,,,,,,,,,,,,,,,,,,,,,,,,,,,,,,,,,,,,,,,,,,,,,,,,,,,,,
44,LTE_MAC_DL_Transport_Block,2021-11-29 15:03:28.268855,1,1,DL Transport Block,4,28,1,,1,0,9,82,P-RNTI,1,0,0,7,0,0,7,,,,,,,,,,,,,,,,,,,,,,,,,,,,,,,,,,,,,,,,,,,,,,,,,,,,,,,,,,,,,,,,,,,,,,,,,,,,,,,,,,,,,,,,,,,,,,,,,,,,,,,,,,,,,,,,,,,,,,,,,,,,,,,,,,,,,,,,,,,,,,,,,,,,,,,,,,,,,,,,,,,,,,,,,,,,,,,,,,,,,,,,,,,,,,,,,,,,,,,,,,,,,,,,,,,,,,,,,,,,,,,,,,,,,,,,,,,,,,,,,,,,,,,,,,,,,,,,,,,,,,,,,,,,,,,,,,,,,,,,,,,,,,,,,,,,,,,,,,,,,,,,,,,,,,,,,,,,,,,,,,,,,,,,,,,,,,,,,,,,,,,,,,,,,,,,,,,,,,,,,,,,,,,,,,,,,,,,,,,,,,,,,,,,,,,,,,,,,,,,,,,,,,,,,,,,,,,,,,,,,,,,,,,,,,,,,,,,,,,,,,,,,,,,,,,,,,,,,,,,,,,,,,,,,,,,,,,,,,,,,,,,,,,,,,,,,,,,,,,,,,,,,,,,,,,,,,,,,,,
100,LTE_MAC_DL_Transport_Block,2021-11-29 14:57:47.091421,1,1,DL Transport Block,4,84,5,,1,0,4,781,C-RNTI,2,0,0,11,1,6,3,,35,3,2,31,Padding,-1,1,0,3,783,C-RNTI,7,0,0,1239,1,0,1,,3,3,0,1,0,4,783,C-RNTI,0,0,0,1383,1,0,3,,59,Activation/Deactivation (1 octet),1,2,3,3,0,1,0,5,783,C-RNTI,1,0,0,1335,1,0,1,,3,3,0,1,0,6,783,C-RNTI,6,0,0,437,1,0,1,,3,3,0,,,,,,,,,,,,,,,,,,,,,,,,,,,,,,,,,,,,,,,,,,,,,,,,,,,,,,,,,,,,,,,,,,,,,,,,,,,,,,,,,,,,,,,,,,,,,,,,,,,,,,,,,,,,,,,,,,,,,,,,,,,,,,,,,,,,,,,,,,,,,,,,,,,,,,,,,,,,,,,,,,,,,,,,,,,,,,,,,,,,,,,,,,,,,,,,,,,,,,,,,,,,,,,,,,,,,,,,,,,,,,,,,,,,,,,,,,,,,,,,,,,,,,,,,,,,,,,,,,,,,,,,,,,,,,,,,,,,,,,,,,,,,,,,,,,,,,,,,,,,,,,,,,,,,,,,,,,,,,,,,,,,,,,,,,,,,,,,,,,,,,,,,,,,,,,,,,,,,,,,,,,,,,,,,,,,,,,,,,,,,,,,,,,,,,,,,,,,,,,,,,,,,,,,,,,,,,,,,,,,,,,,,,,,,,,,,,,,,,,,,,,,
460,LTE_MAC_DL_Transport_Block,2021-11-29 14:57:47.141437,1,1,DL Transport Block,4,444,28,,1,0,9,783,C-RNTI,4,0,0,1239,1,0,1,,3,3,0,1,0,0,784,C-RNTI,3,0,0,301,1,0,1,,3,3,0,1,0,2,784,C-RNTI,7,0,0,1239,1,0,1,,3,3,0,1,0,3,784,C-RNTI,0,0,0,1383,1,0,1,,3,3,0,1,0,4,784,C-RNTI,1,0,0,1335,1,0,1,,3,3,0,1,0,5,784,C-RNTI,6,0,0,437,1,97,4,,35,3,336,31,Padding,-1,1,0,7,784,C-RNTI,4,0,0,1239,1,0,1,,3,3,0,1,0,8,784,C-RNTI,3,0,0,301,1,15,4,,35,3,282,31,Padding,-1,1,0,4,785,C-RNTI,5,0,0,1143,1,0,1,,3,3,0,1,0,4,785,C-RNTI,5,0,0,1143,1,0,1,,3,3,0,1,0,5,785,C-RNTI,2,0,0,1479,1,0,1,,3,3,0,1,0,5,785,C-RNTI,2,0,0,1479,1,0,1,,3,3,0,1,0,6,785,C-RNTI,7,0,0,1479,1,0,1,,3,3,0,1,0,7,785,C-RNTI,0,0,0,253,1,0,1,,3,3,0,1,0,8,785,C-RNTI,1,0,0,1239,1,0,1,,3,3,0,1,0,9,785,C-RNTI,6,0,0,1527,1,0,1,,3,3,0,1,0,0,786,C-RNTI,4,0,0,141,1,0,1,,3,3,0,1,0,1,786,C-RNTI,3,0,0,1431,1,0,1,,3,3,0,1,0,2,786,C-RNTI,5,0,0,1431,1,0,1,,3,3,0,1,0,3,786,C-RNTI,2,0,0,85,1,18,3,,35,3,64,31,Padding,-1,1,0,4,786,C-RNTI,7,0,0,1479,1,1346,4,,35,3,129,31,Padding,-1,1,0,4,786,C-RNTI,7,0,0,1479,1,0,1,,3,3,0,1,0,6,786,C-RNTI,0,0,0,253,1,19,4,,35,3,230,31,Padding,-1,1,0,7,786,C-RNTI,1,0,0,1239,1,0,1,,3,3,0,1,0,8,786,C-RNTI,6,0,0,1527,1,0,1,,3,3,0,1,0,9,786,C-RNTI,4,0,0,141,1,20,3,,35,3,118,31,Padding,-1,1,0,0,787,C-RNTI,3,0,0,1431,1,0,1,,3,3,0,1,0,1,787,C-RNTI,5,0,0,1431,1,0,1,,3,3,0,,,,,,,,,,,,,,,,,,,,,,,,,,,,,,,,,,,,,,,,,,,,,,,,,,,,,,,,,,,,,,,,,
40,LTE_MAC_DL_Transport_Block,2021-11-29 14:58:08.841282,1,1,DL Transport Block,4,24,1,,1,0,2,910,C-RNTI,6,0,0,22,1,17,3,,35,3,2,31,Padding,-1,,,,,,,,,,,,,,,,,,,,,,,,,,,,,,,,,,,,,,,,,,,,,,,,,,,,,,,,,,,,,,,,,,,,,,,,,,,,,,,,,,,,,,,,,,,,,,,,,,,,,,,,,,,,,,,,,,,,,,,,,,,,,,,,,,,,,,,,,,,,,,,,,,,,,,,,,,,,,,,,,,,,,,,,,,,,,,,,,,,,,,,,,,,,,,,,,,,,,,,,,,,,,,,,,,,,,,,,,,,,,,,,,,,,,,,,,,,,,,,,,,,,,,,,,,,,,,,,,,,,,,,,,,,,,,,,,,,,,,,,,,,,,,,,,,,,,,,,,,,,,,,,,,,,,,,,,,,,,,,,,,,,,,,,,,,,,,,,,,,,,,,,,,,,,,,,,,,,,,,,,,,,,,,,,,,,,,,,,,,,,,,,,,,,,,,,,,,,,,,,,,,,,,,,,,,,,,,,,,,,,,,,,,,,,,,,,,,,,,,,,,,,,,,,,,,,,,,,,,,,,,,,,,,,,,,,,,,,,,,,,,,,,,,,,,,,,,,,,,,,,,,,,,,,,,,,
108,LTE_MAC_DL_Transport_Block,2021-11-29 14:58:08.890916,1,1,DL Transport Block,4,92,5,,1,0,0,911,C-RNTI,7,0,0,253,1,0,1,,3,3,0,1,0,0,911,C-RNTI,7,0,0,26,1,16,3,,35,3,7,31,Padding,-1,1,0,5,913,C-RNTI,0,0,0,141,1,9,4,,35,3,128,31,Padding,-1,1,0,2,915,C-RNTI,1,0,0,22,1,17,3,,35,3,2,31,Padding,-1,1,0,6,915,C-RNTI,2,0,0,97,1,10,3,,35,3,84,31,Padding,-1,,,,,,,,,,,,,,,,,,,,,,,,,,,,,,,,,,,,,,,,,,,,,,,,,,,,,,,,,,,,,,,,,,,,,,,,,,,,,,,,,,,,,,,,,,,,,,,,,,,,,,,,,,,,,,,,,,,,,,,,,,,,,,,,,,,,,,,,,,,,,,,,,,,,,,,,,,,,,,,,,,,,,,,,,,,,,,,,,,,,,,,,,,,,,,,,,,,,,,,,,,,,,,,,,,,,,,,,,,,,,,,,,,,,,,,,,,,,,,,,,,,,,,,,,,,,,,,,,,,,,,,,,,,,,,,,,,,,,,,,,,,,,,,,,,,,,,,,,,,,,,,,,,,,,,,,,,,,,,,,,,,,,,,,,,,,,,,,,,,,,,,,,,,,,,,,,,,,,,,,,,,,,,,,,,,,,,,,,,,,,,,,,,,,,,,,,,,,,,,,,,,,,,,,,,,,,,,,,,,,,,,,,,,,,,,,,,,,,,,
108,LTE_MAC_DL_Transport_Block,2021-11-29 14:58:08.991266,1,1,DL Transport Block,4,92,5,,1,0,5,921,C-RNTI,3,0,0,11,1,6,3,,35,3,2,31,Padding,-1,1,0,2,922,C-RNTI,4,0,0,3963,1,14,4,,35,3,3945,31,Padding,-1,1,0,9,922,C-RNTI,5,0,0,85,1,6,3,,35,3,76,31,Padding,-1,1,0,0,923,C-RNTI,6,0,0,285,1,127,4,,35,3,154,31,Padding,-1,1,0,1,923,C-RNTI,7,0,0,85,1,7,3,,35,3,75,31,Padding,-1,,,,,,,,,,,,,,,,,,,,,,,,,,,,,,,,,,,,,,,,,,,,,,,,,,,,,,,,,,,,,,,,,,,,,,,,,,,,,,,,,,,,,,,,,,,,,,,,,,,,,,,,,,,,,,,,,,,,,,,,,,,,,,,,,,,,,,,,,,,,,,,,,,,,,,,,,,,,,,,,,,,,,,,,,,,,,,,,,,,,,,,,,,,,,,,,,,,,,,,,,,,,,,,,,,,,,,,,,,,,,,,,,,,,,,,,,,,,,,,,,,,,,,,,,,,,,,,,,,,,,,,,,,,,,,,,,,,,,,,,,,,,,,,,,,,,,,,,,,,,,,,,,,,,,,,,,,,,,,,,,,,,,,,,,,,,,,,,,,,,,,,,,,,,,,,,,,,,,,,,,,,,,,,,,,,,,,,,,,,,,,,,,,,,,,,,,,,,,,,,,,,,,,,,,,,,,,,,,,,,,,,,,,,,,,,,,,,,
408,LTE_MAC_DL_Transport_Block,2021-11-29 14:58:09.041282,1,1,DL Transport Block,4,392,24,,1,0,4,927,C-RNTI,0,0,0,1836,1,0,1,,3,3,0,1,0,4,927,C-RNTI,0,0,0,1143,1,84,4,,35,3,1055,31,Padding,-1,1,0,5,927,C-RNTI,1,0,0,1980,2,0,4,,63,Padding,-1,35,3,2,3,3,0,1,0,5,927,C-RNTI,1,0,0,1143,1,223,4,,35,3,916,31,Padding,-1,1,0,6,927,C-RNTI,2,0,0,3062,1,0,1,,3,3,0,1,0,6,927,C-RNTI,2,0,0,2196,1,0,1,,3,3,0,1,0,7,927,C-RNTI,3,0,0,389,1,0,1,,3,3,0,1,0,7,927,C-RNTI,3,0,0,173,1,32,4,,35,3,137,31,Padding,-1,1,0,8,927,C-RNTI,4,0,0,3422,1,0,1,,3,3,0,1,0,8,927,C-RNTI,4,0,0,2196,1,0,1,,3,3,0,1,0,9,927,C-RNTI,5,0,0,2961,1,0,1,,3,3,0,1,0,9,927,C-RNTI,5,0,0,2052,1,0,1,,3,3,0,1,0,0,928,C-RNTI,6,0,0,717,1,0,1,,3,3,0,1,0,0,928,C-RNTI,6,0,0,277,1,57,4,,35,3,216,31,Padding,-1,1,0,1,928,C-RNTI,7,0,0,1980,1,0,1,,3,3,0,1,0,1,928,C-RNTI,7,0,0,1239,1,0,1,,3,3,0,1,0,2,928,C-RNTI,0,0,0,1764,1,0,1,,3,3,0,1,0,2,928,C-RNTI,0,0,0,1031,1,220,4,,35,3,807,31,Padding,-1,1,0,3,928,C-RNTI,1,0,0,2577,1,0,1,,3,3,0,1,0,3,928,C-RNTI,1,0,0,1620,1,0,1,,3,3,0,1,0,4,928,C-RNTI,2,0,0,97,1,14,3,,35,3,80,31,Padding,-1,1,0,0,929,C-RNTI,3,0,0,85,1,6,3,,35,3,76,31,Padding,-1,1,0,1,929,C-RNTI,4,0,0,325,1,0,1,,3,3,0,1,0,1,929,C-RNTI,4,0,0,41,1,26,3,,35,3,12,31,Padding,-1,,,,,,,,,,,,,,,,,,,,,,,,,,,,,,,,,,,,,,,,,,,,,,,,,,,,,,,,,,,,,,,,,,,,,,,,,,,,,,,,,,,,,,,,,,,,,,,,,,,,,,,,,,,,,,,,,,,,,
60,LTE_MAC_DL_Transport_Block,2021-11-29 14:57:59.771393,1,1,DL Transport Block,4,44,2,,1,0,8,1022,C-RNTI,5,0,0,97,2,7,5,,33,1,9,35,3,76,31,Padding,-1,1,0,7,0,C-RNTI,2,0,0,22,1,17,3,,35,3,2,31,Padding,-1,,,,,,,,,,,,,,,,,,,,,,,,,,,,,,,,,,,,,,,,,,,,,,,,,,,,,,,,,,,,,,,,,,,,,,,,,,,,,,,,,,,,,,,,,,,,,,,,,,,,,,,,,,,,,,,,,,,,,,,,,,,,,,,,,,,,,,,,,,,,,,,,,,,,,,,,,,,,,,,,,,,,,,,,,,,,,,,,,,,,,,,,,,,,,,,,,,,,,,,,,,,,,,,,,,,,,,,,,,,,,,,,,,,,,,,,,,,,,,,,,,,,,,,,,,,,,,,,,,,,,,,,,,,,,,,,,,,,,,,,,,,,,,,,,,,,,,,,,,,,,,,,,,,,,,,,,,,,,,,,,,,,,,,,,,,,,,,,,,,,,,,,,,,,,,,,,,,,,,,,,,,,,,,,,,,,,,,,,,,,,,,,,,,,,,,,,,,,,,,,,,,,,,,,,,,,,,,,,,,,,,,,,,,,,,,,,,,,,,,,,,,,,,,,,,,,,,,,,,,,,,,,,,,,,,,,,,,,,,,,,,,,,,,,,,
40,LTE_MAC_DL_Transport_Block,2021-11-29 14:56:38.754062,1,1,DL Transport Block,4,24,1,,1,0,6,93,C-RNTI,6,0,0,22,1,17,3,,35,3,2,31,Padding,-1,,,,,,,,,,,,,,,,,,,,,,,,,,,,,,,,,,,,,,,,,,,,,,,,,,,,,,,,,,,,,,,,,,,,,,,,,,,,,,,,,,,,,,,,,,,,,,,,,,,,,,,,,,,,,,,,,,,,,,,,,,,,,,,,,,,,,,,,,,,,,,,,,,,,,,,,,,,,,,,,,,,,,,,,,,,,,,,,,,,,,,,,,,,,,,,,,,,,,,,,,,,,,,,,,,,,,,,,,,,,,,,,,,,,,,,,,,,,,,,,,,,,,,,,,,,,,,,,,,,,,,,,,,,,,,,,,,,,,,,,,,,,,,,,,,,,,,,,,,,,,,,,,,,,,,,,,,,,,,,,,,,,,,,,,,,,,,,,,,,,,,,,,,,,,,,,,,,,,,,,,,,,,,,,,,,,,,,,,,,,,,,,,,,,,,,,,,,,,,,,,,,,,,,,,,,,,,,,,,,,,,,,,,,,,,,,,,,,,,,,,,,,,,,,,,,,,,,,,,,,,,,,,,,,,,,,,,,,,,,,,,,,,,,,,,,,,,,,,,,,,,,,,,,,,,,,
512,LTE_MAC_DL_Transport_Block,2021-11-29 14:56:38.788300,1,1,DL Transport Block,4,496,30,,1,0,2,95,C-RNTI,7,0,0,1287,1,0,1,,3,3,0,1,0,2,95,C-RNTI,7,0,0,1692,1,84,4,,35,3,1604,31,Padding,-1,1,0,3,95,C-RNTI,4,0,0,1431,1,0,1,,3,3,0,1,0,3,95,C-RNTI,4,0,0,1692,1,228,4,,35,3,1460,31,Padding,-1,1,0,4,95,C-RNTI,3,0,0,1287,1,0,1,,3,3,0,1,0,4,95,C-RNTI,3,0,0,1692,1,84,4,,35,3,1604,31,Padding,-1,1,0,5,95,C-RNTI,2,0,0,1287,1,0,1,,3,3,0,1,0,5,95,C-RNTI,2,0,0,1692,1,84,4,,35,3,1604,31,Padding,-1,1,0,7,95,C-RNTI,0,0,0,1287,1,0,1,,3,3,0,1,0,7,95,C-RNTI,0,0,0,1692,1,79,4,,35,3,1609,31,Padding,-1,1,0,8,95,C-RNTI,5,0,0,1431,1,0,1,,3,3,0,1,0,8,95,C-RNTI,5,0,0,1692,1,232,4,,35,3,1456,31,Padding,-1,1,0,0,96,C-RNTI,1,0,0,2577,1,0,1,,3,3,0,1,0,0,96,C-RNTI,1,0,0,2769,1,0,1,,3,3,0,1,0,1,96,C-RNTI,6,0,0,173,1,0,1,,3,3,0,1,0,1,96,C-RNTI,6,0,0,285,1,11,4,,35,3,270,31,Padding,-1,1,0,2,96,C-RNTI,7,0,0,2961,1,0,1,,3,3,0,1,0,2,96,C-RNTI,7,0,0,3182,1,0,1,,3,3,0,1,0,3,96,C-RNTI,4,0,0,1620,1,0,1,,3,3,0,1,0,3,96,C-RNTI,4,0,0,2124,1,346,4,,35,3,1774,31,Padding,-1,1,0,4,96,C-RNTI,3,0,0,1431,1,0,1,,3,3,0,1,0,4,96,C-RNTI,3,0,0,1692,1,228,4,,35,3,1460,31,Padding,-1,1,0,7,96,C-RNTI,2,0,0,1383,1,0,1,,3,3,0,1,0,7,96,C-RNTI,2,0,0,1620,1,108,4,,35,3,1508,31,Padding,-1,1,0,9,96,C-RNTI,0,0,0,1383,1,0,1,,3,3,0,1,0,9,96,C-RNTI,0,0,0,1527,1,15,4,,35,3,1508,31,Padding,-1,1,0,1,97,C-RNTI,5,0,0,1572,1,0,1,,3,3,0,1,0,1,97,C-RNTI,5,0,0,1431,1,108,4,,35,3,1319,31,Padding,-1,1,0,3,97,C-RNTI,1,0,0,1572,1,0,1,,3,3,0,1,0,3,97,C-RNTI,1,0,0,1572,1,249,4,,35,3,1319,31,Padding,-1,,,,,,,,,,,,
140,LTE_MAC_DL_Transport_Block,2021-11-29 14:56:38.804134,1,1,DL Transport Block,4,124,7,,1,0,5,97,C-RNTI,6,0,0,1572,1,0,1,,3,3,0,1,0,5,97,C-RNTI,6,0,0,1572,1,249,4,,35,3,1319,31,Padding,-1,1,0,7,97,C-RNTI,7,0,0,1527,1,0,1,,3,3,0,1,0,7,97,C-RNTI,7,0,0,1383,1,15,4,,35,3,1364,31,Padding,-1,1,0,0,98,C-RNTI,4,0,0,775,1,0,1,,3,3,0,1,0,0,98,C-RNTI,4,0,0,807,1,14,4,,35,3,789,31,Padding,-1,1,0,6,98,C-RNTI,3,0,0,22,1,17,3,,35,3,2,31,Padding,-1,,,,,,,,,,,,,,,,,,,,,,,,,,,,,,,,,,,,,,,,,,,,,,,,,,,,,,,,,,,,,,,,,,,,,,,,,,,,,,,,,,,,,,,,,,,,,,,,,,,,,,,,,,,,,,,,,,,,,,,,,,,,,,,,,,,,,,,,,,,,,,,,,,,,,,,,,,,,,,,,,,,,,,,,,,,,,,,,,,,,,,,,,,,,,,,,,,,,,,,,,,,,,,,,,,,,,,,,,,,,,,,,,,,,,,,,,,,,,,,,,,,,,,,,,,,,,,,,,,,,,,,,,,,,,,,,,,,,,,,,,,,,,,,,,,,,,,,,,,,,,,,,,,,,,,,,,,,,,,,,,,,,,,,,,,,,,,,,,,,,,,,,,,,,,,,,,,,,,,,,,,,,,,,,,,,,,,,,,,,,,,,,,,,,,,,,,,,,,,,,,,,,,,,
44,LTE_MAC_DL_Transport_Block,2021-11-29 14:56:22.631661,1,1,DL Transport Block,4,28,1,,1,0,9,528,P-RNTI,1,0,0,7,0,0,7,,,,,,,,,,,,,,,,,,,,,,,,,,,,,,,,,,,,,,,,,,,,,,,,,,,,,,,,,,,,,,,,,,,,,,,,,,,,,,,,,,,,,,,,,,,,,,,,,,,,,,,,,,,,,,,,,,,,,,,,,,,,,,,,,,,,,,,,,,,,,,,,,,,,,,,,,,,,,,,,,,,,,,,,,,,,,,,,,,,,,,,,,,,,,,,,,,,,,,,,,,,,,,,,,,,,,,,,,,,,,,,,,,,,,,,,,,,,,,,,,,,,,,,,,,,,,,,,,,,,,,,,,,,,,,,,,,,,,,,,,,,,,,,,,,,,,,,,,,,,,,,,,,,,,,,,,,,,,,,,,,,,,,,,,,,,,,,,,,,,,,,,,,,,,,,,,,,,,,,,,,,,,,,,,,,,,,,,,,,,,,,,,,,,,,,,,,,,,,,,,,,,,,,,,,,,,,,,,,,,,,,,,,,,,,,,,,,,,,,,,,,,,,,,,,,,,,,,,,,,,,,,,,,,,,,,,,,,,,,,,,,,,,,,,,,,,,,,,,,,,,,,,,,,,,,,,,,,,,,
40,LTE_MAC_DL_Transport_Block,2021-11-29 14:56:23.260097,1,1,DL Transport Block,4,24,1,,1,0,2,592,C-RNTI,0,0,0,22,0,19,3,,59,Activation/Deactivation (1 octet),1,0,31,Padding,-1,,,,,,,,,,,,,,,,,,,,,,,,,,,,,,,,,,,,,,,,,,,,,,,,,,,,,,,,,,,,,,,,,,,,,,,,,,,,,,,,,,,,,,,,,,,,,,,,,,,,,,,,,,,,,,,,,,,,,,,,,,,,,,,,,,,,,,,,,,,,,,,,,,,,,,,,,,,,,,,,,,,,,,,,,,,,,,,,,,,,,,,,,,,,,,,,,,,,,,,,,,,,,,,,,,,,,,,,,,,,,,,,,,,,,,,,,,,,,,,,,,,,,,,,,,,,,,,,,,,,,,,,,,,,,,,,,,,,,,,,,,,,,,,,,,,,,,,,,,,,,,,,,,,,,,,,,,,,,,,,,,,,,,,,,,,,,,,,,,,,,,,,,,,,,,,,,,,,,,,,,,,,,,,,,,,,,,,,,,,,,,,,,,,,,,,,,,,,,,,,,,,,,,,,,,,,,,,,,,,,,,,,,,,,,,,,,,,,,,,,,,,,,,,,,,,,,,,,,,,,,,,,,,,,,,,,,,,,,,,,,,,,,,,,,,,,,,,,,,,,,,,,,,,,,,,
56,LTE_MAC_DL_Transport_Block,2021-11-29 14:58:39.450866,1,1,DL Transport Block,4,40,2,,1,0,5,898,C-RNTI,4,0,0,301,1,296,3,,35,3,2,31,Padding,-1,1,0,5,898,C-RNTI,4,0,0,301,0,300,1,,31,Padding,-1,,,,,,,,,,,,,,,,,,,,,,,,,,,,,,,,,,,,,,,,,,,,,,,,,,,,,,,,,,,,,,,,,,,,,,,,,,,,,,,,,,,,,,,,,,,,,,,,,,,,,,,,,,,,,,,,,,,,,,,,,,,,,,,,,,,,,,,,,,,,,,,,,,,,,,,,,,,,,,,,,,,,,,,,,,,,,,,,,,,,,,,,,,,,,,,,,,,,,,,,,,,,,,,,,,,,,,,,,,,,,,,,,,,,,,,,,,,,,,,,,,,,,,,,,,,,,,,,,,,,,,,,,,,,,,,,,,,,,,,,,,,,,,,,,,,,,,,,,,,,,,,,,,,,,,,,,,,,,,,,,,,,,,,,,,,,,,,,,,,,,,,,,,,,,,,,,,,,,,,,,,,,,,,,,,,,,,,,,,,,,,,,,,,,,,,,,,,,,,,,,,,,,,,,,,,,,,,,,,,,,,,,,,,,,,,,,,,,,,,,,,,,,,,,,,,,,,,,,,,,,,,,,,,,,,,,,,,,,,,,,,,,,,,,,,,,,,,,
40,LTE_MAC_DL_Transport_Block,2021-11-29 14:58:39.654379,1,1,DL Transport Block,4,24,1,,1,0,2,919,C-RNTI,5,0,0,11,0,8,3,,61,TA,1,32,0,32,31,Padding,-1,,,,,,,,,,,,,,,,,,,,,,,,,,,,,,,,,,,,,,,,,,,,,,,,,,,,,,,,,,,,,,,,,,,,,,,,,,,,,,,,,,,,,,,,,,,,,,,,,,,,,,,,,,,,,,,,,,,,,,,,,,,,,,,,,,,,,,,,,,,,,,,,,,,,,,,,,,,,,,,,,,,,,,,,,,,,,,,,,,,,,,,,,,,,,,,,,,,,,,,,,,,,,,,,,,,,,,,,,,,,,,,,,,,,,,,,,,,,,,,,,,,,,,,,,,,,,,,,,,,,,,,,,,,,,,,,,,,,,,,,,,,,,,,,,,,,,,,,,,,,,,,,,,,,,,,,,,,,,,,,,,,,,,,,,,,,,,,,,,,,,,,,,,,,,,,,,,,,,,,,,,,,,,,,,,,,,,,,,,,,,,,,,,,,,,,,,,,,,,,,,,,,,,,,,,,,,,,,,,,,,,,,,,,,,,,,,,,,,,,,,,,,,,,,,,,,,,,,,,,,,,,,,,,,,,,,,,,,,,,,,,,,,,,,,,,,,,,,,,,,,,,,,,,,,
40,LTE_MAC_DL_Transport_Block,2021-11-29 14:58:46.590867,1,1,DL Transport Block,4,24,1,,1,0,4,587,C-RNTI,0,0,0,32,1,8,5,,61,TA,1,31,0,31,33,1,19,31,Padding,-1,,,,,,,,,,,,,,,,,,,,,,,,,,,,,,,,,,,,,,,,,,,,,,,,,,,,,,,,,,,,,,,,,,,,,,,,,,,,,,,,,,,,,,,,,,,,,,,,,,,,,,,,,,,,,,,,,,,,,,,,,,,,,,,,,,,,,,,,,,,,,,,,,,,,,,,,,,,,,,,,,,,,,,,,,,,,,,,,,,,,,,,,,,,,,,,,,,,,,,,,,,,,,,,,,,,,,,,,,,,,,,,,,,,,,,,,,,,,,,,,,,,,,,,,,,,,,,,,,,,,,,,,,,,,,,,,,,,,,,,,,,,,,,,,,,,,,,,,,,,,,,,,,,,,,,,,,,,,,,,,,,,,,,,,,,,,,,,,,,,,,,,,,,,,,,,,,,,,,,,,,,,,,,,,,,,,,,,,,,,,,,,,,,,,,,,,,,,,,,,,,,,,,,,,,,,,,,,,,,,,,,,,,,,,,,,,,,,,,,,,,,,,,,,,,,,,,,,,,,,,,,,,,,,,,,,,,,,,,,,,,,,,,,,,,,,,,,,,,,,,,,,,,,
56,LTE_MAC_DL_Transport_Block,2021-11-29 14:58:46.740864,1,1,DL Transport Block,4,40,2,,1,0,9,602,C-RNTI,1,0,0,11,1,6,3,,33,1,2,31,Padding,-1,1,0,5,603,C-RNTI,2,0,0,11,1,6,3,,33,1,2,31,Padding,-1,,,,,,,,,,,,,,,,,,,,,,,,,,,,,,,,,,,,,,,,,,,,,,,,,,,,,,,,,,,,,,,,,,,,,,,,,,,,,,,,,,,,,,,,,,,,,,,,,,,,,,,,,,,,,,,,,,,,,,,,,,,,,,,,,,,,,,,,,,,,,,,,,,,,,,,,,,,,,,,,,,,,,,,,,,,,,,,,,,,,,,,,,,,,,,,,,,,,,,,,,,,,,,,,,,,,,,,,,,,,,,,,,,,,,,,,,,,,,,,,,,,,,,,,,,,,,,,,,,,,,,,,,,,,,,,,,,,,,,,,,,,,,,,,,,,,,,,,,,,,,,,,,,,,,,,,,,,,,,,,,,,,,,,,,,,,,,,,,,,,,,,,,,,,,,,,,,,,,,,,,,,,,,,,,,,,,,,,,,,,,,,,,,,,,,,,,,,,,,,,,,,,,,,,,,,,,,,,,,,,,,,,,,,,,,,,,,,,,,,,,,,,,,,,,,,,,,,,,,,,,,,,,,,,,,,,,,,,,,,,,,,,,,,,,,,,,
40,LTE_MAC_DL_Transport_Block,2021-11-29 14:58:41.940783,1,1,DL Transport Block,4,24,1,,1,0,8,123,C-RNTI,6,0,0,101,1,20,5,,61,TA,1,31,0,31,35,3,76,31,Padding,-1,,,,,,,,,,,,,,,,,,,,,,,,,,,,,,,,,,,,,,,,,,,,,,,,,,,,,,,,,,,,,,,,,,,,,,,,,,,,,,,,,,,,,,,,,,,,,,,,,,,,,,,,,,,,,,,,,,,,,,,,,,,,,,,,,,,,,,,,,,,,,,,,,,,,,,,,,,,,,,,,,,,,,,,,,,,,,,,,,,,,,,,,,,,,,,,,,,,,,,,,,,,,,,,,,,,,,,,,,,,,,,,,,,,,,,,,,,,,,,,,,,,,,,,,,,,,,,,,,,,,,,,,,,,,,,,,,,,,,,,,,,,,,,,,,,,,,,,,,,,,,,,,,,,,,,,,,,,,,,,,,,,,,,,,,,,,,,,,,,,,,,,,,,,,,,,,,,,,,,,,,,,,,,,,,,,,,,,,,,,,,,,,,,,,,,,,,,,,,,,,,,,,,,,,,,,,,,,,,,,,,,,,,,,,,,,,,,,,,,,,,,,,,,,,,,,,,,,,,,,,,,,,,,,,,,,,,,,,,,,,,,,,,,,,,,,,,,,,,,,,,,,,,,
40,LTE_MAC_DL_Transport_Block,2021-11-29 14:57:53.331520,1,1,DL Transport Block,4,24,1,,1,0,8,382,C-RNTI,4,0,0,11,0,8,3,,59,Activation/Deactivation (1 octet),1,0,31,Padding,-1,,,,,,,,,,,,,,,,,,,,,,,,,,,,,,,,,,,,,,,,,,,,,,,,,,,,,,,,,,,,,,,,,,,,,,,,,,,,,,,,,,,,,,,,,,,,,,,,,,,,,,,,,,,,,,,,,,,,,,,,,,,,,,,,,,,,,,,,,,,,,,,,,,,,,,,,,,,,,,,,,,,,,,,,,,,,,,,,,,,,,,,,,,,,,,,,,,,,,,,,,,,,,,,,,,,,,,,,,,,,,,,,,,,,,,,,,,,,,,,,,,,,,,,,,,,,,,,,,,,,,,,,,,,,,,,,,,,,,,,,,,,,,,,,,,,,,,,,,,,,,,,,,,,,,,,,,,,,,,,,,,,,,,,,,,,,,,,,,,,,,,,,,,,,,,,,,,,,,,,,,,,,,,,,,,,,,,,,,,,,,,,,,,,,,,,,,,,,,,,,,,,,,,,,,,,,,,,,,,,,,,,,,,,,,,,,,,,,,,,,,,,,,,,,,,,,,,,,,,,,,,,,,,,,,,,,,,,,,,,,,,,,,,,,,,,,,,,,,,,,,,,,,,,,,,,
40,LTE_MAC_DL_Transport_Block,2021-11-29 14:57:55.911277,1,1,DL Transport Block,4,24,1,,1,0,8,638,C-RNTI,4,0,0,11,0,8,3,,59,Activation/Deactivation (1 octet),1,0,31,Padding,-1,,,,,,,,,,,,,,,,,,,,,,,,,,,,,,,,,,,,,,,,,,,,,,,,,,,,,,,,,,,,,,,,,,,,,,,,,,,,,,,,,,,,,,,,,,,,,,,,,,,,,,,,,,,,,,,,,,,,,,,,,,,,,,,,,,,,,,,,,,,,,,,,,,,,,,,,,,,,,,,,,,,,,,,,,,,,,,,,,,,,,,,,,,,,,,,,,,,,,,,,,,,,,,,,,,,,,,,,,,,,,,,,,,,,,,,,,,,,,,,,,,,,,,,,,,,,,,,,,,,,,,,,,,,,,,,,,,,,,,,,,,,,,,,,,,,,,,,,,,,,,,,,,,,,,,,,,,,,,,,,,,,,,,,,,,,,,,,,,,,,,,,,,,,,,,,,,,,,,,,,,,,,,,,,,,,,,,,,,,,,,,,,,,,,,,,,,,,,,,,,,,,,,,,,,,,,,,,,,,,,,,,,,,,,,,,,,,,,,,,,,,,,,,,,,,,,,,,,,,,,,,,,,,,,,,,,,,,,,,,,,,,,,,,,,,,,,,,,,,,,,,,,,,,,,,,
104,LTE_MAC_DL_Transport_Block,2021-11-29 14:57:34.001440,1,1,DL Transport Block,4,88,5,,1,0,5,494,C-RNTI,1,0,0,22,1,17,3,,35,3,2,31,Padding,-1,1,0,5,497,C-RNTI,3,0,0,217,1,138,3,,35,3,76,31,Padding,-1,1,0,2,498,C-RNTI,4,0,0,125,1,0,1,,3,3,0,1,0,2,498,C-RNTI,4,0,0,193,1,9,4,,35,3,180,31,Padding,-1,1,0,4,498,C-RNTI,3,0,0,301,0,300,1,,31,Padding,-1,,,,,,,,,,,,,,,,,,,,,,,,,,,,,,,,,,,,,,,,,,,,,,,,,,,,,,,,,,,,,,,,,,,,,,,,,,,,,,,,,,,,,,,,,,,,,,,,,,,,,,,,,,,,,,,,,,,,,,,,,,,,,,,,,,,,,,,,,,,,,,,,,,,,,,,,,,,,,,,,,,,,,,,,,,,,,,,,,,,,,,,,,,,,,,,,,,,,,,,,,,,,,,,,,,,,,,,,,,,,,,,,,,,,,,,,,,,,,,,,,,,,,,,,,,,,,,,,,,,,,,,,,,,,,,,,,,,,,,,,,,,,,,,,,,,,,,,,,,,,,,,,,,,,,,,,,,,,,,,,,,,,,,,,,,,,,,,,,,,,,,,,,,,,,,,,,,,,,,,,,,,,,,,,,,,,,,,,,,,,,,,,,,,,,,,,,,,,,,,,,,,,,,,,,,,,,,,,,,,,,,,,,,,,,,,,,,,,,,,,,,
40,LTE_MAC_DL_Transport_Block,2021-11-29 14:57:34.051459,1,1,DL Transport Block,4,24,1,,1,0,7,500,C-RNTI,5,0,0,22,1,17,3,,35,3,2,31,Padding,-1,,,,,,,,,,,,,,,,,,,,,,,,,,,,,,,,,,,,,,,,,,,,,,,,,,,,,,,,,,,,,,,,,,,,,,,,,,,,,,,,,,,,,,,,,,,,,,,,,,,,,,,,,,,,,,,,,,,,,,,,,,,,,,,,,,,,,,,,,,,,,,,,,,,,,,,,,,,,,,,,,,,,,,,,,,,,,,,,,,,,,,,,,,,,,,,,,,,,,,,,,,,,,,,,,,,,,,,,,,,,,,,,,,,,,,,,,,,,,,,,,,,,,,,,,,,,,,,,,,,,,,,,,,,,,,,,,,,,,,,,,,,,,,,,,,,,,,,,,,,,,,,,,,,,,,,,,,,,,,,,,,,,,,,,,,,,,,,,,,,,,,,,,,,,,,,,,,,,,,,,,,,,,,,,,,,,,,,,,,,,,,,,,,,,,,,,,,,,,,,,,,,,,,,,,,,,,,,,,,,,,,,,,,,,,,,,,,,,,,,,,,,,,,,,,,,,,,,,,,,,,,,,,,,,,,,,,,,,,,,,,,,,,,,,,,,,,,,,,,,,,,,,,,,,,,,,
72,LTE_MAC_DL_Transport_Block,2021-11-29 14:56:22.158151,1,1,DL Transport Block,4,56,3,,1,0,3,477,C-RNTI,4,0,0,113,1,0,1,,3,3,0,1,0,3,477,C-RNTI,4,0,0,177,1,24,4,,35,3,149,31,Padding,-1,1,0,1,481,C-RNTI,7,0,0,22,1,17,3,,35,3,2,31,Padding,-1,,,,,,,,,,,,,,,,,,,,,,,,,,,,,,,,,,,,,,,,,,,,,,,,,,,,,,,,,,,,,,,,,,,,,,,,,,,,,,,,,,,,,,,,,,,,,,,,,,,,,,,,,,,,,,,,,,,,,,,,,,,,,,,,,,,,,,,,,,,,,,,,,,,,,,,,,,,,,,,,,,,,,,,,,,,,,,,,,,,,,,,,,,,,,,,,,,,,,,,,,,,,,,,,,,,,,,,,,,,,,,,,,,,,,,,,,,,,,,,,,,,,,,,,,,,,,,,,,,,,,,,,,,,,,,,,,,,,,,,,,,,,,,,,,,,,,,,,,,,,,,,,,,,,,,,,,,,,,,,,,,,,,,,,,,,,,,,,,,,,,,,,,,,,,,,,,,,,,,,,,,,,,,,,,,,,,,,,,,,,,,,,,,,,,,,,,,,,,,,,,,,,,,,,,,,,,,,,,,,,,,,,,,,,,,,,,,,,,,,,,,,,,,,,,,,,,,,,,,,,,,,,,,,,,,,,,,,,,
44,LTE_MAC_DL_Transport_Block,2021-11-29 14:57:08.601647,1,1,DL Transport Block,4,28,1,,1,0,9,5,RA-RNTI,1,0,0,7,0,0,7,,,,,,,,,,,,,,,,,,,,,,,,,,,,,,,,,,,,,,,,,,,,,,,,,,,,,,,,,,,,,,,,,,,,,,,,,,,,,,,,,,,,,,,,,,,,,,,,,,,,,,,,,,,,,,,,,,,,,,,,,,,,,,,,,,,,,,,,,,,,,,,,,,,,,,,,,,,,,,,,,,,,,,,,,,,,,,,,,,,,,,,,,,,,,,,,,,,,,,,,,,,,,,,,,,,,,,,,,,,,,,,,,,,,,,,,,,,,,,,,,,,,,,,,,,,,,,,,,,,,,,,,,,,,,,,,,,,,,,,,,,,,,,,,,,,,,,,,,,,,,,,,,,,,,,,,,,,,,,,,,,,,,,,,,,,,,,,,,,,,,,,,,,,,,,,,,,,,,,,,,,,,,,,,,,,,,,,,,,,,,,,,,,,,,,,,,,,,,,,,,,,,,,,,,,,,,,,,,,,,,,,,,,,,,,,,,,,,,,,,,,,,,,,,,,,,,,,,,,,,,,,,,,,,,,,,,,,,,,,,,,,,,,,,,,,,,,,,,,,,,,,,,,,,,,,,,,,,,,,
64,LTE_MAC_DL_Transport_Block,2021-11-29 14:57:08.651857,1,1,DL Transport Block,4,48,2,,1,0,0,7,Temporary-C-RNTI,0,0,0,47,1,3,10,1,0,9,9,C-RNTI,1,0,0,11,1,6,3,,33,1,2,31,Padding,-1,,,,,,,,,,,,,,,,,,,,,,,,,,,,,,,,,,,,,,,,,,,,,,,,,,,,,,,,,,,,,,,,,,,,,,,,,,,,,,,,,,,,,,,,,,,,,,,,,,,,,,,,,,,,,,,,,,,,,,,,,,,,,,,,,,,,,,,,,,,,,,,,,,,,,,,,,,,,,,,,,,,,,,,,,,,,,,,,,,,,,,,,,,,,,,,,,,,,,,,,,,,,,,,,,,,,,,,,,,,,,,,,,,,,,,,,,,,,,,,,,,,,,,,,,,,,,,,,,,,,,,,,,,,,,,,,,,,,,,,,,,,,,,,,,,,,,,,,,,,,,,,,,,,,,,,,,,,,,,,,,,,,,,,,,,,,,,,,,,,,,,,,,,,,,,,,,,,,,,,,,,,,,,,,,,,,,,,,,,,,,,,,,,,,,,,,,,,,,,,,,,,,,,,,,,,,,,,,,,,,,,,,,,,,,,,,,,,,,,,,,,,,,,,,,,,,,,,,,,,,,,,,,,,,,,,,,,,,,,,,,,,,,,,,,,,,,,,,,,,,
92,LTE_MAC_DL_Transport_Block,2021-11-29 14:57:08.701897,1,1,DL Transport Block,4,76,4,,1,0,1,12,C-RNTI,2,0,0,165,1,2,4,,33,1,159,31,Padding,-1,1,0,2,15,C-RNTI,3,0,0,22,2,6,5,,33,1,2,34,2,9,31,Padding,-1,1,0,3,16,C-RNTI,4,0,0,22,1,17,3,,33,1,2,31,Padding,-1,1,0,4,16,C-RNTI,5,0,0,22,1,4,3,,33,1,15,31,Padding,-1,,,,,,,,,,,,,,,,,,,,,,,,,,,,,,,,,,,,,,,,,,,,,,,,,,,,,,,,,,,,,,,,,,,,,,,,,,,,,,,,,,,,,,,,,,,,,,,,,,,,,,,,,,,,,,,,,,,,,,,,,,,,,,,,,,,,,,,,,,,,,,,,,,,,,,,,,,,,,,,,,,,,,,,,,,,,,,,,,,,,,,,,,,,,,,,,,,,,,,,,,,,,,,,,,,,,,,,,,,,,,,,,,,,,,,,,,,,,,,,,,,,,,,,,,,,,,,,,,,,,,,,,,,,,,,,,,,,,,,,,,,,,,,,,,,,,,,,,,,,,,,,,,,,,,,,,,,,,,,,,,,,,,,,,,,,,,,,,,,,,,,,,,,,,,,,,,,,,,,,,,,,,,,,,,,,,,,,,,,,,,,,,,,,,,,,,,,,,,,,,,,,,,,,,,,,,,,,,,,,,,,,,,,,,,,,,,,,,,,,,,,,,,,,,,,,,
108,LTE_MAC_DL_Transport_Block,2021-11-29 14:57:08.751932,1,1,DL Transport Block,4,92,5,,1,0,1,17,C-RNTI,6,0,0,309,1,0,1,,3,3,0,1,0,1,17,C-RNTI,6,0,0,325,1,23,4,,35,3,298,31,Padding,-1,1,0,5,17,C-RNTI,7,0,0,22,1,17,3,,33,1,2,31,Padding,-1,1,0,9,17,C-RNTI,0,0,0,22,1,17,3,,33,1,2,31,Padding,-1,1,0,8,18,C-RNTI,1,0,0,22,1,17,3,,35,3,2,31,Padding,-1,,,,,,,,,,,,,,,,,,,,,,,,,,,,,,,,,,,,,,,,,,,,,,,,,,,,,,,,,,,,,,,,,,,,,,,,,,,,,,,,,,,,,,,,,,,,,,,,,,,,,,,,,,,,,,,,,,,,,,,,,,,,,,,,,,,,,,,,,,,,,,,,,,,,,,,,,,,,,,,,,,,,,,,,,,,,,,,,,,,,,,,,,,,,,,,,,,,,,,,,,,,,,,,,,,,,,,,,,,,,,,,,,,,,,,,,,,,,,,,,,,,,,,,,,,,,,,,,,,,,,,,,,,,,,,,,,,,,,,,,,,,,,,,,,,,,,,,,,,,,,,,,,,,,,,,,,,,,,,,,,,,,,,,,,,,,,,,,,,,,,,,,,,,,,,,,,,,,,,,,,,,,,,,,,,,,,,,,,,,,,,,,,,,,,,,,,,,,,,,,,,,,,,,,,,,,,,,,,,,,,,,,,,,,,,,,,,,,,,,
56,LTE_MAC_DL_Transport_Block,2021-11-29 14:57:08.801864,1,1,DL Transport Block,4,40,2,,1,0,7,21,C-RNTI,2,0,0,97,1,6,3,,35,3,88,31,Padding,-1,1,0,8,23,C-RNTI,3,0,0,22,1,17,3,,35,3,2,31,Padding,-1,,,,,,,,,,,,,,,,,,,,,,,,,,,,,,,,,,,,,,,,,,,,,,,,,,,,,,,,,,,,,,,,,,,,,,,,,,,,,,,,,,,,,,,,,,,,,,,,,,,,,,,,,,,,,,,,,,,,,,,,,,,,,,,,,,,,,,,,,,,,,,,,,,,,,,,,,,,,,,,,,,,,,,,,,,,,,,,,,,,,,,,,,,,,,,,,,,,,,,,,,,,,,,,,,,,,,,,,,,,,,,,,,,,,,,,,,,,,,,,,,,,,,,,,,,,,,,,,,,,,,,,,,,,,,,,,,,,,,,,,,,,,,,,,,,,,,,,,,,,,,,,,,,,,,,,,,,,,,,,,,,,,,,,,,,,,,,,,,,,,,,,,,,,,,,,,,,,,,,,,,,,,,,,,,,,,,,,,,,,,,,,,,,,,,,,,,,,,,,,,,,,,,,,,,,,,,,,,,,,,,,,,,,,,,,,,,,,,,,,,,,,,,,,,,,,,,,,,,,,,,,,,,,,,,,,,,,,,,,,,,,,,,,,,,,,,,
104,LTE_MAC_DL_Transport_Block,2021-11-29 14:56:13.883429,1,1,DL Transport Block,4,88,5,,1,0,3,674,C-RNTI,5,0,0,22,1,17,3,,35,3,2,31,Padding,-1,1,0,7,674,C-RNTI,6,0,0,173,1,0,1,,3,3,0,1,0,7,674,C-RNTI,6,0,0,173,1,59,3,,35,3,111,31,Padding,-1,1,0,8,676,C-RNTI,0,0,0,141,1,13,3,,35,3,125,31,Padding,-1,1,0,8,678,C-RNTI,7,0,0,125,1,14,3,,35,3,108,31,Padding,-1,,,,,,,,,,,,,,,,,,,,,,,,,,,,,,,,,,,,,,,,,,,,,,,,,,,,,,,,,,,,,,,,,,,,,,,,,,,,,,,,,,,,,,,,,,,,,,,,,,,,,,,,,,,,,,,,,,,,,,,,,,,,,,,,,,,,,,,,,,,,,,,,,,,,,,,,,,,,,,,,,,,,,,,,,,,,,,,,,,,,,,,,,,,,,,,,,,,,,,,,,,,,,,,,,,,,,,,,,,,,,,,,,,,,,,,,,,,,,,,,,,,,,,,,,,,,,,,,,,,,,,,,,,,,,,,,,,,,,,,,,,,,,,,,,,,,,,,,,,,,,,,,,,,,,,,,,,,,,,,,,,,,,,,,,,,,,,,,,,,,,,,,,,,,,,,,,,,,,,,,,,,,,,,,,,,,,,,,,,,,,,,,,,,,,,,,,,,,,,,,,,,,,,,,,,,,,,,,,,,,,,,,,,,,,,,,,,,,,,,
88,LTE_MAC_DL_Transport_Block,2021-11-29 14:56:13.933776,1,1,DL Transport Block,4,72,4,,1,0,1,679,C-RNTI,1,0,0,217,1,212,3,,35,3,2,31,Padding,-1,1,0,1,679,C-RNTI,1,0,0,217,0,216,1,,31,Padding,-1,1,0,7,679,C-RNTI,3,0,0,85,1,6,3,,35,3,76,31,Padding,-1,1,0,5,682,C-RNTI,2,0,0,97,1,10,3,,35,3,84,31,Padding,-1,,,,,,,,,,,,,,,,,,,,,,,,,,,,,,,,,,,,,,,,,,,,,,,,,,,,,,,,,,,,,,,,,,,,,,,,,,,,,,,,,,,,,,,,,,,,,,,,,,,,,,,,,,,,,,,,,,,,,,,,,,,,,,,,,,,,,,,,,,,,,,,,,,,,,,,,,,,,,,,,,,,,,,,,,,,,,,,,,,,,,,,,,,,,,,,,,,,,,,,,,,,,,,,,,,,,,,,,,,,,,,,,,,,,,,,,,,,,,,,,,,,,,,,,,,,,,,,,,,,,,,,,,,,,,,,,,,,,,,,,,,,,,,,,,,,,,,,,,,,,,,,,,,,,,,,,,,,,,,,,,,,,,,,,,,,,,,,,,,,,,,,,,,,,,,,,,,,,,,,,,,,,,,,,,,,,,,,,,,,,,,,,,,,,,,,,,,,,,,,,,,,,,,,,,,,,,,,,,,,,,,,,,,,,,,,,,,,,,,,,,,,,,,,,,,,,,,,,,,
76,LTE_MAC_DL_Transport_Block,2021-11-29 14:58:20.040474,1,1,DL Transport Block,4,60,3,,1,0,8,1001,C-RNTI,5,0,0,22,1,17,3,,33,1,2,31,Padding,-1,1,0,9,1001,C-RNTI,6,0,0,22,1,4,3,,33,1,15,31,Padding,-1,1,0,1,1005,C-RNTI,7,0,0,22,2,13,5,,33,1,2,35,3,2,31,Padding,-1,,,,,,,,,,,,,,,,,,,,,,,,,,,,,,,,,,,,,,,,,,,,,,,,,,,,,,,,,,,,,,,,,,,,,,,,,,,,,,,,,,,,,,,,,,,,,,,,,,,,,,,,,,,,,,,,,,,,,,,,,,,,,,,,,,,,,,,,,,,,,,,,,,,,,,,,,,,,,,,,,,,,,,,,,,,,,,,,,,,,,,,,,,,,,,,,,,,,,,,,,,,,,,,,,,,,,,,,,,,,,,,,,,,,,,,,,,,,,,,,,,,,,,,,,,,,,,,,,,,,,,,,,,,,,,,,,,,,,,,,,,,,,,,,,,,,,,,,,,,,,,,,,,,,,,,,,,,,,,,,,,,,,,,,,,,,,,,,,,,,,,,,,,,,,,,,,,,,,,,,,,,,,,,,,,,,,,,,,,,,,,,,,,,,,,,,,,,,,,,,,,,,,,,,,,,,,,,,,,,,,,,,,,,,,,,,,,,,,,,,,,,,,,,,,,,,,,,,,,,,,,,,,,,,,,,
40,LTE_MAC_DL_Transport_Block,2021-11-29 14:57:56.061270,1,1,DL Transport Block,4,24,1,,1,0,4,652,C-RNTI,3,0,0,22,1,17,3,,33,1,2,31,Padding,-1,,,,,,,,,,,,,,,,,,,,,,,,,,,,,,,,,,,,,,,,,,,,,,,,,,,,,,,,,,,,,,,,,,,,,,,,,,,,,,,,,,,,,,,,,,,,,,,,,,,,,,,,,,,,,,,,,,,,,,,,,,,,,,,,,,,,,,,,,,,,,,,,,,,,,,,,,,,,,,,,,,,,,,,,,,,,,,,,,,,,,,,,,,,,,,,,,,,,,,,,,,,,,,,,,,,,,,,,,,,,,,,,,,,,,,,,,,,,,,,,,,,,,,,,,,,,,,,,,,,,,,,,,,,,,,,,,,,,,,,,,,,,,,,,,,,,,,,,,,,,,,,,,,,,,,,,,,,,,,,,,,,,,,,,,,,,,,,,,,,,,,,,,,,,,,,,,,,,,,,,,,,,,,,,,,,,,,,,,,,,,,,,,,,,,,,,,,,,,,,,,,,,,,,,,,,,,,,,,,,,,,,,,,,,,,,,,,,,,,,,,,,,,,,,,,,,,,,,,,,,,,,,,,,,,,,,,,,,,,,,,,,,,,,,,,,,,,,,,,,,,,,,,,,,,,,,
44,LTE_MAC_DL_Transport_Block,2021-11-29 14:57:56.211268,1,1,DL Transport Block,4,28,1,,1,0,9,670,P-RNTI,1,0,0,7,0,0,7,,,,,,,,,,,,,,,,,,,,,,,,,,,,,,,,,,,,,,,,,,,,,,,,,,,,,,,,,,,,,,,,,,,,,,,,,,,,,,,,,,,,,,,,,,,,,,,,,,,,,,,,,,,,,,,,,,,,,,,,,,,,,,,,,,,,,,,,,,,,,,,,,,,,,,,,,,,,,,,,,,,,,,,,,,,,,,,,,,,,,,,,,,,,,,,,,,,,,,,,,,,,,,,,,,,,,,,,,,,,,,,,,,,,,,,,,,,,,,,,,,,,,,,,,,,,,,,,,,,,,,,,,,,,,,,,,,,,,,,,,,,,,,,,,,,,,,,,,,,,,,,,,,,,,,,,,,,,,,,,,,,,,,,,,,,,,,,,,,,,,,,,,,,,,,,,,,,,,,,,,,,,,,,,,,,,,,,,,,,,,,,,,,,,,,,,,,,,,,,,,,,,,,,,,,,,,,,,,,,,,,,,,,,,,,,,,,,,,,,,,,,,,,,,,,,,,,,,,,,,,,,,,,,,,,,,,,,,,,,,,,,,,,,,,,,,,,,,,,,,,,,,,,,,,,,,,,,,,,,
88,LTE_MAC_DL_Transport_Block,2021-11-29 14:56:42.712040,1,1,DL Transport Block,4,72,4,,1,0,1,486,C-RNTI,4,0,0,22,1,17,3,,35,3,2,31,Padding,-1,1,0,3,487,C-RNTI,2,0,0,85,1,6,3,,35,3,76,31,Padding,-1,1,0,4,487,C-RNTI,0,0,0,113,1,0,1,,3,3,0,1,0,4,487,C-RNTI,0,0,0,141,1,26,3,,35,3,112,31,Padding,-1,,,,,,,,,,,,,,,,,,,,,,,,,,,,,,,,,,,,,,,,,,,,,,,,,,,,,,,,,,,,,,,,,,,,,,,,,,,,,,,,,,,,,,,,,,,,,,,,,,,,,,,,,,,,,,,,,,,,,,,,,,,,,,,,,,,,,,,,,,,,,,,,,,,,,,,,,,,,,,,,,,,,,,,,,,,,,,,,,,,,,,,,,,,,,,,,,,,,,,,,,,,,,,,,,,,,,,,,,,,,,,,,,,,,,,,,,,,,,,,,,,,,,,,,,,,,,,,,,,,,,,,,,,,,,,,,,,,,,,,,,,,,,,,,,,,,,,,,,,,,,,,,,,,,,,,,,,,,,,,,,,,,,,,,,,,,,,,,,,,,,,,,,,,,,,,,,,,,,,,,,,,,,,,,,,,,,,,,,,,,,,,,,,,,,,,,,,,,,,,,,,,,,,,,,,,,,,,,,,,,,,,,,,,,,,,,,,,,,,,,,,,,,,,,,,,,,,,,,,
140,LTE_MAC_DL_Transport_Block,2021-11-29 14:56:42.761946,1,1,DL Transport Block,4,124,7,,1,0,4,491,C-RNTI,6,0,0,22,1,17,3,,35,3,2,31,Padding,-1,1,0,3,492,C-RNTI,5,0,0,85,1,6,3,,35,3,76,31,Padding,-1,1,0,5,492,C-RNTI,1,0,0,249,1,16,4,,35,3,229,31,Padding,-1,1,0,6,492,C-RNTI,7,0,0,85,1,6,3,,35,3,76,31,Padding,-1,1,0,8,492,C-RNTI,3,0,0,85,1,6,3,,35,3,76,31,Padding,-1,1,0,3,494,C-RNTI,4,0,0,437,1,0,1,,3,3,0,1,0,3,494,C-RNTI,4,0,0,285,1,54,4,,35,3,227,31,Padding,-1,,,,,,,,,,,,,,,,,,,,,,,,,,,,,,,,,,,,,,,,,,,,,,,,,,,,,,,,,,,,,,,,,,,,,,,,,,,,,,,,,,,,,,,,,,,,,,,,,,,,,,,,,,,,,,,,,,,,,,,,,,,,,,,,,,,,,,,,,,,,,,,,,,,,,,,,,,,,,,,,,,,,,,,,,,,,,,,,,,,,,,,,,,,,,,,,,,,,,,,,,,,,,,,,,,,,,,,,,,,,,,,,,,,,,,,,,,,,,,,,,,,,,,,,,,,,,,,,,,,,,,,,,,,,,,,,,,,,,,,,,,,,,,,,,,,,,,,,,,,,,,,,,,,,,,,,,,,,,,,,,,,,,,,,,,,,,,,,,,,,,,,,,,,,,,,,,,,,,,,,,,,,,,,,,,,,,,,,,,,,,,,,,,,,,,,,,,,,,,,,,
140,LTE_MAC_DL_Transport_Block,2021-11-29 14:56:42.812098,1,1,DL Transport Block,4,124,7,,1,0,6,496,C-RNTI,2,0,0,22,1,17,3,,35,3,2,31,Padding,-1,1,0,3,497,C-RNTI,0,0,0,85,1,6,3,,35,3,76,31,Padding,-1,1,0,6,497,C-RNTI,6,0,0,85,1,6,3,,35,3,76,31,Padding,-1,1,0,0,498,C-RNTI,5,0,0,85,1,6,3,,35,3,76,31,Padding,-1,1,0,1,498,C-RNTI,1,0,0,85,1,6,3,,35,3,76,31,Padding,-1,1,0,3,498,C-RNTI,7,0,0,645,1,0,1,,3,3,0,1,0,3,498,C-RNTI,7,0,0,621,1,53,4,,35,3,564,31,Padding,-1,,,,,,,,,,,,,,,,,,,,,,,,,,,,,,,,,,,,,,,,,,,,,,,,,,,,,,,,,,,,,,,,,,,,,,,,,,,,,,,,,,,,,,,,,,,,,,,,,,,,,,,,,,,,,,,,,,,,,,,,,,,,,,,,,,,,,,,,,,,,,,,,,,,,,,,,,,,,,,,,,,,,,,,,,,,,,,,,,,,,,,,,,,,,,,,,,,,,,,,,,,,,,,,,,,,,,,,,,,,,,,,,,,,,,,,,,,,,,,,,,,,,,,,,,,,,,,,,,,,,,,,,,,,,,,,,,,,,,,,,,,,,,,,,,,,,,,,,,,,,,,,,,,,,,,,,,,,,,,,,,,,,,,,,,,,,,,,,,,,,,,,,,,,,,,,,,,,,,,,,,,,,,,,,,,,,,,,,,,,,,,,,,,,,,,,,,,,,,,,,,
140,LTE_MAC_DL_Transport_Block,2021-11-29 14:56:42.862122,1,1,DL Transport Block,4,124,7,,1,0,6,500,C-RNTI,3,0,0,249,1,9,4,,35,3,236,31,Padding,-1,1,0,2,501,C-RNTI,4,0,0,85,1,6,3,,35,3,76,31,Padding,-1,1,0,7,501,C-RNTI,2,0,0,22,1,17,3,,35,3,2,31,Padding,-1,1,0,8,501,C-RNTI,0,0,0,775,1,0,1,,3,3,0,1,0,8,501,C-RNTI,0,0,0,517,1,79,4,,35,3,434,31,Padding,-1,1,0,3,503,C-RNTI,6,0,0,161,1,0,1,,3,3,0,1,0,3,503,C-RNTI,6,0,0,125,1,12,3,,35,3,110,31,Padding,-1,,,,,,,,,,,,,,,,,,,,,,,,,,,,,,,,,,,,,,,,,,,,,,,,,,,,,,,,,,,,,,,,,,,,,,,,,,,,,,,,,,,,,,,,,,,,,,,,,,,,,,,,,,,,,,,,,,,,,,,,,,,,,,,,,,,,,,,,,,,,,,,,,,,,,,,,,,,,,,,,,,,,,,,,,,,,,,,,,,,,,,,,,,,,,,,,,,,,,,,,,,,,,,,,,,,,,,,,,,,,,,,,,,,,,,,,,,,,,,,,,,,,,,,,,,,,,,,,,,,,,,,,,,,,,,,,,,,,,,,,,,,,,,,,,,,,,,,,,,,,,,,,,,,,,,,,,,,,,,,,,,,,,,,,,,,,,,,,,,,,,,,,,,,,,,,,,,,,,,,,,,,,,,,,,,,,,,,,,,,,,,,,,,,,,,,,,,,,,,,,,,,,
88,LTE_MAC_DL_Transport_Block,2021-11-29 14:56:11.782169,1,1,DL Transport Block,4,72,4,,1,0,9,464,C-RNTI,2,0,0,597,1,0,1,,3,3,0,1,0,9,464,C-RNTI,2,0,0,597,1,11,4,,35,3,582,31,Padding,-1,1,0,0,465,C-RNTI,3,0,0,125,1,12,3,,35,3,110,31,Padding,-1,1,0,1,467,C-RNTI,4,0,0,22,1,17,3,,35,3,2,31,Padding,-1,,,,,,,,,,,,,,,,,,,,,,,,,,,,,,,,,,,,,,,,,,,,,,,,,,,,,,,,,,,,,,,,,,,,,,,,,,,,,,,,,,,,,,,,,,,,,,,,,,,,,,,,,,,,,,,,,,,,,,,,,,,,,,,,,,,,,,,,,,,,,,,,,,,,,,,,,,,,,,,,,,,,,,,,,,,,,,,,,,,,,,,,,,,,,,,,,,,,,,,,,,,,,,,,,,,,,,,,,,,,,,,,,,,,,,,,,,,,,,,,,,,,,,,,,,,,,,,,,,,,,,,,,,,,,,,,,,,,,,,,,,,,,,,,,,,,,,,,,,,,,,,,,,,,,,,,,,,,,,,,,,,,,,,,,,,,,,,,,,,,,,,,,,,,,,,,,,,,,,,,,,,,,,,,,,,,,,,,,,,,,,,,,,,,,,,,,,,,,,,,,,,,,,,,,,,,,,,,,,,,,,,,,,,,,,,,,,,,,,,,,,,,,,,,,,,,,,,,,,
40,LTE_MAC_DL_Transport_Block,2021-11-29 14:56:11.832176,1,1,DL Transport Block,4,24,1,,1,0,1,473,C-RNTI,5,0,0,22,1,17,3,,35,3,2,31,Padding,-1,,,,,,,,,,,,,,,,,,,,,,,,,,,,,,,,,,,,,,,,,,,,,,,,,,,,,,,,,,,,,,,,,,,,,,,,,,,,,,,,,,,,,,,,,,,,,,,,,,,,,,,,,,,,,,,,,,,,,,,,,,,,,,,,,,,,,,,,,,,,,,,,,,,,,,,,,,,,,,,,,,,,,,,,,,,,,,,,,,,,,,,,,,,,,,,,,,,,,,,,,,,,,,,,,,,,,,,,,,,,,,,,,,,,,,,,,,,,,,,,,,,,,,,,,,,,,,,,,,,,,,,,,,,,,,,,,,,,,,,,,,,,,,,,,,,,,,,,,,,,,,,,,,,,,,,,,,,,,,,,,,,,,,,,,,,,,,,,,,,,,,,,,,,,,,,,,,,,,,,,,,,,,,,,,,,,,,,,,,,,,,,,,,,,,,,,,,,,,,,,,,,,,,,,,,,,,,,,,,,,,,,,,,,,,,,,,,,,,,,,,,,,,,,,,,,,,,,,,,,,,,,,,,,,,,,,,,,,,,,,,,,,,,,,,,,,,,,,,,,,,,,,,,,,,,,,
72,LTE_MAC_DL_Transport_Block,2021-11-29 14:56:11.882170,1,1,DL Transport Block,4,56,3,,1,0,9,473,C-RNTI,6,0,0,141,1,11,3,,35,3,127,31,Padding,-1,1,0,8,476,C-RNTI,0,0,0,125,1,7,3,,35,3,115,31,Padding,-1,1,0,1,478,C-RNTI,7,0,0,22,1,17,3,,35,3,2,31,Padding,-1,,,,,,,,,,,,,,,,,,,,,,,,,,,,,,,,,,,,,,,,,,,,,,,,,,,,,,,,,,,,,,,,,,,,,,,,,,,,,,,,,,,,,,,,,,,,,,,,,,,,,,,,,,,,,,,,,,,,,,,,,,,,,,,,,,,,,,,,,,,,,,,,,,,,,,,,,,,,,,,,,,,,,,,,,,,,,,,,,,,,,,,,,,,,,,,,,,,,,,,,,,,,,,,,,,,,,,,,,,,,,,,,,,,,,,,,,,,,,,,,,,,,,,,,,,,,,,,,,,,,,,,,,,,,,,,,,,,,,,,,,,,,,,,,,,,,,,,,,,,,,,,,,,,,,,,,,,,,,,,,,,,,,,,,,,,,,,,,,,,,,,,,,,,,,,,,,,,,,,,,,,,,,,,,,,,,,,,,,,,,,,,,,,,,,,,,,,,,,,,,,,,,,,,,,,,,,,,,,,,,,,,,,,,,,,,,,,,,,,,,,,,,,,,,,,,,,,,,,,,,,,,,,,,,,,,,,,
76,LTE_MAC_DL_Transport_Block,2021-11-29 14:56:11.932170,1,1,DL Transport Block,4,60,3,,1,0,9,479,C-RNTI,1,0,0,193,1,10,4,,35,3,179,31,Padding,-1,1,0,1,483,C-RNTI,3,0,0,22,1,17,3,,35,3,2,31,Padding,-1,1,0,6,483,C-RNTI,2,0,0,177,1,6,4,,35,3,167,31,Padding,-1,,,,,,,,,,,,,,,,,,,,,,,,,,,,,,,,,,,,,,,,,,,,,,,,,,,,,,,,,,,,,,,,,,,,,,,,,,,,,,,,,,,,,,,,,,,,,,,,,,,,,,,,,,,,,,,,,,,,,,,,,,,,,,,,,,,,,,,,,,,,,,,,,,,,,,,,,,,,,,,,,,,,,,,,,,,,,,,,,,,,,,,,,,,,,,,,,,,,,,,,,,,,,,,,,,,,,,,,,,,,,,,,,,,,,,,,,,,,,,,,,,,,,,,,,,,,,,,,,,,,,,,,,,,,,,,,,,,,,,,,,,,,,,,,,,,,,,,,,,,,,,,,,,,,,,,,,,,,,,,,,,,,,,,,,,,,,,,,,,,,,,,,,,,,,,,,,,,,,,,,,,,,,,,,,,,,,,,,,,,,,,,,,,,,,,,,,,,,,,,,,,,,,,,,,,,,,,,,,,,,,,,,,,,,,,,,,,,,,,,,,,,,,,,,,,,,,,,,,,,,,,,,,,,,,,,,,,
52,LTE_MAC_DL_Transport_Block,2021-11-29 15:02:22.229198,1,1,DL Transport Block,4,36,1,,1,0,9,646,P-RNTI,1,0,0,15,0,0,15,,,,,,,,,,,,,,,,,,,,,,,,,,,,,,,,,,,,,,,,,,,,,,,,,,,,,,,,,,,,,,,,,,,,,,,,,,,,,,,,,,,,,,,,,,,,,,,,,,,,,,,,,,,,,,,,,,,,,,,,,,,,,,,,,,,,,,,,,,,,,,,,,,,,,,,,,,,,,,,,,,,,,,,,,,,,,,,,,,,,,,,,,,,,,,,,,,,,,,,,,,,,,,,,,,,,,,,,,,,,,,,,,,,,,,,,,,,,,,,,,,,,,,,,,,,,,,,,,,,,,,,,,,,,,,,,,,,,,,,,,,,,,,,,,,,,,,,,,,,,,,,,,,,,,,,,,,,,,,,,,,,,,,,,,,,,,,,,,,,,,,,,,,,,,,,,,,,,,,,,,,,,,,,,,,,,,,,,,,,,,,,,,,,,,,,,,,,,,,,,,,,,,,,,,,,,,,,,,,,,,,,,,,,,,,,,,,,,,,,,,,,,,,,,,,,,,,,,,,,,,,,,,,,,,,,,,,,,,,,,,,,,,,,,,,,,,,,,,,,,,,,,,,,,,,,,,,,,,,,
44,LTE_MAC_DL_Transport_Block,2021-11-29 15:02:23.499265,1,1,DL Transport Block,4,28,1,,1,0,9,774,P-RNTI,1,0,0,7,0,0,7,,,,,,,,,,,,,,,,,,,,,,,,,,,,,,,,,,,,,,,,,,,,,,,,,,,,,,,,,,,,,,,,,,,,,,,,,,,,,,,,,,,,,,,,,,,,,,,,,,,,,,,,,,,,,,,,,,,,,,,,,,,,,,,,,,,,,,,,,,,,,,,,,,,,,,,,,,,,,,,,,,,,,,,,,,,,,,,,,,,,,,,,,,,,,,,,,,,,,,,,,,,,,,,,,,,,,,,,,,,,,,,,,,,,,,,,,,,,,,,,,,,,,,,,,,,,,,,,,,,,,,,,,,,,,,,,,,,,,,,,,,,,,,,,,,,,,,,,,,,,,,,,,,,,,,,,,,,,,,,,,,,,,,,,,,,,,,,,,,,,,,,,,,,,,,,,,,,,,,,,,,,,,,,,,,,,,,,,,,,,,,,,,,,,,,,,,,,,,,,,,,,,,,,,,,,,,,,,,,,,,,,,,,,,,,,,,,,,,,,,,,,,,,,,,,,,,,,,,,,,,,,,,,,,,,,,,,,,,,,,,,,,,,,,,,,,,,,,,,,,,,,,,,,,,,,,,,,,,,,
56,LTE_MAC_DL_Transport_Block,2021-11-29 14:58:41.990865,1,1,DL Transport Block,4,40,2,,1,0,1,126,C-RNTI,7,0,0,22,1,17,3,,33,1,2,31,Padding,-1,1,0,8,126,C-RNTI,0,0,0,22,1,17,3,,35,3,2,31,Padding,-1,,,,,,,,,,,,,,,,,,,,,,,,,,,,,,,,,,,,,,,,,,,,,,,,,,,,,,,,,,,,,,,,,,,,,,,,,,,,,,,,,,,,,,,,,,,,,,,,,,,,,,,,,,,,,,,,,,,,,,,,,,,,,,,,,,,,,,,,,,,,,,,,,,,,,,,,,,,,,,,,,,,,,,,,,,,,,,,,,,,,,,,,,,,,,,,,,,,,,,,,,,,,,,,,,,,,,,,,,,,,,,,,,,,,,,,,,,,,,,,,,,,,,,,,,,,,,,,,,,,,,,,,,,,,,,,,,,,,,,,,,,,,,,,,,,,,,,,,,,,,,,,,,,,,,,,,,,,,,,,,,,,,,,,,,,,,,,,,,,,,,,,,,,,,,,,,,,,,,,,,,,,,,,,,,,,,,,,,,,,,,,,,,,,,,,,,,,,,,,,,,,,,,,,,,,,,,,,,,,,,,,,,,,,,,,,,,,,,,,,,,,,,,,,,,,,,,,,,,,,,,,,,,,,,,,,,,,,,,,,,,,,,,,,,,,,,,
44,LTE_MAC_DL_Transport_Block,2021-11-29 15:02:16.588042,1,1,DL Transport Block,4,28,1,,1,0,9,82,P-RNTI,1,0,0,7,0,0,7,,,,,,,,,,,,,,,,,,,,,,,,,,,,,,,,,,,,,,,,,,,,,,,,,,,,,,,,,,,,,,,,,,,,,,,,,,,,,,,,,,,,,,,,,,,,,,,,,,,,,,,,,,,,,,,,,,,,,,,,,,,,,,,,,,,,,,,,,,,,,,,,,,,,,,,,,,,,,,,,,,,,,,,,,,,,,,,,,,,,,,,,,,,,,,,,,,,,,,,,,,,,,,,,,,,,,,,,,,,,,,,,,,,,,,,,,,,,,,,,,,,,,,,,,,,,,,,,,,,,,,,,,,,,,,,,,,,,,,,,,,,,,,,,,,,,,,,,,,,,,,,,,,,,,,,,,,,,,,,,,,,,,,,,,,,,,,,,,,,,,,,,,,,,,,,,,,,,,,,,,,,,,,,,,,,,,,,,,,,,,,,,,,,,,,,,,,,,,,,,,,,,,,,,,,,,,,,,,,,,,,,,,,,,,,,,,,,,,,,,,,,,,,,,,,,,,,,,,,,,,,,,,,,,,,,,,,,,,,,,,,,,,,,,,,,,,,,,,,,,,,,,,,,,,,,,,,,,,,,
68,LTE_MAC_DL_Transport_Block,2021-11-29 15:02:16.694249,1,1,DL Transport Block,4,52,2,,1,0,6,94,RA-RNTI,0,0,0,7,0,0,7,1,0,7,95,Temporary-C-RNTI,0,0,0,47,1,3,10,,,,,,,,,,,,,,,,,,,,,,,,,,,,,,,,,,,,,,,,,,,,,,,,,,,,,,,,,,,,,,,,,,,,,,,,,,,,,,,,,,,,,,,,,,,,,,,,,,,,,,,,,,,,,,,,,,,,,,,,,,,,,,,,,,,,,,,,,,,,,,,,,,,,,,,,,,,,,,,,,,,,,,,,,,,,,,,,,,,,,,,,,,,,,,,,,,,,,,,,,,,,,,,,,,,,,,,,,,,,,,,,,,,,,,,,,,,,,,,,,,,,,,,,,,,,,,,,,,,,,,,,,,,,,,,,,,,,,,,,,,,,,,,,,,,,,,,,,,,,,,,,,,,,,,,,,,,,,,,,,,,,,,,,,,,,,,,,,,,,,,,,,,,,,,,,,,,,,,,,,,,,,,,,,,,,,,,,,,,,,,,,,,,,,,,,,,,,,,,,,,,,,,,,,,,,,,,,,,,,,,,,,,,,,,,,,,,,,,,,,,,,,,,,,,,,,,,,,,,,,,,,,,,,,,,,,,,,,,,,,,,,,,,,,,,,,,,,,,,,,,,,,,,
56,LTE_MAC_DL_Transport_Block,2021-11-29 15:02:16.744121,1,1,DL Transport Block,4,40,2,,1,0,2,97,C-RNTI,1,0,0,11,1,6,3,,33,1,2,31,Padding,-1,1,0,3,99,C-RNTI,2,0,0,149,1,1,4,,33,1,144,31,Padding,-1,,,,,,,,,,,,,,,,,,,,,,,,,,,,,,,,,,,,,,,,,,,,,,,,,,,,,,,,,,,,,,,,,,,,,,,,,,,,,,,,,,,,,,,,,,,,,,,,,,,,,,,,,,,,,,,,,,,,,,,,,,,,,,,,,,,,,,,,,,,,,,,,,,,,,,,,,,,,,,,,,,,,,,,,,,,,,,,,,,,,,,,,,,,,,,,,,,,,,,,,,,,,,,,,,,,,,,,,,,,,,,,,,,,,,,,,,,,,,,,,,,,,,,,,,,,,,,,,,,,,,,,,,,,,,,,,,,,,,,,,,,,,,,,,,,,,,,,,,,,,,,,,,,,,,,,,,,,,,,,,,,,,,,,,,,,,,,,,,,,,,,,,,,,,,,,,,,,,,,,,,,,,,,,,,,,,,,,,,,,,,,,,,,,,,,,,,,,,,,,,,,,,,,,,,,,,,,,,,,,,,,,,,,,,,,,,,,,,,,,,,,,,,,,,,,,,,,,,,,,,,,,,,,,,,,,,,,,,,,,,,,,,,,,,,,,,,
124,LTE_MAC_DL_Transport_Block,2021-11-29 15:02:16.794109,1,1,DL Transport Block,4,108,6,,1,0,4,101,C-RNTI,3,0,0,22,2,6,5,,33,1,2,34,2,9,31,Padding,-1,1,0,8,101,C-RNTI,4,0,0,22,1,17,3,,35,3,2,31,Padding,-1,1,0,9,102,C-RNTI,5,0,0,22,1,17,3,,33,1,2,31,Padding,-1,1,0,3,103,C-RNTI,6,0,0,253,1,0,1,,3,3,0,1,0,3,103,C-RNTI,6,0,0,137,1,44,3,,35,3,90,31,Padding,-1,1,0,2,105,C-RNTI,7,0,0,22,1,4,3,,33,1,15,31,Padding,-1,,,,,,,,,,,,,,,,,,,,,,,,,,,,,,,,,,,,,,,,,,,,,,,,,,,,,,,,,,,,,,,,,,,,,,,,,,,,,,,,,,,,,,,,,,,,,,,,,,,,,,,,,,,,,,,,,,,,,,,,,,,,,,,,,,,,,,,,,,,,,,,,,,,,,,,,,,,,,,,,,,,,,,,,,,,,,,,,,,,,,,,,,,,,,,,,,,,,,,,,,,,,,,,,,,,,,,,,,,,,,,,,,,,,,,,,,,,,,,,,,,,,,,,,,,,,,,,,,,,,,,,,,,,,,,,,,,,,,,,,,,,,,,,,,,,,,,,,,,,,,,,,,,,,,,,,,,,,,,,,,,,,,,,,,,,,,,,,,,,,,,,,,,,,,,,,,,,,,,,,,,,,,,,,,,,,,,,,,,,,,,,,,,,,,,,,,,,,,,,,,,,,,,,,,,,,,,,,,
56,LTE_MAC_DL_Transport_Block,2021-11-29 15:02:16.844307,1,1,DL Transport Block,4,40,2,,1,0,6,106,C-RNTI,0,0,0,22,1,17,3,,33,1,2,31,Padding,-1,1,0,8,106,C-RNTI,1,0,0,22,1,17,3,,35,3,2,31,Padding,-1,,,,,,,,,,,,,,,,,,,,,,,,,,,,,,,,,,,,,,,,,,,,,,,,,,,,,,,,,,,,,,,,,,,,,,,,,,,,,,,,,,,,,,,,,,,,,,,,,,,,,,,,,,,,,,,,,,,,,,,,,,,,,,,,,,,,,,,,,,,,,,,,,,,,,,,,,,,,,,,,,,,,,,,,,,,,,,,,,,,,,,,,,,,,,,,,,,,,,,,,,,,,,,,,,,,,,,,,,,,,,,,,,,,,,,,,,,,,,,,,,,,,,,,,,,,,,,,,,,,,,,,,,,,,,,,,,,,,,,,,,,,,,,,,,,,,,,,,,,,,,,,,,,,,,,,,,,,,,,,,,,,,,,,,,,,,,,,,,,,,,,,,,,,,,,,,,,,,,,,,,,,,,,,,,,,,,,,,,,,,,,,,,,,,,,,,,,,,,,,,,,,,,,,,,,,,,,,,,,,,,,,,,,,,,,,,,,,,,,,,,,,,,,,,,,,,,,,,,,,,,,,,,,,,,,,,,,,,,,,,,,,,,,,,,,,,,
72,LTE_MAC_DL_Transport_Block,2021-11-29 15:02:16.894321,1,1,DL Transport Block,4,56,3,,1,0,1,113,C-RNTI,2,0,0,22,1,17,3,,35,3,2,31,Padding,-1,1,0,6,114,C-RNTI,3,0,0,125,1,5,3,,35,3,117,31,Padding,-1,1,0,6,114,C-RNTI,3,0,0,161,0,160,1,,31,Padding,-1,,,,,,,,,,,,,,,,,,,,,,,,,,,,,,,,,,,,,,,,,,,,,,,,,,,,,,,,,,,,,,,,,,,,,,,,,,,,,,,,,,,,,,,,,,,,,,,,,,,,,,,,,,,,,,,,,,,,,,,,,,,,,,,,,,,,,,,,,,,,,,,,,,,,,,,,,,,,,,,,,,,,,,,,,,,,,,,,,,,,,,,,,,,,,,,,,,,,,,,,,,,,,,,,,,,,,,,,,,,,,,,,,,,,,,,,,,,,,,,,,,,,,,,,,,,,,,,,,,,,,,,,,,,,,,,,,,,,,,,,,,,,,,,,,,,,,,,,,,,,,,,,,,,,,,,,,,,,,,,,,,,,,,,,,,,,,,,,,,,,,,,,,,,,,,,,,,,,,,,,,,,,,,,,,,,,,,,,,,,,,,,,,,,,,,,,,,,,,,,,,,,,,,,,,,,,,,,,,,,,,,,,,,,,,,,,,,,,,,,,,,,,,,,,,,,,,,,,,,,,,,,,,,,,,,,,,,,,,
40,LTE_MAC_DL_Transport_Block,2021-11-29 14:56:28.711673,1,1,DL Transport Block,4,24,1,,1,0,2,112,C-RNTI,1,0,0,11,0,8,3,,59,Activation/Deactivation (1 octet),1,0,31,Padding,-1,,,,,,,,,,,,,,,,,,,,,,,,,,,,,,,,,,,,,,,,,,,,,,,,,,,,,,,,,,,,,,,,,,,,,,,,,,,,,,,,,,,,,,,,,,,,,,,,,,,,,,,,,,,,,,,,,,,,,,,,,,,,,,,,,,,,,,,,,,,,,,,,,,,,,,,,,,,,,,,,,,,,,,,,,,,,,,,,,,,,,,,,,,,,,,,,,,,,,,,,,,,,,,,,,,,,,,,,,,,,,,,,,,,,,,,,,,,,,,,,,,,,,,,,,,,,,,,,,,,,,,,,,,,,,,,,,,,,,,,,,,,,,,,,,,,,,,,,,,,,,,,,,,,,,,,,,,,,,,,,,,,,,,,,,,,,,,,,,,,,,,,,,,,,,,,,,,,,,,,,,,,,,,,,,,,,,,,,,,,,,,,,,,,,,,,,,,,,,,,,,,,,,,,,,,,,,,,,,,,,,,,,,,,,,,,,,,,,,,,,,,,,,,,,,,,,,,,,,,,,,,,,,,,,,,,,,,,,,,,,,,,,,,,,,,,,,,,,,,,,,,,,,,,,,,,
44,LTE_MAC_DL_Transport_Block,2021-11-29 14:56:54.654440,1,1,DL Transport Block,4,28,1,,1,0,9,656,P-RNTI,1,0,0,7,0,0,7,,,,,,,,,,,,,,,,,,,,,,,,,,,,,,,,,,,,,,,,,,,,,,,,,,,,,,,,,,,,,,,,,,,,,,,,,,,,,,,,,,,,,,,,,,,,,,,,,,,,,,,,,,,,,,,,,,,,,,,,,,,,,,,,,,,,,,,,,,,,,,,,,,,,,,,,,,,,,,,,,,,,,,,,,,,,,,,,,,,,,,,,,,,,,,,,,,,,,,,,,,,,,,,,,,,,,,,,,,,,,,,,,,,,,,,,,,,,,,,,,,,,,,,,,,,,,,,,,,,,,,,,,,,,,,,,,,,,,,,,,,,,,,,,,,,,,,,,,,,,,,,,,,,,,,,,,,,,,,,,,,,,,,,,,,,,,,,,,,,,,,,,,,,,,,,,,,,,,,,,,,,,,,,,,,,,,,,,,,,,,,,,,,,,,,,,,,,,,,,,,,,,,,,,,,,,,,,,,,,,,,,,,,,,,,,,,,,,,,,,,,,,,,,,,,,,,,,,,,,,,,,,,,,,,,,,,,,,,,,,,,,,,,,,,,,,,,,,,,,,,,,,,,,,,,,,,,,,,,,
40,LTE_MAC_DL_Transport_Block,2021-11-29 14:58:54.774051,1,1,DL Transport Block,4,24,1,,1,0,6,382,C-RNTI,0,0,0,11,1,6,3,,35,3,2,31,Padding,-1,,,,,,,,,,,,,,,,,,,,,,,,,,,,,,,,,,,,,,,,,,,,,,,,,,,,,,,,,,,,,,,,,,,,,,,,,,,,,,,,,,,,,,,,,,,,,,,,,,,,,,,,,,,,,,,,,,,,,,,,,,,,,,,,,,,,,,,,,,,,,,,,,,,,,,,,,,,,,,,,,,,,,,,,,,,,,,,,,,,,,,,,,,,,,,,,,,,,,,,,,,,,,,,,,,,,,,,,,,,,,,,,,,,,,,,,,,,,,,,,,,,,,,,,,,,,,,,,,,,,,,,,,,,,,,,,,,,,,,,,,,,,,,,,,,,,,,,,,,,,,,,,,,,,,,,,,,,,,,,,,,,,,,,,,,,,,,,,,,,,,,,,,,,,,,,,,,,,,,,,,,,,,,,,,,,,,,,,,,,,,,,,,,,,,,,,,,,,,,,,,,,,,,,,,,,,,,,,,,,,,,,,,,,,,,,,,,,,,,,,,,,,,,,,,,,,,,,,,,,,,,,,,,,,,,,,,,,,,,,,,,,,,,,,,,,,,,,,,,,,,,,,,,,,,,,,
72,LTE_MAC_DL_Transport_Block,2021-11-29 14:58:54.824353,1,1,DL Transport Block,4,56,3,,1,0,6,386,C-RNTI,1,0,0,173,1,0,1,,3,3,0,1,0,6,386,C-RNTI,1,0,0,173,1,37,4,,35,3,132,31,Padding,-1,1,0,7,388,C-RNTI,2,0,0,22,1,17,3,,35,3,2,31,Padding,-1,,,,,,,,,,,,,,,,,,,,,,,,,,,,,,,,,,,,,,,,,,,,,,,,,,,,,,,,,,,,,,,,,,,,,,,,,,,,,,,,,,,,,,,,,,,,,,,,,,,,,,,,,,,,,,,,,,,,,,,,,,,,,,,,,,,,,,,,,,,,,,,,,,,,,,,,,,,,,,,,,,,,,,,,,,,,,,,,,,,,,,,,,,,,,,,,,,,,,,,,,,,,,,,,,,,,,,,,,,,,,,,,,,,,,,,,,,,,,,,,,,,,,,,,,,,,,,,,,,,,,,,,,,,,,,,,,,,,,,,,,,,,,,,,,,,,,,,,,,,,,,,,,,,,,,,,,,,,,,,,,,,,,,,,,,,,,,,,,,,,,,,,,,,,,,,,,,,,,,,,,,,,,,,,,,,,,,,,,,,,,,,,,,,,,,,,,,,,,,,,,,,,,,,,,,,,,,,,,,,,,,,,,,,,,,,,,,,,,,,,,,,,,,,,,,,,,,,,,,,,,,,,,,,,,,,,,,,,,
40,LTE_MAC_DL_Transport_Block,2021-11-29 14:58:54.874382,1,1,DL Transport Block,4,24,1,,1,0,3,389,C-RNTI,3,0,0,22,0,19,3,,61,TA,1,31,0,31,31,Padding,-1,,,,,,,,,,,,,,,,,,,,,,,,,,,,,,,,,,,,,,,,,,,,,,,,,,,,,,,,,,,,,,,,,,,,,,,,,,,,,,,,,,,,,,,,,,,,,,,,,,,,,,,,,,,,,,,,,,,,,,,,,,,,,,,,,,,,,,,,,,,,,,,,,,,,,,,,,,,,,,,,,,,,,,,,,,,,,,,,,,,,,,,,,,,,,,,,,,,,,,,,,,,,,,,,,,,,,,,,,,,,,,,,,,,,,,,,,,,,,,,,,,,,,,,,,,,,,,,,,,,,,,,,,,,,,,,,,,,,,,,,,,,,,,,,,,,,,,,,,,,,,,,,,,,,,,,,,,,,,,,,,,,,,,,,,,,,,,,,,,,,,,,,,,,,,,,,,,,,,,,,,,,,,,,,,,,,,,,,,,,,,,,,,,,,,,,,,,,,,,,,,,,,,,,,,,,,,,,,,,,,,,,,,,,,,,,,,,,,,,,,,,,,,,,,,,,,,,,,,,,,,,,,,,,,,,,,,,,,,,,,,,,,,,,,,,,,,,,,,,,,,,,,,,,,,
40,LTE_MAC_DL_Transport_Block,2021-11-29 15:00:00.860138,1,1,DL Transport Block,4,24,1,,1,0,2,846,C-RNTI,3,0,0,85,1,6,3,,35,3,76,31,Padding,-1,,,,,,,,,,,,,,,,,,,,,,,,,,,,,,,,,,,,,,,,,,,,,,,,,,,,,,,,,,,,,,,,,,,,,,,,,,,,,,,,,,,,,,,,,,,,,,,,,,,,,,,,,,,,,,,,,,,,,,,,,,,,,,,,,,,,,,,,,,,,,,,,,,,,,,,,,,,,,,,,,,,,,,,,,,,,,,,,,,,,,,,,,,,,,,,,,,,,,,,,,,,,,,,,,,,,,,,,,,,,,,,,,,,,,,,,,,,,,,,,,,,,,,,,,,,,,,,,,,,,,,,,,,,,,,,,,,,,,,,,,,,,,,,,,,,,,,,,,,,,,,,,,,,,,,,,,,,,,,,,,,,,,,,,,,,,,,,,,,,,,,,,,,,,,,,,,,,,,,,,,,,,,,,,,,,,,,,,,,,,,,,,,,,,,,,,,,,,,,,,,,,,,,,,,,,,,,,,,,,,,,,,,,,,,,,,,,,,,,,,,,,,,,,,,,,,,,,,,,,,,,,,,,,,,,,,,,,,,,,,,,,,,,,,,,,,,,,,,,,,,,,,,,,,,,,,
40,LTE_MAC_DL_Transport_Block,2021-11-29 15:00:00.960186,1,1,DL Transport Block,4,24,1,,1,0,9,854,C-RNTI,4,0,0,22,1,17,3,,35,3,2,31,Padding,-1,,,,,,,,,,,,,,,,,,,,,,,,,,,,,,,,,,,,,,,,,,,,,,,,,,,,,,,,,,,,,,,,,,,,,,,,,,,,,,,,,,,,,,,,,,,,,,,,,,,,,,,,,,,,,,,,,,,,,,,,,,,,,,,,,,,,,,,,,,,,,,,,,,,,,,,,,,,,,,,,,,,,,,,,,,,,,,,,,,,,,,,,,,,,,,,,,,,,,,,,,,,,,,,,,,,,,,,,,,,,,,,,,,,,,,,,,,,,,,,,,,,,,,,,,,,,,,,,,,,,,,,,,,,,,,,,,,,,,,,,,,,,,,,,,,,,,,,,,,,,,,,,,,,,,,,,,,,,,,,,,,,,,,,,,,,,,,,,,,,,,,,,,,,,,,,,,,,,,,,,,,,,,,,,,,,,,,,,,,,,,,,,,,,,,,,,,,,,,,,,,,,,,,,,,,,,,,,,,,,,,,,,,,,,,,,,,,,,,,,,,,,,,,,,,,,,,,,,,,,,,,,,,,,,,,,,,,,,,,,,,,,,,,,,,,,,,,,,,,,,,,,,,,,,,,,,
40,LTE_MAC_DL_Transport_Block,2021-11-29 14:57:48.571405,1,1,DL Transport Block,4,24,1,,1,0,8,926,C-RNTI,7,0,0,11,0,8,3,,59,Activation/Deactivation (1 octet),1,0,31,Padding,-1,,,,,,,,,,,,,,,,,,,,,,,,,,,,,,,,,,,,,,,,,,,,,,,,,,,,,,,,,,,,,,,,,,,,,,,,,,,,,,,,,,,,,,,,,,,,,,,,,,,,,,,,,,,,,,,,,,,,,,,,,,,,,,,,,,,,,,,,,,,,,,,,,,,,,,,,,,,,,,,,,,,,,,,,,,,,,,,,,,,,,,,,,,,,,,,,,,,,,,,,,,,,,,,,,,,,,,,,,,,,,,,,,,,,,,,,,,,,,,,,,,,,,,,,,,,,,,,,,,,,,,,,,,,,,,,,,,,,,,,,,,,,,,,,,,,,,,,,,,,,,,,,,,,,,,,,,,,,,,,,,,,,,,,,,,,,,,,,,,,,,,,,,,,,,,,,,,,,,,,,,,,,,,,,,,,,,,,,,,,,,,,,,,,,,,,,,,,,,,,,,,,,,,,,,,,,,,,,,,,,,,,,,,,,,,,,,,,,,,,,,,,,,,,,,,,,,,,,,,,,,,,,,,,,,,,,,,,,,,,,,,,,,,,,,,,,,,,,,,,,,,,,,,,,,,,
208,LTE_MAC_DL_Transport_Block,2021-11-29 14:57:48.831411,1,1,DL Transport Block,4,192,11,,1,0,5,955,C-RNTI,0,0,0,22,1,17,3,,35,3,2,31,Padding,-1,1,0,0,957,C-RNTI,1,0,0,1572,1,0,1,,3,3,0,1,0,0,957,C-RNTI,1,0,0,1572,1,249,4,,35,3,1319,31,Padding,-1,1,0,1,957,C-RNTI,6,0,0,1527,1,0,3,,59,Activation/Deactivation (1 octet),1,2,3,3,0,1,0,1,957,C-RNTI,6,0,0,1527,1,157,4,,35,3,1366,31,Padding,-1,1,0,2,957,C-RNTI,4,0,0,1431,1,0,1,,3,3,0,1,0,2,957,C-RNTI,4,0,0,1572,1,108,4,,35,3,1460,31,Padding,-1,1,0,4,957,C-RNTI,3,0,0,1572,1,0,1,,3,3,0,1,0,4,957,C-RNTI,3,0,0,1431,1,108,4,,35,3,1319,31,Padding,-1,1,0,6,957,C-RNTI,5,0,0,1527,1,0,1,,3,3,0,1,0,6,957,C-RNTI,5,0,0,1431,1,63,4,,35,3,1364,31,Padding,-1,,,,,,,,,,,,,,,,,,,,,,,,,,,,,,,,,,,,,,,,,,,,,,,,,,,,,,,,,,,,,,,,,,,,,,,,,,,,,,,,,,,,,,,,,,,,,,,,,,,,,,,,,,,,,,,,,,,,,,,,,,,,,,,,,,,,,,,,,,,,,,,,,,,,,,,,,,,,,,,,,,,,,,,,,,,,,,,,,,,,,,,,,,,,,,,,,,,,,,,,,,,,,,,,,,,,,,,,,,,,,,,,,,,,,,,,,,,,,,,,,,,,,,,,,,,,,,,,,,,,,,,,,,,,,,,,,,,,,,,,,,,,,,,,,,,,,,,,,,,,,,,,,,,,,,,,,,,,,,,,,,,,,,,,,,,,,
44,LTE_MAC_DL_Transport_Block,2021-11-29 14:59:58.930651,1,1,DL Transport Block,4,28,1,,1,0,9,654,P-RNTI,1,0,0,7,0,0,7,,,,,,,,,,,,,,,,,,,,,,,,,,,,,,,,,,,,,,,,,,,,,,,,,,,,,,,,,,,,,,,,,,,,,,,,,,,,,,,,,,,,,,,,,,,,,,,,,,,,,,,,,,,,,,,,,,,,,,,,,,,,,,,,,,,,,,,,,,,,,,,,,,,,,,,,,,,,,,,,,,,,,,,,,,,,,,,,,,,,,,,,,,,,,,,,,,,,,,,,,,,,,,,,,,,,,,,,,,,,,,,,,,,,,,,,,,,,,,,,,,,,,,,,,,,,,,,,,,,,,,,,,,,,,,,,,,,,,,,,,,,,,,,,,,,,,,,,,,,,,,,,,,,,,,,,,,,,,,,,,,,,,,,,,,,,,,,,,,,,,,,,,,,,,,,,,,,,,,,,,,,,,,,,,,,,,,,,,,,,,,,,,,,,,,,,,,,,,,,,,,,,,,,,,,,,,,,,,,,,,,,,,,,,,,,,,,,,,,,,,,,,,,,,,,,,,,,,,,,,,,,,,,,,,,,,,,,,,,,,,,,,,,,,,,,,,,,,,,,,,,,,,,,,,,,,,,,,,,,
56,LTE_MAC_DL_Transport_Block,2021-11-29 14:58:59.890867,1,1,DL Transport Block,4,40,2,,1,0,8,891,C-RNTI,0,0,0,85,1,6,3,,35,3,76,31,Padding,-1,1,0,5,895,C-RNTI,1,0,0,11,1,6,3,,35,3,2,31,Padding,-1,,,,,,,,,,,,,,,,,,,,,,,,,,,,,,,,,,,,,,,,,,,,,,,,,,,,,,,,,,,,,,,,,,,,,,,,,,,,,,,,,,,,,,,,,,,,,,,,,,,,,,,,,,,,,,,,,,,,,,,,,,,,,,,,,,,,,,,,,,,,,,,,,,,,,,,,,,,,,,,,,,,,,,,,,,,,,,,,,,,,,,,,,,,,,,,,,,,,,,,,,,,,,,,,,,,,,,,,,,,,,,,,,,,,,,,,,,,,,,,,,,,,,,,,,,,,,,,,,,,,,,,,,,,,,,,,,,,,,,,,,,,,,,,,,,,,,,,,,,,,,,,,,,,,,,,,,,,,,,,,,,,,,,,,,,,,,,,,,,,,,,,,,,,,,,,,,,,,,,,,,,,,,,,,,,,,,,,,,,,,,,,,,,,,,,,,,,,,,,,,,,,,,,,,,,,,,,,,,,,,,,,,,,,,,,,,,,,,,,,,,,,,,,,,,,,,,,,,,,,,,,,,,,,,,,,,,,,,,,,,,,,,,,,,,,,,,
56,LTE_MAC_DL_Transport_Block,2021-11-29 15:00:17.502102,1,1,DL Transport Block,4,40,2,,1,0,4,464,C-RNTI,1,0,0,85,1,6,3,,35,3,76,31,Padding,-1,1,0,5,464,C-RNTI,2,0,0,85,1,6,3,,35,3,76,31,Padding,-1,,,,,,,,,,,,,,,,,,,,,,,,,,,,,,,,,,,,,,,,,,,,,,,,,,,,,,,,,,,,,,,,,,,,,,,,,,,,,,,,,,,,,,,,,,,,,,,,,,,,,,,,,,,,,,,,,,,,,,,,,,,,,,,,,,,,,,,,,,,,,,,,,,,,,,,,,,,,,,,,,,,,,,,,,,,,,,,,,,,,,,,,,,,,,,,,,,,,,,,,,,,,,,,,,,,,,,,,,,,,,,,,,,,,,,,,,,,,,,,,,,,,,,,,,,,,,,,,,,,,,,,,,,,,,,,,,,,,,,,,,,,,,,,,,,,,,,,,,,,,,,,,,,,,,,,,,,,,,,,,,,,,,,,,,,,,,,,,,,,,,,,,,,,,,,,,,,,,,,,,,,,,,,,,,,,,,,,,,,,,,,,,,,,,,,,,,,,,,,,,,,,,,,,,,,,,,,,,,,,,,,,,,,,,,,,,,,,,,,,,,,,,,,,,,,,,,,,,,,,,,,,,,,,,,,,,,,,,,,,,,,,,,,,,,,,,,
56,LTE_MAC_DL_Transport_Block,2021-11-29 15:00:17.602145,1,1,DL Transport Block,4,40,2,,1,0,8,470,C-RNTI,3,0,0,85,1,6,3,,35,3,76,31,Padding,-1,1,0,7,472,C-RNTI,4,0,0,22,1,17,3,,35,3,2,31,Padding,-1,,,,,,,,,,,,,,,,,,,,,,,,,,,,,,,,,,,,,,,,,,,,,,,,,,,,,,,,,,,,,,,,,,,,,,,,,,,,,,,,,,,,,,,,,,,,,,,,,,,,,,,,,,,,,,,,,,,,,,,,,,,,,,,,,,,,,,,,,,,,,,,,,,,,,,,,,,,,,,,,,,,,,,,,,,,,,,,,,,,,,,,,,,,,,,,,,,,,,,,,,,,,,,,,,,,,,,,,,,,,,,,,,,,,,,,,,,,,,,,,,,,,,,,,,,,,,,,,,,,,,,,,,,,,,,,,,,,,,,,,,,,,,,,,,,,,,,,,,,,,,,,,,,,,,,,,,,,,,,,,,,,,,,,,,,,,,,,,,,,,,,,,,,,,,,,,,,,,,,,,,,,,,,,,,,,,,,,,,,,,,,,,,,,,,,,,,,,,,,,,,,,,,,,,,,,,,,,,,,,,,,,,,,,,,,,,,,,,,,,,,,,,,,,,,,,,,,,,,,,,,,,,,,,,,,,,,,,,,,,,,,,,,,,,,,,,,
44,LTE_MAC_DL_Transport_Block,2021-11-29 15:02:39.629163,1,1,DL Transport Block,4,28,1,,1,0,9,338,P-RNTI,1,0,0,7,0,0,7,,,,,,,,,,,,,,,,,,,,,,,,,,,,,,,,,,,,,,,,,,,,,,,,,,,,,,,,,,,,,,,,,,,,,,,,,,,,,,,,,,,,,,,,,,,,,,,,,,,,,,,,,,,,,,,,,,,,,,,,,,,,,,,,,,,,,,,,,,,,,,,,,,,,,,,,,,,,,,,,,,,,,,,,,,,,,,,,,,,,,,,,,,,,,,,,,,,,,,,,,,,,,,,,,,,,,,,,,,,,,,,,,,,,,,,,,,,,,,,,,,,,,,,,,,,,,,,,,,,,,,,,,,,,,,,,,,,,,,,,,,,,,,,,,,,,,,,,,,,,,,,,,,,,,,,,,,,,,,,,,,,,,,,,,,,,,,,,,,,,,,,,,,,,,,,,,,,,,,,,,,,,,,,,,,,,,,,,,,,,,,,,,,,,,,,,,,,,,,,,,,,,,,,,,,,,,,,,,,,,,,,,,,,,,,,,,,,,,,,,,,,,,,,,,,,,,,,,,,,,,,,,,,,,,,,,,,,,,,,,,,,,,,,,,,,,,,,,,,,,,,,,,,,,,,,,,,,,,,,
40,LTE_MAC_DL_Transport_Block,2021-11-29 14:59:05.006817,1,1,DL Transport Block,4,24,1,,1,0,8,379,C-RNTI,3,0,0,22,1,10,3,,33,1,9,31,Padding,-1,,,,,,,,,,,,,,,,,,,,,,,,,,,,,,,,,,,,,,,,,,,,,,,,,,,,,,,,,,,,,,,,,,,,,,,,,,,,,,,,,,,,,,,,,,,,,,,,,,,,,,,,,,,,,,,,,,,,,,,,,,,,,,,,,,,,,,,,,,,,,,,,,,,,,,,,,,,,,,,,,,,,,,,,,,,,,,,,,,,,,,,,,,,,,,,,,,,,,,,,,,,,,,,,,,,,,,,,,,,,,,,,,,,,,,,,,,,,,,,,,,,,,,,,,,,,,,,,,,,,,,,,,,,,,,,,,,,,,,,,,,,,,,,,,,,,,,,,,,,,,,,,,,,,,,,,,,,,,,,,,,,,,,,,,,,,,,,,,,,,,,,,,,,,,,,,,,,,,,,,,,,,,,,,,,,,,,,,,,,,,,,,,,,,,,,,,,,,,,,,,,,,,,,,,,,,,,,,,,,,,,,,,,,,,,,,,,,,,,,,,,,,,,,,,,,,,,,,,,,,,,,,,,,,,,,,,,,,,,,,,,,,,,,,,,,,,,,,,,,,,,,,,,,,,,,,
88,LTE_MAC_DL_Transport_Block,2021-11-29 14:59:05.890731,1,1,DL Transport Block,4,72,3,,1,0,9,466,P-RNTI,1,0,0,7,0,0,7,1,0,9,469,RA-RNTI,1,0,0,7,0,0,7,1,0,0,471,Temporary-C-RNTI,0,0,0,47,1,3,10,,,,,,,,,,,,,,,,,,,,,,,,,,,,,,,,,,,,,,,,,,,,,,,,,,,,,,,,,,,,,,,,,,,,,,,,,,,,,,,,,,,,,,,,,,,,,,,,,,,,,,,,,,,,,,,,,,,,,,,,,,,,,,,,,,,,,,,,,,,,,,,,,,,,,,,,,,,,,,,,,,,,,,,,,,,,,,,,,,,,,,,,,,,,,,,,,,,,,,,,,,,,,,,,,,,,,,,,,,,,,,,,,,,,,,,,,,,,,,,,,,,,,,,,,,,,,,,,,,,,,,,,,,,,,,,,,,,,,,,,,,,,,,,,,,,,,,,,,,,,,,,,,,,,,,,,,,,,,,,,,,,,,,,,,,,,,,,,,,,,,,,,,,,,,,,,,,,,,,,,,,,,,,,,,,,,,,,,,,,,,,,,,,,,,,,,,,,,,,,,,,,,,,,,,,,,,,,,,,,,,,,,,,,,,,,,,,,,,,,,,,,,,,,,,,,,,,,,,,,,,,,,,,,,,,,,,,,,,,,,,,,,,,,,,,,,,,,
56,LTE_MAC_DL_Transport_Block,2021-11-29 14:59:05.940558,1,1,DL Transport Block,4,40,2,,1,0,7,473,C-RNTI,1,0,0,11,1,6,3,,33,1,2,31,Padding,-1,1,0,8,475,C-RNTI,2,0,0,165,1,2,4,,33,1,159,31,Padding,-1,,,,,,,,,,,,,,,,,,,,,,,,,,,,,,,,,,,,,,,,,,,,,,,,,,,,,,,,,,,,,,,,,,,,,,,,,,,,,,,,,,,,,,,,,,,,,,,,,,,,,,,,,,,,,,,,,,,,,,,,,,,,,,,,,,,,,,,,,,,,,,,,,,,,,,,,,,,,,,,,,,,,,,,,,,,,,,,,,,,,,,,,,,,,,,,,,,,,,,,,,,,,,,,,,,,,,,,,,,,,,,,,,,,,,,,,,,,,,,,,,,,,,,,,,,,,,,,,,,,,,,,,,,,,,,,,,,,,,,,,,,,,,,,,,,,,,,,,,,,,,,,,,,,,,,,,,,,,,,,,,,,,,,,,,,,,,,,,,,,,,,,,,,,,,,,,,,,,,,,,,,,,,,,,,,,,,,,,,,,,,,,,,,,,,,,,,,,,,,,,,,,,,,,,,,,,,,,,,,,,,,,,,,,,,,,,,,,,,,,,,,,,,,,,,,,,,,,,,,,,,,,,,,,,,,,,,,,,,,,,,,,,,,,,,,,,,
248,LTE_MAC_DL_Transport_Block,2021-11-29 14:57:31.085892,1,1,DL Transport Block,4,232,14,,1,0,8,203,C-RNTI,1,0,0,22,1,17,3,,35,3,2,31,Padding,-1,1,0,1,205,C-RNTI,2,0,0,85,1,6,3,,35,3,76,31,Padding,-1,1,0,2,205,C-RNTI,3,0,0,1692,1,0,1,,3,3,0,1,0,2,205,C-RNTI,3,0,0,1335,1,132,4,,35,3,1199,31,Padding,-1,1,0,6,205,C-RNTI,4,0,0,2577,1,0,1,,3,3,0,1,0,6,205,C-RNTI,4,0,0,2292,1,0,1,,3,3,0,1,0,7,205,C-RNTI,5,0,0,2196,1,0,1,,3,3,0,1,0,7,205,C-RNTI,5,0,0,1908,1,297,4,,35,3,1607,31,Padding,-1,1,0,0,206,C-RNTI,6,0,0,2292,1,0,1,,3,3,0,1,0,0,206,C-RNTI,6,0,0,2292,1,0,1,,3,3,0,1,0,1,206,C-RNTI,7,0,0,621,1,0,1,,3,3,0,1,0,1,206,C-RNTI,7,0,0,621,1,33,4,,35,3,584,31,Padding,-1,1,0,2,206,C-RNTI,0,0,0,1287,1,0,1,,3,3,0,1,0,2,206,C-RNTI,0,0,0,871,1,272,4,,35,3,595,31,Padding,-1,,,,,,,,,,,,,,,,,,,,,,,,,,,,,,,,,,,,,,,,,,,,,,,,,,,,,,,,,,,,,,,,,,,,,,,,,,,,,,,,,,,,,,,,,,,,,,,,,,,,,,,,,,,,,,,,,,,,,,,,,,,,,,,,,,,,,,,,,,,,,,,,,,,,,,,,,,,,,,,,,,,,,,,,,,,,,,,,,,,,,,,,,,,,,,,,,,,,,,,,,,,,,,,,,,,,,,,,,,,,,,,,,,,,,,,,,,,,,,,,,,,,,,,,,,,,,,,,,,,,,,,,,,,,,,,,,,,,,,,,,,,,,,,,,
200,LTE_MAC_DL_Transport_Block,2021-11-29 14:57:31.135918,1,1,DL Transport Block,4,184,11,,1,0,1,207,C-RNTI,1,0,0,2961,1,0,1,,3,3,0,1,0,1,207,C-RNTI,1,0,0,2961,1,140,4,,35,3,2817,31,Padding,-1,1,0,3,207,C-RNTI,2,0,0,389,1,0,1,,3,3,0,1,0,4,207,C-RNTI,3,0,0,1063,1,0,1,,3,3,0,1,0,4,207,C-RNTI,3,0,0,1063,1,51,4,,35,3,1008,31,Padding,-1,1,0,6,207,C-RNTI,4,0,0,1479,1,0,1,,3,3,0,1,0,6,207,C-RNTI,4,0,0,1620,1,204,4,,35,3,1412,31,Padding,-1,1,0,7,207,C-RNTI,5,0,0,1479,1,0,1,,3,3,0,1,0,7,207,C-RNTI,5,0,0,1479,1,97,4,,35,3,1378,31,Padding,-1,1,0,1,208,C-RNTI,2,0,0,437,1,0,1,,3,3,0,1,0,8,208,C-RNTI,6,0,0,22,1,17,3,,35,3,2,31,Padding,-1,,,,,,,,,,,,,,,,,,,,,,,,,,,,,,,,,,,,,,,,,,,,,,,,,,,,,,,,,,,,,,,,,,,,,,,,,,,,,,,,,,,,,,,,,,,,,,,,,,,,,,,,,,,,,,,,,,,,,,,,,,,,,,,,,,,,,,,,,,,,,,,,,,,,,,,,,,,,,,,,,,,,,,,,,,,,,,,,,,,,,,,,,,,,,,,,,,,,,,,,,,,,,,,,,,,,,,,,,,,,,,,,,,,,,,,,,,,,,,,,,,,,,,,,,,,,,,,,,,,,,,,,,,,,,,,,,,,,,,,,,,,,,,,,,,,,,,,,,,,,,,,,,,,,,,,,,,,,,,,,,,,,,,,,,,,,,,,,,,,,
56,LTE_MAC_DL_Transport_Block,2021-11-29 14:57:31.186259,1,1,DL Transport Block,4,40,2,,1,0,8,213,C-RNTI,7,0,0,193,1,188,3,,35,3,2,31,Padding,-1,1,0,8,213,C-RNTI,7,0,0,193,0,192,1,,31,Padding,-1,,,,,,,,,,,,,,,,,,,,,,,,,,,,,,,,,,,,,,,,,,,,,,,,,,,,,,,,,,,,,,,,,,,,,,,,,,,,,,,,,,,,,,,,,,,,,,,,,,,,,,,,,,,,,,,,,,,,,,,,,,,,,,,,,,,,,,,,,,,,,,,,,,,,,,,,,,,,,,,,,,,,,,,,,,,,,,,,,,,,,,,,,,,,,,,,,,,,,,,,,,,,,,,,,,,,,,,,,,,,,,,,,,,,,,,,,,,,,,,,,,,,,,,,,,,,,,,,,,,,,,,,,,,,,,,,,,,,,,,,,,,,,,,,,,,,,,,,,,,,,,,,,,,,,,,,,,,,,,,,,,,,,,,,,,,,,,,,,,,,,,,,,,,,,,,,,,,,,,,,,,,,,,,,,,,,,,,,,,,,,,,,,,,,,,,,,,,,,,,,,,,,,,,,,,,,,,,,,,,,,,,,,,,,,,,,,,,,,,,,,,,,,,,,,,,,,,,,,,,,,,,,,,,,,,,,,,,,,,,,,,,,,,,,,,,,,,,,
56,LTE_MAC_DL_Transport_Block,2021-11-29 14:58:35.031464,1,1,DL Transport Block,4,40,2,,1,0,4,454,C-RNTI,1,0,0,217,1,8,4,,35,3,205,31,Padding,-1,1,0,7,456,C-RNTI,2,0,0,22,1,17,3,,35,3,2,31,Padding,-1,,,,,,,,,,,,,,,,,,,,,,,,,,,,,,,,,,,,,,,,,,,,,,,,,,,,,,,,,,,,,,,,,,,,,,,,,,,,,,,,,,,,,,,,,,,,,,,,,,,,,,,,,,,,,,,,,,,,,,,,,,,,,,,,,,,,,,,,,,,,,,,,,,,,,,,,,,,,,,,,,,,,,,,,,,,,,,,,,,,,,,,,,,,,,,,,,,,,,,,,,,,,,,,,,,,,,,,,,,,,,,,,,,,,,,,,,,,,,,,,,,,,,,,,,,,,,,,,,,,,,,,,,,,,,,,,,,,,,,,,,,,,,,,,,,,,,,,,,,,,,,,,,,,,,,,,,,,,,,,,,,,,,,,,,,,,,,,,,,,,,,,,,,,,,,,,,,,,,,,,,,,,,,,,,,,,,,,,,,,,,,,,,,,,,,,,,,,,,,,,,,,,,,,,,,,,,,,,,,,,,,,,,,,,,,,,,,,,,,,,,,,,,,,,,,,,,,,,,,,,,,,,,,,,,,,,,,,,,,,,,,,,,,,,,,,,,
40,LTE_MAC_DL_Transport_Block,2021-11-29 15:03:23.788905,1,1,DL Transport Block,4,24,1,,1,0,2,660,C-RNTI,7,0,0,11,0,8,3,,59,Activation/Deactivation (1 octet),1,0,31,Padding,-1,,,,,,,,,,,,,,,,,,,,,,,,,,,,,,,,,,,,,,,,,,,,,,,,,,,,,,,,,,,,,,,,,,,,,,,,,,,,,,,,,,,,,,,,,,,,,,,,,,,,,,,,,,,,,,,,,,,,,,,,,,,,,,,,,,,,,,,,,,,,,,,,,,,,,,,,,,,,,,,,,,,,,,,,,,,,,,,,,,,,,,,,,,,,,,,,,,,,,,,,,,,,,,,,,,,,,,,,,,,,,,,,,,,,,,,,,,,,,,,,,,,,,,,,,,,,,,,,,,,,,,,,,,,,,,,,,,,,,,,,,,,,,,,,,,,,,,,,,,,,,,,,,,,,,,,,,,,,,,,,,,,,,,,,,,,,,,,,,,,,,,,,,,,,,,,,,,,,,,,,,,,,,,,,,,,,,,,,,,,,,,,,,,,,,,,,,,,,,,,,,,,,,,,,,,,,,,,,,,,,,,,,,,,,,,,,,,,,,,,,,,,,,,,,,,,,,,,,,,,,,,,,,,,,,,,,,,,,,,,,,,,,,,,,,,,,,,,,,,,,,,,,,,,,,,,
404,LTE_MAC_DL_Transport_Block,2021-11-29 14:57:42.961484,1,1,DL Transport Block,4,388,23,,1,0,5,366,C-RNTI,2,0,0,717,1,0,3,,59,Activation/Deactivation (1 octet),1,2,3,3,0,1,0,5,366,C-RNTI,2,0,0,775,1,36,4,,35,3,735,31,Padding,-1,1,0,6,366,C-RNTI,7,0,0,2292,1,0,1,,3,3,0,1,0,6,366,C-RNTI,7,0,0,2292,1,246,4,,35,3,2042,31,Padding,-1,1,0,8,366,C-RNTI,0,0,0,1479,1,0,1,,3,3,0,1,0,8,366,C-RNTI,0,0,0,1620,1,204,4,,35,3,1412,31,Padding,-1,1,0,9,366,C-RNTI,1,0,0,1063,1,0,1,,3,3,0,1,0,9,366,C-RNTI,1,0,0,1143,1,49,4,,35,3,1090,31,Padding,-1,1,0,3,368,C-RNTI,6,0,0,2292,1,0,1,,3,3,0,1,0,3,368,C-RNTI,6,0,0,2292,1,245,4,,35,3,2043,31,Padding,-1,1,0,4,368,C-RNTI,4,0,0,717,1,0,1,,3,3,0,1,0,4,368,C-RNTI,4,0,0,903,1,169,4,,35,3,730,31,Padding,-1,1,0,5,368,C-RNTI,3,0,0,1527,1,0,1,,3,3,0,1,0,5,368,C-RNTI,3,0,0,1431,1,63,4,,35,3,1364,31,Padding,-1,1,0,6,368,C-RNTI,5,0,0,1287,1,0,1,,3,3,0,1,0,6,368,C-RNTI,5,0,0,1383,1,69,4,,35,3,1310,31,Padding,-1,1,0,6,368,C-RNTI,0,0,0,153,1,0,1,,3,3,0,1,0,9,368,C-RNTI,2,0,0,261,1,0,1,,3,3,0,1,0,9,368,C-RNTI,2,0,0,549,1,25,4,,35,3,520,31,Padding,-1,1,0,9,368,C-RNTI,1,0,0,437,1,0,1,,3,3,0,1,0,9,368,C-RNTI,1,0,0,173,1,12,4,,35,3,157,31,Padding,-1,1,0,4,369,C-RNTI,0,0,0,153,1,3,4,,35,3,146,31,Padding,-1,1,0,5,369,C-RNTI,7,0,0,22,1,17,3,,35,3,2,31,Padding,-1,,,,,,,,,,,,,,,,,,,,,,,,,,,,,,,,,,,,,,,,,,,,,,,,,,,,,,,,,,,,,,,,,,,,,,,,,,,,,,,,,,,,,,,,,,,,,,,,,,,,,,,,,,,,,,,,,,,,,,,,,,,
40,LTE_MAC_DL_Transport_Block,2021-11-29 14:57:43.011534,1,1,DL Transport Block,4,24,1,,1,0,5,374,C-RNTI,0,0,0,22,1,17,3,,35,3,2,31,Padding,-1,,,,,,,,,,,,,,,,,,,,,,,,,,,,,,,,,,,,,,,,,,,,,,,,,,,,,,,,,,,,,,,,,,,,,,,,,,,,,,,,,,,,,,,,,,,,,,,,,,,,,,,,,,,,,,,,,,,,,,,,,,,,,,,,,,,,,,,,,,,,,,,,,,,,,,,,,,,,,,,,,,,,,,,,,,,,,,,,,,,,,,,,,,,,,,,,,,,,,,,,,,,,,,,,,,,,,,,,,,,,,,,,,,,,,,,,,,,,,,,,,,,,,,,,,,,,,,,,,,,,,,,,,,,,,,,,,,,,,,,,,,,,,,,,,,,,,,,,,,,,,,,,,,,,,,,,,,,,,,,,,,,,,,,,,,,,,,,,,,,,,,,,,,,,,,,,,,,,,,,,,,,,,,,,,,,,,,,,,,,,,,,,,,,,,,,,,,,,,,,,,,,,,,,,,,,,,,,,,,,,,,,,,,,,,,,,,,,,,,,,,,,,,,,,,,,,,,,,,,,,,,,,,,,,,,,,,,,,,,,,,,,,,,,,,,,,,,,,,,,,,,,,,,,,,,,,
40,LTE_MAC_DL_Transport_Block,2021-11-29 14:56:39.610920,1,1,DL Transport Block,4,24,1,,1,0,2,176,C-RNTI,6,0,0,22,1,17,3,,35,3,2,31,Padding,-1,,,,,,,,,,,,,,,,,,,,,,,,,,,,,,,,,,,,,,,,,,,,,,,,,,,,,,,,,,,,,,,,,,,,,,,,,,,,,,,,,,,,,,,,,,,,,,,,,,,,,,,,,,,,,,,,,,,,,,,,,,,,,,,,,,,,,,,,,,,,,,,,,,,,,,,,,,,,,,,,,,,,,,,,,,,,,,,,,,,,,,,,,,,,,,,,,,,,,,,,,,,,,,,,,,,,,,,,,,,,,,,,,,,,,,,,,,,,,,,,,,,,,,,,,,,,,,,,,,,,,,,,,,,,,,,,,,,,,,,,,,,,,,,,,,,,,,,,,,,,,,,,,,,,,,,,,,,,,,,,,,,,,,,,,,,,,,,,,,,,,,,,,,,,,,,,,,,,,,,,,,,,,,,,,,,,,,,,,,,,,,,,,,,,,,,,,,,,,,,,,,,,,,,,,,,,,,,,,,,,,,,,,,,,,,,,,,,,,,,,,,,,,,,,,,,,,,,,,,,,,,,,,,,,,,,,,,,,,,,,,,,,,,,,,,,,,,,,,,,,,,,,,,,,,,,,
40,LTE_MAC_DL_Transport_Block,2021-11-29 14:58:03.451914,1,1,DL Transport Block,4,24,1,,1,0,3,370,C-RNTI,5,0,0,421,1,416,3,,35,3,2,31,Padding,-1,,,,,,,,,,,,,,,,,,,,,,,,,,,,,,,,,,,,,,,,,,,,,,,,,,,,,,,,,,,,,,,,,,,,,,,,,,,,,,,,,,,,,,,,,,,,,,,,,,,,,,,,,,,,,,,,,,,,,,,,,,,,,,,,,,,,,,,,,,,,,,,,,,,,,,,,,,,,,,,,,,,,,,,,,,,,,,,,,,,,,,,,,,,,,,,,,,,,,,,,,,,,,,,,,,,,,,,,,,,,,,,,,,,,,,,,,,,,,,,,,,,,,,,,,,,,,,,,,,,,,,,,,,,,,,,,,,,,,,,,,,,,,,,,,,,,,,,,,,,,,,,,,,,,,,,,,,,,,,,,,,,,,,,,,,,,,,,,,,,,,,,,,,,,,,,,,,,,,,,,,,,,,,,,,,,,,,,,,,,,,,,,,,,,,,,,,,,,,,,,,,,,,,,,,,,,,,,,,,,,,,,,,,,,,,,,,,,,,,,,,,,,,,,,,,,,,,,,,,,,,,,,,,,,,,,,,,,,,,,,,,,,,,,,,,,,,,,,,,,,,,,,,,,,,,,,
56,LTE_MAC_DL_Transport_Block,2021-11-29 14:58:03.651918,1,1,DL Transport Block,4,40,2,,1,0,2,388,C-RNTI,6,0,0,161,1,8,4,,35,3,149,31,Padding,-1,1,0,5,390,C-RNTI,7,0,0,22,1,17,3,,35,3,2,31,Padding,-1,,,,,,,,,,,,,,,,,,,,,,,,,,,,,,,,,,,,,,,,,,,,,,,,,,,,,,,,,,,,,,,,,,,,,,,,,,,,,,,,,,,,,,,,,,,,,,,,,,,,,,,,,,,,,,,,,,,,,,,,,,,,,,,,,,,,,,,,,,,,,,,,,,,,,,,,,,,,,,,,,,,,,,,,,,,,,,,,,,,,,,,,,,,,,,,,,,,,,,,,,,,,,,,,,,,,,,,,,,,,,,,,,,,,,,,,,,,,,,,,,,,,,,,,,,,,,,,,,,,,,,,,,,,,,,,,,,,,,,,,,,,,,,,,,,,,,,,,,,,,,,,,,,,,,,,,,,,,,,,,,,,,,,,,,,,,,,,,,,,,,,,,,,,,,,,,,,,,,,,,,,,,,,,,,,,,,,,,,,,,,,,,,,,,,,,,,,,,,,,,,,,,,,,,,,,,,,,,,,,,,,,,,,,,,,,,,,,,,,,,,,,,,,,,,,,,,,,,,,,,,,,,,,,,,,,,,,,,,,,,,,,,,,,,,,,,,
40,LTE_MAC_DL_Transport_Block,2021-11-29 14:57:52.231694,1,1,DL Transport Block,4,24,1,,1,0,5,271,C-RNTI,1,0,0,22,1,17,3,,35,3,2,31,Padding,-1,,,,,,,,,,,,,,,,,,,,,,,,,,,,,,,,,,,,,,,,,,,,,,,,,,,,,,,,,,,,,,,,,,,,,,,,,,,,,,,,,,,,,,,,,,,,,,,,,,,,,,,,,,,,,,,,,,,,,,,,,,,,,,,,,,,,,,,,,,,,,,,,,,,,,,,,,,,,,,,,,,,,,,,,,,,,,,,,,,,,,,,,,,,,,,,,,,,,,,,,,,,,,,,,,,,,,,,,,,,,,,,,,,,,,,,,,,,,,,,,,,,,,,,,,,,,,,,,,,,,,,,,,,,,,,,,,,,,,,,,,,,,,,,,,,,,,,,,,,,,,,,,,,,,,,,,,,,,,,,,,,,,,,,,,,,,,,,,,,,,,,,,,,,,,,,,,,,,,,,,,,,,,,,,,,,,,,,,,,,,,,,,,,,,,,,,,,,,,,,,,,,,,,,,,,,,,,,,,,,,,,,,,,,,,,,,,,,,,,,,,,,,,,,,,,,,,,,,,,,,,,,,,,,,,,,,,,,,,,,,,,,,,,,,,,,,,,,,,,,,,,,,,,,,,,,,
40,LTE_MAC_DL_Transport_Block,2021-11-29 14:57:52.281717,1,1,DL Transport Block,4,24,1,,1,0,5,276,C-RNTI,6,0,0,22,1,17,3,,35,3,2,31,Padding,-1,,,,,,,,,,,,,,,,,,,,,,,,,,,,,,,,,,,,,,,,,,,,,,,,,,,,,,,,,,,,,,,,,,,,,,,,,,,,,,,,,,,,,,,,,,,,,,,,,,,,,,,,,,,,,,,,,,,,,,,,,,,,,,,,,,,,,,,,,,,,,,,,,,,,,,,,,,,,,,,,,,,,,,,,,,,,,,,,,,,,,,,,,,,,,,,,,,,,,,,,,,,,,,,,,,,,,,,,,,,,,,,,,,,,,,,,,,,,,,,,,,,,,,,,,,,,,,,,,,,,,,,,,,,,,,,,,,,,,,,,,,,,,,,,,,,,,,,,,,,,,,,,,,,,,,,,,,,,,,,,,,,,,,,,,,,,,,,,,,,,,,,,,,,,,,,,,,,,,,,,,,,,,,,,,,,,,,,,,,,,,,,,,,,,,,,,,,,,,,,,,,,,,,,,,,,,,,,,,,,,,,,,,,,,,,,,,,,,,,,,,,,,,,,,,,,,,,,,,,,,,,,,,,,,,,,,,,,,,,,,,,,,,,,,,,,,,,,,,,,,,,,,,,,,,,,,
104,LTE_MAC_DL_Transport_Block,2021-11-29 14:58:55.274457,1,1,DL Transport Block,4,88,5,,1,0,7,429,C-RNTI,1,0,0,22,1,17,3,,35,3,2,31,Padding,-1,1,0,8,429,C-RNTI,2,0,0,85,1,6,3,,35,3,76,31,Padding,-1,1,0,6,430,C-RNTI,3,0,0,161,1,0,1,,3,3,0,1,0,6,430,C-RNTI,3,0,0,161,1,0,1,,3,3,0,1,0,7,430,C-RNTI,4,0,0,161,1,6,4,,35,3,151,31,Padding,-1,,,,,,,,,,,,,,,,,,,,,,,,,,,,,,,,,,,,,,,,,,,,,,,,,,,,,,,,,,,,,,,,,,,,,,,,,,,,,,,,,,,,,,,,,,,,,,,,,,,,,,,,,,,,,,,,,,,,,,,,,,,,,,,,,,,,,,,,,,,,,,,,,,,,,,,,,,,,,,,,,,,,,,,,,,,,,,,,,,,,,,,,,,,,,,,,,,,,,,,,,,,,,,,,,,,,,,,,,,,,,,,,,,,,,,,,,,,,,,,,,,,,,,,,,,,,,,,,,,,,,,,,,,,,,,,,,,,,,,,,,,,,,,,,,,,,,,,,,,,,,,,,,,,,,,,,,,,,,,,,,,,,,,,,,,,,,,,,,,,,,,,,,,,,,,,,,,,,,,,,,,,,,,,,,,,,,,,,,,,,,,,,,,,,,,,,,,,,,,,,,,,,,,,,,,,,,,,,,,,,,,,,,,,,,,,,,,,,,,,,,,
60,LTE_MAC_DL_Transport_Block,2021-11-29 14:58:55.324459,1,1,DL Transport Block,4,44,2,,1,0,2,434,C-RNTI,5,0,0,85,1,6,3,,35,3,76,31,Padding,-1,1,0,7,434,C-RNTI,6,0,0,97,2,14,5,,35,3,2,35,3,76,31,Padding,-1,,,,,,,,,,,,,,,,,,,,,,,,,,,,,,,,,,,,,,,,,,,,,,,,,,,,,,,,,,,,,,,,,,,,,,,,,,,,,,,,,,,,,,,,,,,,,,,,,,,,,,,,,,,,,,,,,,,,,,,,,,,,,,,,,,,,,,,,,,,,,,,,,,,,,,,,,,,,,,,,,,,,,,,,,,,,,,,,,,,,,,,,,,,,,,,,,,,,,,,,,,,,,,,,,,,,,,,,,,,,,,,,,,,,,,,,,,,,,,,,,,,,,,,,,,,,,,,,,,,,,,,,,,,,,,,,,,,,,,,,,,,,,,,,,,,,,,,,,,,,,,,,,,,,,,,,,,,,,,,,,,,,,,,,,,,,,,,,,,,,,,,,,,,,,,,,,,,,,,,,,,,,,,,,,,,,,,,,,,,,,,,,,,,,,,,,,,,,,,,,,,,,,,,,,,,,,,,,,,,,,,,,,,,,,,,,,,,,,,,,,,,,,,,,,,,,,,,,,,,,,,,,,,,,,,,,,,,,,,,,,,,,,,,,,,
40,LTE_MAC_DL_Transport_Block,2021-11-29 14:58:55.374050,1,1,DL Transport Block,4,24,1,,1,0,7,439,C-RNTI,7,0,0,22,1,17,3,,35,3,2,31,Padding,-1,,,,,,,,,,,,,,,,,,,,,,,,,,,,,,,,,,,,,,,,,,,,,,,,,,,,,,,,,,,,,,,,,,,,,,,,,,,,,,,,,,,,,,,,,,,,,,,,,,,,,,,,,,,,,,,,,,,,,,,,,,,,,,,,,,,,,,,,,,,,,,,,,,,,,,,,,,,,,,,,,,,,,,,,,,,,,,,,,,,,,,,,,,,,,,,,,,,,,,,,,,,,,,,,,,,,,,,,,,,,,,,,,,,,,,,,,,,,,,,,,,,,,,,,,,,,,,,,,,,,,,,,,,,,,,,,,,,,,,,,,,,,,,,,,,,,,,,,,,,,,,,,,,,,,,,,,,,,,,,,,,,,,,,,,,,,,,,,,,,,,,,,,,,,,,,,,,,,,,,,,,,,,,,,,,,,,,,,,,,,,,,,,,,,,,,,,,,,,,,,,,,,,,,,,,,,,,,,,,,,,,,,,,,,,,,,,,,,,,,,,,,,,,,,,,,,,,,,,,,,,,,,,,,,,,,,,,,,,,,,,,,,,,,,,,,,,,,,,,,,,,,,,,,,,,,,
124,LTE_MAC_DL_Transport_Block,2021-11-29 14:57:18.231463,1,1,DL Transport Block,4,108,6,,1,0,8,964,C-RNTI,4,0,0,22,1,17,3,,35,3,2,31,Padding,-1,1,0,3,966,C-RNTI,5,0,0,125,1,3,3,,35,3,119,31,Padding,-1,1,0,7,966,C-RNTI,6,0,0,22,1,17,3,,33,1,2,31,Padding,-1,1,0,8,966,C-RNTI,7,0,0,22,1,4,3,,33,1,15,31,Padding,-1,1,0,7,967,C-RNTI,0,0,0,22,1,17,3,,33,1,2,31,Padding,-1,1,0,9,968,C-RNTI,1,0,0,22,1,17,3,,33,1,2,31,Padding,-1,,,,,,,,,,,,,,,,,,,,,,,,,,,,,,,,,,,,,,,,,,,,,,,,,,,,,,,,,,,,,,,,,,,,,,,,,,,,,,,,,,,,,,,,,,,,,,,,,,,,,,,,,,,,,,,,,,,,,,,,,,,,,,,,,,,,,,,,,,,,,,,,,,,,,,,,,,,,,,,,,,,,,,,,,,,,,,,,,,,,,,,,,,,,,,,,,,,,,,,,,,,,,,,,,,,,,,,,,,,,,,,,,,,,,,,,,,,,,,,,,,,,,,,,,,,,,,,,,,,,,,,,,,,,,,,,,,,,,,,,,,,,,,,,,,,,,,,,,,,,,,,,,,,,,,,,,,,,,,,,,,,,,,,,,,,,,,,,,,,,,,,,,,,,,,,,,,,,,,,,,,,,,,,,,,,,,,,,,,,,,,,,,,,,,,,,,,,,,,,,,,,,,,,,,,,,,,,,,
56,LTE_MAC_DL_Transport_Block,2021-11-29 14:57:18.281423,1,1,DL Transport Block,4,40,2,,1,0,4,970,C-RNTI,2,0,0,22,1,17,3,,35,3,2,31,Padding,-1,1,0,1,971,C-RNTI,3,0,0,113,1,3,3,,35,3,107,31,Padding,-1,,,,,,,,,,,,,,,,,,,,,,,,,,,,,,,,,,,,,,,,,,,,,,,,,,,,,,,,,,,,,,,,,,,,,,,,,,,,,,,,,,,,,,,,,,,,,,,,,,,,,,,,,,,,,,,,,,,,,,,,,,,,,,,,,,,,,,,,,,,,,,,,,,,,,,,,,,,,,,,,,,,,,,,,,,,,,,,,,,,,,,,,,,,,,,,,,,,,,,,,,,,,,,,,,,,,,,,,,,,,,,,,,,,,,,,,,,,,,,,,,,,,,,,,,,,,,,,,,,,,,,,,,,,,,,,,,,,,,,,,,,,,,,,,,,,,,,,,,,,,,,,,,,,,,,,,,,,,,,,,,,,,,,,,,,,,,,,,,,,,,,,,,,,,,,,,,,,,,,,,,,,,,,,,,,,,,,,,,,,,,,,,,,,,,,,,,,,,,,,,,,,,,,,,,,,,,,,,,,,,,,,,,,,,,,,,,,,,,,,,,,,,,,,,,,,,,,,,,,,,,,,,,,,,,,,,,,,,,,,,,,,,,,,,,,,,,
56,LTE_MAC_DL_Transport_Block,2021-11-29 15:02:16.944322,1,1,DL Transport Block,4,40,2,,1,0,6,117,C-RNTI,4,0,0,113,1,5,3,,35,3,105,31,Padding,-1,1,0,1,118,C-RNTI,5,0,0,22,1,17,3,,35,3,2,31,Padding,-1,,,,,,,,,,,,,,,,,,,,,,,,,,,,,,,,,,,,,,,,,,,,,,,,,,,,,,,,,,,,,,,,,,,,,,,,,,,,,,,,,,,,,,,,,,,,,,,,,,,,,,,,,,,,,,,,,,,,,,,,,,,,,,,,,,,,,,,,,,,,,,,,,,,,,,,,,,,,,,,,,,,,,,,,,,,,,,,,,,,,,,,,,,,,,,,,,,,,,,,,,,,,,,,,,,,,,,,,,,,,,,,,,,,,,,,,,,,,,,,,,,,,,,,,,,,,,,,,,,,,,,,,,,,,,,,,,,,,,,,,,,,,,,,,,,,,,,,,,,,,,,,,,,,,,,,,,,,,,,,,,,,,,,,,,,,,,,,,,,,,,,,,,,,,,,,,,,,,,,,,,,,,,,,,,,,,,,,,,,,,,,,,,,,,,,,,,,,,,,,,,,,,,,,,,,,,,,,,,,,,,,,,,,,,,,,,,,,,,,,,,,,,,,,,,,,,,,,,,,,,,,,,,,,,,,,,,,,,,,,,,,,,,,,,,,,,,
516,LTE_MAC_DL_Transport_Block,2021-11-29 14:57:54.428998,1,1,DL Transport Block,4,500,30,,1,0,8,489,C-RNTI,5,0,0,85,1,6,3,,35,3,76,31,Padding,-1,1,0,0,490,C-RNTI,2,0,0,22,1,17,3,,35,3,2,31,Padding,-1,1,0,6,490,C-RNTI,7,0,0,85,1,6,3,,35,3,76,31,Padding,-1,1,0,5,491,C-RNTI,0,0,0,1527,1,0,1,,3,3,0,1,0,5,491,C-RNTI,0,0,0,1527,1,3,4,,35,3,1520,31,Padding,-1,1,0,6,491,C-RNTI,1,0,0,1527,1,0,3,,59,Activation/Deactivation (1 octet),1,2,3,3,0,1,0,6,491,C-RNTI,1,0,0,1527,1,161,4,,35,3,1362,31,Padding,-1,1,0,7,491,C-RNTI,6,0,0,1620,1,0,1,,3,3,0,1,0,7,491,C-RNTI,6,0,0,1383,1,108,4,,35,3,1271,31,Padding,-1,1,0,9,491,C-RNTI,4,0,0,1620,1,0,1,,3,3,0,1,0,9,491,C-RNTI,4,0,0,1383,1,108,4,,35,3,1271,31,Padding,-1,1,0,2,492,C-RNTI,3,0,0,1620,1,0,1,,3,3,0,1,0,2,492,C-RNTI,3,0,0,1287,1,12,4,,35,3,1271,31,Padding,-1,1,0,3,492,C-RNTI,5,0,0,1620,1,0,1,,3,3,0,1,0,3,492,C-RNTI,5,0,0,1383,1,108,4,,35,3,1271,31,Padding,-1,1,0,5,492,C-RNTI,2,0,0,4107,1,0,1,,3,3,0,1,0,5,492,C-RNTI,2,0,0,3822,1,0,1,,3,3,0,1,0,6,492,C-RNTI,7,0,0,453,1,0,1,,3,3,0,1,0,6,492,C-RNTI,7,0,0,341,1,48,4,,35,3,289,31,Padding,-1,1,0,7,492,C-RNTI,0,0,0,3182,1,0,1,,3,3,0,1,0,7,492,C-RNTI,0,0,0,2673,1,73,4,,35,3,2596,31,Padding,-1,1,0,8,492,C-RNTI,1,0,0,1620,1,0,1,,3,3,0,1,0,8,492,C-RNTI,1,0,0,1287,1,12,4,,35,3,1271,31,Padding,-1,1,0,9,492,C-RNTI,6,0,0,1620,1,0,1,,3,3,0,1,0,9,492,C-RNTI,6,0,0,1287,1,12,4,,35,3,1271,31,Padding,-1,1,0,0,493,C-RNTI,4,0,0,2196,1,0,1,,3,3,0,1,0,0,493,C-RNTI,4,0,0,1980,1,116,4,,35,3,1860,31,Padding,-1,1,0,3,493,C-RNTI,3,0,0,1620,1,0,1,,3,3,0,1,0,3,493,C-RNTI,3,0,0,1287,1,12,4,,35,3,1271,31,Padding,-1,1,0,4,493,C-RNTI,5,0,0,1692,1,0,1,,3,3,0,,
108,LTE_MAC_DL_Transport_Block,2021-11-29 14:57:54.441664,1,1,DL Transport Block,4,92,5,,1,0,4,493,C-RNTI,5,0,0,1287,1,84,4,,35,3,1199,31,Padding,-1,1,0,5,493,C-RNTI,2,0,0,1620,1,0,1,,3,3,0,1,0,5,493,C-RNTI,2,0,0,1479,1,204,4,,35,3,1271,31,Padding,-1,1,0,7,493,C-RNTI,7,0,0,597,1,0,1,,3,3,0,1,0,7,493,C-RNTI,7,0,0,341,1,27,4,,35,3,310,31,Padding,-1,,,,,,,,,,,,,,,,,,,,,,,,,,,,,,,,,,,,,,,,,,,,,,,,,,,,,,,,,,,,,,,,,,,,,,,,,,,,,,,,,,,,,,,,,,,,,,,,,,,,,,,,,,,,,,,,,,,,,,,,,,,,,,,,,,,,,,,,,,,,,,,,,,,,,,,,,,,,,,,,,,,,,,,,,,,,,,,,,,,,,,,,,,,,,,,,,,,,,,,,,,,,,,,,,,,,,,,,,,,,,,,,,,,,,,,,,,,,,,,,,,,,,,,,,,,,,,,,,,,,,,,,,,,,,,,,,,,,,,,,,,,,,,,,,,,,,,,,,,,,,,,,,,,,,,,,,,,,,,,,,,,,,,,,,,,,,,,,,,,,,,,,,,,,,,,,,,,,,,,,,,,,,,,,,,,,,,,,,,,,,,,,,,,,,,,,,,,,,,,,,,,,,,,,,,,,,,,,,,,,,,,,,,,,,,,,,,,,,,,,,,
40,LTE_MAC_DL_Transport_Block,2021-11-29 14:57:54.491750,1,1,DL Transport Block,4,24,1,,1,0,8,497,C-RNTI,0,0,0,22,1,17,3,,35,3,2,31,Padding,-1,,,,,,,,,,,,,,,,,,,,,,,,,,,,,,,,,,,,,,,,,,,,,,,,,,,,,,,,,,,,,,,,,,,,,,,,,,,,,,,,,,,,,,,,,,,,,,,,,,,,,,,,,,,,,,,,,,,,,,,,,,,,,,,,,,,,,,,,,,,,,,,,,,,,,,,,,,,,,,,,,,,,,,,,,,,,,,,,,,,,,,,,,,,,,,,,,,,,,,,,,,,,,,,,,,,,,,,,,,,,,,,,,,,,,,,,,,,,,,,,,,,,,,,,,,,,,,,,,,,,,,,,,,,,,,,,,,,,,,,,,,,,,,,,,,,,,,,,,,,,,,,,,,,,,,,,,,,,,,,,,,,,,,,,,,,,,,,,,,,,,,,,,,,,,,,,,,,,,,,,,,,,,,,,,,,,,,,,,,,,,,,,,,,,,,,,,,,,,,,,,,,,,,,,,,,,,,,,,,,,,,,,,,,,,,,,,,,,,,,,,,,,,,,,,,,,,,,,,,,,,,,,,,,,,,,,,,,,,,,,,,,,,,,,,,,,,,,,,,,,,,,,,,,,,,,,
88,LTE_MAC_DL_Transport_Block,2021-11-29 14:57:54.541740,1,1,DL Transport Block,4,72,4,,1,0,8,499,C-RNTI,0,0,0,113,1,8,3,,35,3,102,31,Padding,-1,1,0,8,499,C-RNTI,1,0,0,549,1,0,1,,3,3,0,1,0,8,499,C-RNTI,1,0,0,453,1,49,4,,35,3,400,31,Padding,-1,1,0,8,502,C-RNTI,6,0,0,22,1,17,3,,35,3,2,31,Padding,-1,,,,,,,,,,,,,,,,,,,,,,,,,,,,,,,,,,,,,,,,,,,,,,,,,,,,,,,,,,,,,,,,,,,,,,,,,,,,,,,,,,,,,,,,,,,,,,,,,,,,,,,,,,,,,,,,,,,,,,,,,,,,,,,,,,,,,,,,,,,,,,,,,,,,,,,,,,,,,,,,,,,,,,,,,,,,,,,,,,,,,,,,,,,,,,,,,,,,,,,,,,,,,,,,,,,,,,,,,,,,,,,,,,,,,,,,,,,,,,,,,,,,,,,,,,,,,,,,,,,,,,,,,,,,,,,,,,,,,,,,,,,,,,,,,,,,,,,,,,,,,,,,,,,,,,,,,,,,,,,,,,,,,,,,,,,,,,,,,,,,,,,,,,,,,,,,,,,,,,,,,,,,,,,,,,,,,,,,,,,,,,,,,,,,,,,,,,,,,,,,,,,,,,,,,,,,,,,,,,,,,,,,,,,,,,,,,,,,,,,,,,,,,,,,,,,,,,,,,,
40,LTE_MAC_DL_Transport_Block,2021-11-29 14:57:51.731602,1,1,DL Transport Block,4,24,1,,1,0,8,222,C-RNTI,7,0,0,11,0,8,3,,59,Activation/Deactivation (1 octet),1,0,31,Padding,-1,,,,,,,,,,,,,,,,,,,,,,,,,,,,,,,,,,,,,,,,,,,,,,,,,,,,,,,,,,,,,,,,,,,,,,,,,,,,,,,,,,,,,,,,,,,,,,,,,,,,,,,,,,,,,,,,,,,,,,,,,,,,,,,,,,,,,,,,,,,,,,,,,,,,,,,,,,,,,,,,,,,,,,,,,,,,,,,,,,,,,,,,,,,,,,,,,,,,,,,,,,,,,,,,,,,,,,,,,,,,,,,,,,,,,,,,,,,,,,,,,,,,,,,,,,,,,,,,,,,,,,,,,,,,,,,,,,,,,,,,,,,,,,,,,,,,,,,,,,,,,,,,,,,,,,,,,,,,,,,,,,,,,,,,,,,,,,,,,,,,,,,,,,,,,,,,,,,,,,,,,,,,,,,,,,,,,,,,,,,,,,,,,,,,,,,,,,,,,,,,,,,,,,,,,,,,,,,,,,,,,,,,,,,,,,,,,,,,,,,,,,,,,,,,,,,,,,,,,,,,,,,,,,,,,,,,,,,,,,,,,,,,,,,,,,,,,,,,,,,,,,,,,,,,,,,
44,LTE_MAC_DL_Transport_Block,2021-11-29 14:57:37.571408,1,1,DL Transport Block,4,28,1,,1,0,9,850,P-RNTI,1,0,0,7,0,0,7,,,,,,,,,,,,,,,,,,,,,,,,,,,,,,,,,,,,,,,,,,,,,,,,,,,,,,,,,,,,,,,,,,,,,,,,,,,,,,,,,,,,,,,,,,,,,,,,,,,,,,,,,,,,,,,,,,,,,,,,,,,,,,,,,,,,,,,,,,,,,,,,,,,,,,,,,,,,,,,,,,,,,,,,,,,,,,,,,,,,,,,,,,,,,,,,,,,,,,,,,,,,,,,,,,,,,,,,,,,,,,,,,,,,,,,,,,,,,,,,,,,,,,,,,,,,,,,,,,,,,,,,,,,,,,,,,,,,,,,,,,,,,,,,,,,,,,,,,,,,,,,,,,,,,,,,,,,,,,,,,,,,,,,,,,,,,,,,,,,,,,,,,,,,,,,,,,,,,,,,,,,,,,,,,,,,,,,,,,,,,,,,,,,,,,,,,,,,,,,,,,,,,,,,,,,,,,,,,,,,,,,,,,,,,,,,,,,,,,,,,,,,,,,,,,,,,,,,,,,,,,,,,,,,,,,,,,,,,,,,,,,,,,,,,,,,,,,,,,,,,,,,,,,,,,,,,,,,,,,
44,LTE_MAC_DL_Transport_Block,2021-11-29 14:58:21.660898,1,1,DL Transport Block,4,28,1,,1,0,9,143,P-RNTI,1,0,0,7,0,0,7,,,,,,,,,,,,,,,,,,,,,,,,,,,,,,,,,,,,,,,,,,,,,,,,,,,,,,,,,,,,,,,,,,,,,,,,,,,,,,,,,,,,,,,,,,,,,,,,,,,,,,,,,,,,,,,,,,,,,,,,,,,,,,,,,,,,,,,,,,,,,,,,,,,,,,,,,,,,,,,,,,,,,,,,,,,,,,,,,,,,,,,,,,,,,,,,,,,,,,,,,,,,,,,,,,,,,,,,,,,,,,,,,,,,,,,,,,,,,,,,,,,,,,,,,,,,,,,,,,,,,,,,,,,,,,,,,,,,,,,,,,,,,,,,,,,,,,,,,,,,,,,,,,,,,,,,,,,,,,,,,,,,,,,,,,,,,,,,,,,,,,,,,,,,,,,,,,,,,,,,,,,,,,,,,,,,,,,,,,,,,,,,,,,,,,,,,,,,,,,,,,,,,,,,,,,,,,,,,,,,,,,,,,,,,,,,,,,,,,,,,,,,,,,,,,,,,,,,,,,,,,,,,,,,,,,,,,,,,,,,,,,,,,,,,,,,,,,,,,,,,,,,,,,,,,,,,,,,,,,
40,LTE_MAC_DL_Transport_Block,2021-11-29 15:02:19.319094,1,1,DL Transport Block,4,24,1,,1,0,1,354,C-RNTI,4,0,0,85,1,18,3,,35,3,64,31,Padding,-1,,,,,,,,,,,,,,,,,,,,,,,,,,,,,,,,,,,,,,,,,,,,,,,,,,,,,,,,,,,,,,,,,,,,,,,,,,,,,,,,,,,,,,,,,,,,,,,,,,,,,,,,,,,,,,,,,,,,,,,,,,,,,,,,,,,,,,,,,,,,,,,,,,,,,,,,,,,,,,,,,,,,,,,,,,,,,,,,,,,,,,,,,,,,,,,,,,,,,,,,,,,,,,,,,,,,,,,,,,,,,,,,,,,,,,,,,,,,,,,,,,,,,,,,,,,,,,,,,,,,,,,,,,,,,,,,,,,,,,,,,,,,,,,,,,,,,,,,,,,,,,,,,,,,,,,,,,,,,,,,,,,,,,,,,,,,,,,,,,,,,,,,,,,,,,,,,,,,,,,,,,,,,,,,,,,,,,,,,,,,,,,,,,,,,,,,,,,,,,,,,,,,,,,,,,,,,,,,,,,,,,,,,,,,,,,,,,,,,,,,,,,,,,,,,,,,,,,,,,,,,,,,,,,,,,,,,,,,,,,,,,,,,,,,,,,,,,,,,,,,,,,,,,,,,,,,
56,LTE_MAC_DL_Transport_Block,2021-11-29 15:02:19.369092,1,1,DL Transport Block,4,40,2,,1,0,6,360,C-RNTI,5,0,0,22,1,17,3,,35,3,2,31,Padding,-1,1,0,5,362,C-RNTI,6,0,0,85,1,18,3,,35,3,64,31,Padding,-1,,,,,,,,,,,,,,,,,,,,,,,,,,,,,,,,,,,,,,,,,,,,,,,,,,,,,,,,,,,,,,,,,,,,,,,,,,,,,,,,,,,,,,,,,,,,,,,,,,,,,,,,,,,,,,,,,,,,,,,,,,,,,,,,,,,,,,,,,,,,,,,,,,,,,,,,,,,,,,,,,,,,,,,,,,,,,,,,,,,,,,,,,,,,,,,,,,,,,,,,,,,,,,,,,,,,,,,,,,,,,,,,,,,,,,,,,,,,,,,,,,,,,,,,,,,,,,,,,,,,,,,,,,,,,,,,,,,,,,,,,,,,,,,,,,,,,,,,,,,,,,,,,,,,,,,,,,,,,,,,,,,,,,,,,,,,,,,,,,,,,,,,,,,,,,,,,,,,,,,,,,,,,,,,,,,,,,,,,,,,,,,,,,,,,,,,,,,,,,,,,,,,,,,,,,,,,,,,,,,,,,,,,,,,,,,,,,,,,,,,,,,,,,,,,,,,,,,,,,,,,,,,,,,,,,,,,,,,,,,,,,,,,,,,,,,,,
40,LTE_MAC_DL_Transport_Block,2021-11-29 15:02:19.419095,1,1,DL Transport Block,4,24,1,,1,0,0,364,C-RNTI,7,0,0,85,1,18,3,,35,3,64,31,Padding,-1,,,,,,,,,,,,,,,,,,,,,,,,,,,,,,,,,,,,,,,,,,,,,,,,,,,,,,,,,,,,,,,,,,,,,,,,,,,,,,,,,,,,,,,,,,,,,,,,,,,,,,,,,,,,,,,,,,,,,,,,,,,,,,,,,,,,,,,,,,,,,,,,,,,,,,,,,,,,,,,,,,,,,,,,,,,,,,,,,,,,,,,,,,,,,,,,,,,,,,,,,,,,,,,,,,,,,,,,,,,,,,,,,,,,,,,,,,,,,,,,,,,,,,,,,,,,,,,,,,,,,,,,,,,,,,,,,,,,,,,,,,,,,,,,,,,,,,,,,,,,,,,,,,,,,,,,,,,,,,,,,,,,,,,,,,,,,,,,,,,,,,,,,,,,,,,,,,,,,,,,,,,,,,,,,,,,,,,,,,,,,,,,,,,,,,,,,,,,,,,,,,,,,,,,,,,,,,,,,,,,,,,,,,,,,,,,,,,,,,,,,,,,,,,,,,,,,,,,,,,,,,,,,,,,,,,,,,,,,,,,,,,,,,,,,,,,,,,,,,,,,,,,,,,,,,,,
40,LTE_MAC_DL_Transport_Block,2021-11-29 14:57:46.291447,1,1,DL Transport Block,4,24,1,,1,0,1,703,C-RNTI,5,0,0,22,0,19,3,,59,Activation/Deactivation (1 octet),1,0,31,Padding,-1,,,,,,,,,,,,,,,,,,,,,,,,,,,,,,,,,,,,,,,,,,,,,,,,,,,,,,,,,,,,,,,,,,,,,,,,,,,,,,,,,,,,,,,,,,,,,,,,,,,,,,,,,,,,,,,,,,,,,,,,,,,,,,,,,,,,,,,,,,,,,,,,,,,,,,,,,,,,,,,,,,,,,,,,,,,,,,,,,,,,,,,,,,,,,,,,,,,,,,,,,,,,,,,,,,,,,,,,,,,,,,,,,,,,,,,,,,,,,,,,,,,,,,,,,,,,,,,,,,,,,,,,,,,,,,,,,,,,,,,,,,,,,,,,,,,,,,,,,,,,,,,,,,,,,,,,,,,,,,,,,,,,,,,,,,,,,,,,,,,,,,,,,,,,,,,,,,,,,,,,,,,,,,,,,,,,,,,,,,,,,,,,,,,,,,,,,,,,,,,,,,,,,,,,,,,,,,,,,,,,,,,,,,,,,,,,,,,,,,,,,,,,,,,,,,,,,,,,,,,,,,,,,,,,,,,,,,,,,,,,,,,,,,,,,,,,,,,,,,,,,,,,,,,,,,,
