log_msg_len,type_id,timestamp,Version,Num SubPkt,SubPacket ID,Version,SubPacket Size,Sub Id,Number of samples,Number of padding BSR,Number of regular BSR,Number of periodic BSR,Number of cancel BSR,Grant received,Grant utilized
36,LTE_MAC_UL_Tx_Statistics,2021-11-29 14:56:17.013771,1,1,UL Tx Statistics SubPacket,2,20,1,100,2,1,3,0,9625,9043
36,LTE_MAC_UL_Tx_Statistics,2021-11-29 15:03:27.946346,1,1,UL Tx Statistics SubPacket,2,20,1,100,6,1,0,0,761,34
36,LTE_MAC_UL_Tx_Statistics,2021-11-29 14:57:46.596267,1,1,UL Tx Statistics SubPacket,2,20,1,100,0,0,0,0,0,0
36,LTE_MAC_UL_Tx_Statistics,2021-11-29 14:57:46.895166,1,1,UL Tx Statistics SubPacket,2,20,1,100,0,0,0,0,0,0
36,LTE_MAC_UL_Tx_Statistics,2021-11-29 14:57:47.049077,1,1,UL Tx Statistics SubPacket,2,20,1,100,0,0,0,0,0,0
36,LTE_MAC_UL_Tx_Statistics,2021-11-29 14:57:47.149111,1,1,UL Tx Statistics SubPacket,2,20,1,100,3,2,1,0,2957,2573
36,LTE_MAC_UL_Tx_Statistics,2021-11-29 14:58:08.800228,1,1,UL Tx Statistics SubPacket,2,20,1,100,0,0,0,0,0,0
36,LTE_MAC_UL_Tx_Statistics,2021-11-29 14:58:08.907030,1,1,UL Tx Statistics SubPacket,2,20,1,100,1,3,0,0,1092,752
36,LTE_MAC_UL_Tx_Statistics,2021-11-29 14:58:09.007033,1,1,UL Tx Statistics SubPacket,2,20,1,100,3,1,2,0,17874,14941
36,LTE_MAC_UL_Tx_Statistics,2021-11-29 14:57:57.853089,1,1,UL Tx Statistics SubPacket,2,20,1,100,0,0,0,0,0,0
36,LTE_MAC_UL_Tx_Statistics,2021-11-29 14:57:58.128007,1,1,UL Tx Statistics SubPacket,2,20,1,100,0,0,0,0,0,0
36,LTE_MAC_UL_Tx_Statistics,2021-11-29 14:57:58.435133,1,1,UL Tx Statistics SubPacket,2,20,1,100,0,0,0,0,0,0
36,LTE_MAC_UL_Tx_Statistics,2021-11-29 14:57:58.746954,1,1,UL Tx Statistics SubPacket,2,20,1,100,0,0,0,0,0,0
36,LTE_MAC_UL_Tx_Statistics,2021-11-29 14:57:59.061971,1,1,UL Tx Statistics SubPacket,2,20,1,100,0,0,0,0,0,0
36,LTE_MAC_UL_Tx_Statistics,2021-11-29 14:57:59.355140,1,1,UL Tx Statistics SubPacket,2,20,1,100,0,0,0,0,0,0
36,LTE_MAC_UL_Tx_Statistics,2021-11-29 14:57:59.591963,1,1,UL Tx Statistics SubPacket,2,20,1,100,0,0,0,0,0,0
36,LTE_MAC_UL_Tx_Statistics,2021-11-29 14:57:59.774141,1,1,UL Tx Statistics SubPacket,2,20,1,100,1,1,0,0,332,96
36,LTE_MAC_UL_Tx_Statistics,2021-11-29 14:56:38.470537,1,1,UL Tx Statistics SubPacket,2,20,1,100,1,0,0,0,61,6
36,LTE_MAC_UL_Tx_Statistics,2021-11-29 14:56:38.603235,1,1,UL Tx Statistics SubPacket,2,20,1,100,0,0,0,0,0,0
36,LTE_MAC_UL_Tx_Statistics,2021-11-29 14:56:38.760603,1,1,UL Tx Statistics SubPacket,2,20,1,100,2,1,0,0,899,742
36,LTE_MAC_UL_Tx_Statistics,2021-11-29 14:58:06.183097,1,1,UL Tx Statistics SubPacket,2,20,1,100,0,0,0,0,0,0
36,LTE_MAC_UL_Tx_Statistics,2021-11-29 14:58:06.488075,1,1,UL Tx Statistics SubPacket,2,20,1,100,0,0,0,0,0,0
36,LTE_MAC_UL_Tx_Statistics,2021-11-29 14:58:06.588092,1,1,UL Tx Statistics SubPacket,2,20,1,100,3,0,0,0,373,16
36,LTE_MAC_UL_Tx_Statistics,2021-11-29 14:58:06.716978,1,1,UL Tx Statistics SubPacket,2,20,1,100,0,0,0,0,0,0
36,LTE_MAC_UL_Tx_Statistics,2021-11-29 14:58:06.843025,1,1,UL Tx Statistics SubPacket,2,20,1,100,1,0,0,0,357,6
36,LTE_MAC_UL_Tx_Statistics,2021-11-29 14:58:07.563093,1,1,UL Tx Statistics SubPacket,2,20,1,100,3,0,0,0,951,18
36,LTE_MAC_UL_Tx_Statistics,2021-11-29 14:58:07.663092,1,1,UL Tx Statistics SubPacket,2,20,1,100,2,0,0,0,634,12
36,LTE_MAC_UL_Tx_Statistics,2021-11-29 14:58:07.763096,1,1,UL Tx Statistics SubPacket,2,20,1,100,2,0,0,0,634,12
36,LTE_MAC_UL_Tx_Statistics,2021-11-29 14:58:07.863092,1,1,UL Tx Statistics SubPacket,2,20,1,100,1,1,0,0,634,197
36,LTE_MAC_UL_Tx_Statistics,2021-11-29 14:56:22.585600,1,1,UL Tx Statistics SubPacket,2,20,1,100,0,0,0,0,0,0
36,LTE_MAC_UL_Tx_Statistics,2021-11-29 14:56:22.832665,1,1,UL Tx Statistics SubPacket,2,20,1,100,0,0,0,0,0,0
36,LTE_MAC_UL_Tx_Statistics,2021-11-29 14:56:23.057663,1,1,UL Tx Statistics SubPacket,2,20,1,100,0,0,0,0,0,0
36,LTE_MAC_UL_Tx_Statistics,2021-11-29 14:56:23.283795,1,1,UL Tx Statistics SubPacket,2,20,1,100,0,0,0,0,0,0
36,LTE_MAC_UL_Tx_Statistics,2021-11-29 14:56:23.409470,1,1,UL Tx Statistics SubPacket,2,20,1,100,0,0,0,0,0,0
36,LTE_MAC_UL_Tx_Statistics,2021-11-29 14:58:10.093051,1,1,UL Tx Statistics SubPacket,2,20,1,100,0,0,0,0,0,0
36,LTE_MAC_UL_Tx_Statistics,2021-11-29 14:58:10.193099,1,1,UL Tx Statistics SubPacket,2,20,1,100,1,0,0,0,133,6
36,LTE_MAC_UL_Tx_Statistics,2021-11-29 14:58:10.329076,1,1,UL Tx Statistics SubPacket,2,20,1,100,0,0,0,0,0,0
36,LTE_MAC_UL_Tx_Statistics,2021-11-29 14:58:10.571969,1,1,UL Tx Statistics SubPacket,2,20,1,100,0,0,0,0,0,0
36,LTE_MAC_UL_Tx_Statistics,2021-11-29 14:58:10.831371,1,1,UL Tx Statistics SubPacket,2,20,1,100,0,0,0,0,0,0
36,LTE_MAC_UL_Tx_Statistics,2021-11-29 14:56:25.516932,1,1,UL Tx Statistics SubPacket,2,20,1,100,1,0,0,0,32,6
36,LTE_MAC_UL_Tx_Statistics,2021-11-29 14:56:25.644471,1,1,UL Tx Statistics SubPacket,2,20,1,100,0,0,0,0,0,0
36,LTE_MAC_UL_Tx_Statistics,2021-11-29 14:56:25.872665,1,1,UL Tx Statistics SubPacket,2,20,1,100,0,0,0,0,0,0
36,LTE_MAC_UL_Tx_Statistics,2021-11-29 14:56:26.233802,1,1,UL Tx Statistics SubPacket,2,20,1,100,0,0,0,0,0,0
36,LTE_MAC_UL_Tx_Statistics,2021-11-29 14:56:26.497730,1,1,UL Tx Statistics SubPacket,2,20,1,100,0,0,0,0,0,0
36,LTE_MAC_UL_Tx_Statistics,2021-11-29 14:56:26.871859,1,1,UL Tx Statistics SubPacket,2,20,1,100,0,0,0,0,0,0
36,LTE_MAC_UL_Tx_Statistics,2021-11-29 14:58:39.448994,1,1,UL Tx Statistics SubPacket,2,20,1,100,1,2,0,0,647,94
36,LTE_MAC_UL_Tx_Statistics,2021-11-29 14:58:39.552997,1,1,UL Tx Statistics SubPacket,2,20,1,100,0,0,0,0,0,0
36,LTE_MAC_UL_Tx_Statistics,2021-11-29 14:58:39.695047,1,1,UL Tx Statistics SubPacket,2,20,1,100,1,0,0,0,51,6
36,LTE_MAC_UL_Tx_Statistics,2021-11-29 14:58:39.911251,1,1,UL Tx Statistics SubPacket,2,20,1,100,0,0,0,0,0,0
36,LTE_MAC_UL_Tx_Statistics,2021-11-29 14:58:46.642986,1,1,UL Tx Statistics SubPacket,2,20,1,100,0,2,0,0,666,21
36,LTE_MAC_UL_Tx_Statistics,2021-11-29 14:58:46.742986,1,1,UL Tx Statistics SubPacket,2,20,1,100,0,1,0,0,161,15
36,LTE_MAC_UL_Tx_Statistics,2021-11-29 14:58:46.872993,1,1,UL Tx Statistics SubPacket,2,20,1,100,0,0,0,0,0,0
36,LTE_MAC_UL_Tx_Statistics,2021-11-29 14:58:40.271869,1,1,UL Tx Statistics SubPacket,2,20,1,100,0,0,0,0,0,0
36,LTE_MAC_UL_Tx_Statistics,2021-11-29 14:58:40.412995,1,1,UL Tx Statistics SubPacket,2,20,1,100,1,0,0,0,317,6
36,LTE_MAC_UL_Tx_Statistics,2021-11-29 14:58:40.611938,1,1,UL Tx Statistics SubPacket,2,20,1,100,0,0,0,0,0,0
36,LTE_MAC_UL_Tx_Statistics,2021-11-29 14:58:40.975043,1,1,UL Tx Statistics SubPacket,2,20,1,100,0,0,0,0,0,0
36,LTE_MAC_UL_Tx_Statistics,2021-11-29 14:58:41.333985,1,1,UL Tx Statistics SubPacket,2,20,1,100,0,0,0,0,0,0
36,LTE_MAC_UL_Tx_Statistics,2021-11-29 14:58:41.651276,1,1,UL Tx Statistics SubPacket,2,20,1,100,0,0,0,0,0,0
36,LTE_MAC_UL_Tx_Statistics,2021-11-29 14:58:41.971937,1,1,UL Tx Statistics SubPacket,2,20,1,100,0,1,1,0,375,127
36,LTE_MAC_UL_Tx_Statistics,2021-11-29 14:57:52.551266,1,1,UL Tx Statistics SubPacket,2,20,1,100,1,0,0,0,113,6
36,LTE_MAC_UL_Tx_Statistics,2021-11-29 14:57:52.676265,1,1,UL Tx Statistics SubPacket,2,20,1,100,0,0,0,0,0,0
36,LTE_MAC_UL_Tx_Statistics,2021-11-29 14:57:52.974071,1,1,UL Tx Statistics SubPacket,2,20,1,100,0,0,0,0,0,0
36,LTE_MAC_UL_Tx_Statistics,2021-11-29 14:57:53.260555,1,1,UL Tx Statistics SubPacket,2,20,1,100,0,0,0,0,0,0
36,LTE_MAC_UL_Tx_Statistics,2021-11-29 14:57:53.373087,1,1,UL Tx Statistics SubPacket,2,20,1,100,0,0,0,0,0,0
36,LTE_MAC_UL_Tx_Statistics,2021-11-29 14:57:54.827014,1,1,UL Tx Statistics SubPacket,2,20,1,100,0,0,0,0,0,0
36,LTE_MAC_UL_Tx_Statistics,2021-11-29 14:57:55.071427,1,1,UL Tx Statistics SubPacket,2,20,1,100,0,0,0,0,0,0
36,LTE_MAC_UL_Tx_Statistics,2021-11-29 14:57:55.332028,1,1,UL Tx Statistics SubPacket,2,20,1,100,0,0,0,0,0,0
36,LTE_MAC_UL_Tx_Statistics,2021-11-29 14:57:55.557021,1,1,UL Tx Statistics SubPacket,2,20,1,100,0,0,0,0,0,0
36,LTE_MAC_UL_Tx_Statistics,2021-11-29 14:57:55.856950,1,1,UL Tx Statistics SubPacket,2,20,1,100,0,0,0,0,0,0
36,LTE_MAC_UL_Tx_Statistics,2021-11-29 14:57:33.880210,1,1,UL Tx Statistics SubPacket,2,20,1,100,2,1,0,0,1086,1012
36,LTE_MAC_UL_Tx_Statistics,2021-11-29 14:57:33.980208,1,1,UL Tx Statistics SubPacket,2,20,1,100,1,1,0,0,1147,909
36,LTE_MAC_UL_Tx_Statistics,2021-11-29 14:57:34.080209,1,1,UL Tx Statistics SubPacket,2,20,1,100,0,2,0,0,338,88
36,LTE_MAC_UL_Tx_Statistics,2021-11-29 14:56:22.243788,1,1,UL Tx Statistics SubPacket,2,20,1,100,0,0,0,0,0,0
36,LTE_MAC_UL_Tx_Statistics,2021-11-29 14:56:22.359234,1,1,UL Tx Statistics SubPacket,2,20,1,100,1,0,0,0,133,6
36,LTE_MAC_UL_Tx_Statistics,2021-11-29 14:56:22.485600,1,1,UL Tx Statistics SubPacket,2,20,1,100,1,0,0,0,79,6
36,LTE_MAC_UL_Tx_Statistics,2021-11-29 14:57:08.629192,1,1,UL Tx Statistics SubPacket,2,20,1,100,2,3,0,0,1324,941
36,LTE_MAC_UL_Tx_Statistics,2021-11-29 14:57:08.729204,1,1,UL Tx Statistics SubPacket,2,20,1,100,3,5,0,0,1267,1208
36,LTE_MAC_UL_Tx_Statistics,2021-11-29 14:56:13.638408,1,1,UL Tx Statistics SubPacket,2,20,1,100,1,0,0,0,61,6
36,LTE_MAC_UL_Tx_Statistics,2021-11-29 14:56:13.784539,1,1,UL Tx Statistics SubPacket,2,20,1,100,0,0,0,0,0,0
36,LTE_MAC_UL_Tx_Statistics,2021-11-29 14:56:13.884545,1,1,UL Tx Statistics SubPacket,2,20,1,100,0,3,0,0,751,446
36,LTE_MAC_UL_Tx_Statistics,2021-11-29 14:58:20.129096,1,1,UL Tx Statistics SubPacket,2,20,1,100,0,0,0,0,0,0
36,LTE_MAC_UL_Tx_Statistics,2021-11-29 14:58:20.229095,1,1,UL Tx Statistics SubPacket,2,20,1,100,1,0,0,0,61,6
36,LTE_MAC_UL_Tx_Statistics,2021-11-29 14:58:20.360154,1,1,UL Tx Statistics SubPacket,2,20,1,100,1,0,0,0,55,6
36,LTE_MAC_UL_Tx_Statistics,2021-11-29 14:57:09.413078,1,1,UL Tx Statistics SubPacket,2,20,1,100,0,0,0,0,0,0
36,LTE_MAC_UL_Tx_Statistics,2021-11-29 14:57:09.693071,1,1,UL Tx Statistics SubPacket,2,20,1,100,0,0,0,0,0,0
36,LTE_MAC_UL_Tx_Statistics,2021-11-29 14:57:09.999126,1,1,UL Tx Statistics SubPacket,2,20,1,100,0,0,0,0,0,0
36,LTE_MAC_UL_Tx_Statistics,2021-11-29 14:57:10.310184,1,1,UL Tx Statistics SubPacket,2,20,1,100,0,0,0,0,0,0
36,LTE_MAC_UL_Tx_Statistics,2021-11-29 14:57:10.552021,1,1,UL Tx Statistics SubPacket,2,20,1,100,0,0,0,0,0,0
36,LTE_MAC_UL_Tx_Statistics,2021-11-29 14:57:10.851668,1,1,UL Tx Statistics SubPacket,2,20,1,100,0,0,0,0,0,0
36,LTE_MAC_UL_Tx_Statistics,2021-11-29 14:57:11.171585,1,1,UL Tx Statistics SubPacket,2,20,1,100,0,0,0,0,0,0
36,LTE_MAC_UL_Tx_Statistics,2021-11-29 14:57:11.349201,1,1,UL Tx Statistics SubPacket,2,20,1,100,1,0,0,0,32,6
36,LTE_MAC_UL_Tx_Statistics,2021-11-29 14:57:55.957028,1,1,UL Tx Statistics SubPacket,2,20,1,100,0,0,0,0,0,0
36,LTE_MAC_UL_Tx_Statistics,2021-11-29 14:57:56.057022,1,1,UL Tx Statistics SubPacket,2,20,1,100,1,1,0,0,95,45
36,LTE_MAC_UL_Tx_Statistics,2021-11-29 14:57:56.157024,1,1,UL Tx Statistics SubPacket,2,20,1,100,1,0,0,0,161,6
36,LTE_MAC_UL_Tx_Statistics,2021-11-29 14:57:56.279079,1,1,UL Tx Statistics SubPacket,2,20,1,100,0,0,0,0,0,0
36,LTE_MAC_UL_Tx_Statistics,2021-11-29 14:56:42.723791,1,1,UL Tx Statistics SubPacket,2,20,1,100,3,3,0,0,7341,6374
36,LTE_MAC_UL_Tx_Statistics,2021-11-29 14:56:42.823797,1,1,UL Tx Statistics SubPacket,2,20,1,100,4,3,1,0,7089,6049
36,LTE_MAC_UL_Tx_Statistics,2021-11-29 14:56:11.764039,1,1,UL Tx Statistics SubPacket,2,20,1,100,1,1,0,0,216,92
36,LTE_MAC_UL_Tx_Statistics,2021-11-29 14:56:11.864536,1,1,UL Tx Statistics SubPacket,2,20,1,100,0,2,0,0,338,214
36,LTE_MAC_UL_Tx_Statistics,2021-11-29 14:56:11.964536,1,1,UL Tx Statistics SubPacket,2,20,1,100,0,4,0,0,692,274
36,LTE_MAC_UL_Tx_Statistics,2021-11-29 15:02:21.546899,1,1,UL Tx Statistics SubPacket,2,20,1,100,0,0,0,0,0,0
36,LTE_MAC_UL_Tx_Statistics,2021-11-29 15:02:21.869048,1,1,UL Tx Statistics SubPacket,2,20,1,100,0,0,0,0,0,0
36,LTE_MAC_UL_Tx_Statistics,2021-11-29 15:02:22.175119,1,1,UL Tx Statistics SubPacket,2,20,1,100,0,0,0,0,0,0
36,LTE_MAC_UL_Tx_Statistics,2021-11-29 15:02:22.450438,1,1,UL Tx Statistics SubPacket,2,20,1,100,0,0,0,0,0,0
36,LTE_MAC_UL_Tx_Statistics,2021-11-29 15:02:22.710847,1,1,UL Tx Statistics SubPacket,2,20,1,100,0,0,0,0,0,0
36,LTE_MAC_UL_Tx_Statistics,2021-11-29 15:02:22.951915,1,1,UL Tx Statistics SubPacket,2,20,1,100,0,0,0,0,0,0
36,LTE_MAC_UL_Tx_Statistics,2021-11-29 15:02:23.211902,1,1,UL Tx Statistics SubPacket,2,20,1,100,0,0,0,0,0,0
36,LTE_MAC_UL_Tx_Statistics,2021-11-29 15:02:23.480866,1,1,UL Tx Statistics SubPacket,2,20,1,100,0,0,0,0,0,0
36,LTE_MAC_UL_Tx_Statistics,2021-11-29 15:02:23.770859,1,1,UL Tx Statistics SubPacket,2,20,1,100,0,0,0,0,0,0
36,LTE_MAC_UL_Tx_Statistics,2021-11-29 15:03:18.500355,1,1,UL Tx Statistics SubPacket,2,20,1,100,1,0,0,0,51,6
36,LTE_MAC_UL_Tx_Statistics,2021-11-29 15:03:18.600709,1,1,UL Tx Statistics SubPacket,2,20,1,100,0,0,0,0,0,0
36,LTE_MAC_UL_Tx_Statistics,2021-11-29 15:03:18.700715,1,1,UL Tx Statistics SubPacket,2,20,1,100,0,0,0,0,0,0
36,LTE_MAC_UL_Tx_Statistics,2021-11-29 15:03:18.800720,1,1,UL Tx Statistics SubPacket,2,20,1,100,0,0,0,0,0,0
36,LTE_MAC_UL_Tx_Statistics,2021-11-29 15:03:18.900715,1,1,UL Tx Statistics SubPacket,2,20,1,100,0,0,0,0,0,0
36,LTE_MAC_UL_Tx_Statistics,2021-11-29 15:03:19.000723,1,1,UL Tx Statistics SubPacket,2,20,1,100,0,0,0,0,0,0
36,LTE_MAC_UL_Tx_Statistics,2021-11-29 15:03:19.100715,1,1,UL Tx Statistics SubPacket,2,20,1,100,0,0,0,0,0,0
36,LTE_MAC_UL_Tx_Statistics,2021-11-29 15:03:19.200721,1,1,UL Tx Statistics SubPacket,2,20,1,100,0,0,0,0,0,0
36,LTE_MAC_UL_Tx_Statistics,2021-11-29 14:58:42.085130,1,1,UL Tx Statistics SubPacket,2,20,1,100,0,0,0,0,0,0
36,LTE_MAC_UL_Tx_Statistics,2021-11-29 14:58:42.185113,1,1,UL Tx Statistics SubPacket,2,20,1,100,1,0,0,0,61,6
36,LTE_MAC_UL_Tx_Statistics,2021-11-29 14:58:42.317990,1,1,UL Tx Statistics SubPacket,2,20,1,100,1,0,0,0,61,6
36,LTE_MAC_UL_Tx_Statistics,2021-11-29 14:58:42.497952,1,1,UL Tx Statistics SubPacket,2,20,1,100,0,0,0,0,0,0
36,LTE_MAC_UL_Tx_Statistics,2021-11-29 15:02:16.743047,1,1,UL Tx Statistics SubPacket,2,20,1,100,17,5,0,0,2200,417
36,LTE_MAC_UL_Tx_Statistics,2021-11-29 15:02:16.843033,1,1,UL Tx Statistics SubPacket,2,20,1,100,20,3,0,0,3045,193
36,LTE_MAC_UL_Tx_Statistics,2021-11-29 14:56:28.039144,1,1,UL Tx Statistics SubPacket,2,20,1,100,0,0,0,0,0,0
36,LTE_MAC_UL_Tx_Statistics,2021-11-29 14:56:28.353777,1,1,UL Tx Statistics SubPacket,2,20,1,100,0,0,0,0,0,0
36,LTE_MAC_UL_Tx_Statistics,2021-11-29 14:56:28.650120,1,1,UL Tx Statistics SubPacket,2,20,1,100,0,0,0,0,0,0
36,LTE_MAC_UL_Tx_Statistics,2021-11-29 14:56:28.749118,1,1,UL Tx Statistics SubPacket,2,20,1,100,0,0,0,0,0,0
36,LTE_MAC_UL_Tx_Statistics,2021-11-29 14:56:28.911773,1,1,UL Tx Statistics SubPacket,2,20,1,100,0,0,0,0,0,0
36,LTE_MAC_UL_Tx_Statistics,2021-11-29 14:56:54.195607,1,1,UL Tx Statistics SubPacket,2,20,1,100,1,0,0,0,69,6
36,LTE_MAC_UL_Tx_Statistics,2021-11-29 14:56:54.325534,1,1,UL Tx Statistics SubPacket,2,20,1,100,1,0,0,0,69,6
36,LTE_MAC_UL_Tx_Statistics,2021-11-29 14:56:54.425609,1,1,UL Tx Statistics SubPacket,2,20,1,100,1,0,0,0,97,6
36,LTE_MAC_UL_Tx_Statistics,2021-11-29 14:56:54.634470,1,1,UL Tx Statistics SubPacket,2,20,1,100,0,0,0,0,0,0
36,LTE_MAC_UL_Tx_Statistics,2021-11-29 14:58:54.051866,1,1,UL Tx Statistics SubPacket,2,20,1,100,0,0,0,0,0,0
36,LTE_MAC_UL_Tx_Statistics,2021-11-29 14:58:54.391864,1,1,UL Tx Statistics SubPacket,2,20,1,100,0,0,0,0,0,0
36,LTE_MAC_UL_Tx_Statistics,2021-11-29 14:58:54.705429,1,1,UL Tx Statistics SubPacket,2,20,1,100,0,0,0,0,0,0
36,LTE_MAC_UL_Tx_Statistics,2021-11-29 14:58:54.812990,1,1,UL Tx Statistics SubPacket,2,20,1,100,1,2,0,0,1454,999
36,LTE_MAC_UL_Tx_Statistics,2021-11-29 14:58:54.912999,1,1,UL Tx Statistics SubPacket,2,20,1,100,0,0,0,0,0,0
36,LTE_MAC_UL_Tx_Statistics,2021-11-29 14:59:59.850677,1,1,UL Tx Statistics SubPacket,2,20,1,100,0,0,0,0,0,0
36,LTE_MAC_UL_Tx_Statistics,2021-11-29 15:00:00.176572,1,1,UL Tx Statistics SubPacket,2,20,1,100,0,0,0,0,0,0
36,LTE_MAC_UL_Tx_Statistics,2021-11-29 15:00:00.494441,1,1,UL Tx Statistics SubPacket,2,20,1,100,0,0,0,0,0,0
36,LTE_MAC_UL_Tx_Statistics,2021-11-29 15:00:00.791648,1,1,UL Tx Statistics SubPacket,2,20,1,100,0,0,0,0,0,0
36,LTE_MAC_UL_Tx_Statistics,2021-11-29 15:00:00.907686,1,1,UL Tx Statistics SubPacket,2,20,1,100,1,2,0,0,459,96
36,LTE_MAC_UL_Tx_Statistics,2021-11-29 15:00:01.007706,1,1,UL Tx Statistics SubPacket,2,20,1,100,0,0,0,0,0,0
36,LTE_MAC_UL_Tx_Statistics,2021-11-29 14:56:48.361962,1,1,UL Tx Statistics SubPacket,2,20,1,100,1,0,0,0,61,6
36,LTE_MAC_UL_Tx_Statistics,2021-11-29 14:56:48.487661,1,1,UL Tx Statistics SubPacket,2,20,1,100,1,0,0,0,61,6
36,LTE_MAC_UL_Tx_Statistics,2021-11-29 14:56:48.587730,1,1,UL Tx Statistics SubPacket,2,20,1,100,1,0,0,0,141,6
36,LTE_MAC_UL_Tx_Statistics,2021-11-29 14:56:48.856600,1,1,UL Tx Statistics SubPacket,2,20,1,100,0,0,0,0,0,0
36,LTE_MAC_UL_Tx_Statistics,2021-11-29 14:57:48.273093,1,1,UL Tx Statistics SubPacket,2,20,1,100,0,0,0,0,0,0
36,LTE_MAC_UL_Tx_Statistics,2021-11-29 14:57:48.523091,1,1,UL Tx Statistics SubPacket,2,20,1,100,0,0,0,0,0,0
36,LTE_MAC_UL_Tx_Statistics,2021-11-29 14:57:48.623085,1,1,UL Tx Statistics SubPacket,2,20,1,100,0,0,0,0,0,0
36,LTE_MAC_UL_Tx_Statistics,2021-11-29 14:57:48.783007,1,1,UL Tx Statistics SubPacket,2,20,1,100,0,0,0,0,0,0
36,LTE_MAC_UL_Tx_Statistics,2021-11-29 14:59:57.855516,1,1,UL Tx Statistics SubPacket,2,20,1,100,0,0,0,0,0,0
36,LTE_MAC_UL_Tx_Statistics,2021-11-29 14:59:58.155503,1,1,UL Tx Statistics SubPacket,2,20,1,100,0,0,0,0,0,0
36,LTE_MAC_UL_Tx_Statistics,2021-11-29 14:59:58.354451,1,1,UL Tx Statistics SubPacket,2,20,1,100,0,0,0,0,0,0
36,LTE_MAC_UL_Tx_Statistics,2021-11-29 14:59:58.599518,1,1,UL Tx Statistics SubPacket,2,20,1,100,0,0,0,0,0,0
36,LTE_MAC_UL_Tx_Statistics,2021-11-29 14:59:58.911578,1,1,UL Tx Statistics SubPacket,2,20,1,100,0,0,0,0,0,0
36,LTE_MAC_UL_Tx_Statistics,2021-11-29 14:59:59.224450,1,1,UL Tx Statistics SubPacket,2,20,1,100,0,0,0,0,0,0
36,LTE_MAC_UL_Tx_Statistics,2021-11-29 14:59:59.525859,1,1,UL Tx Statistics SubPacket,2,20,1,100,0,0,0,0,0,0
36,LTE_MAC_UL_Tx_Statistics,2021-11-29 14:58:59.861856,1,1,UL Tx Statistics SubPacket,2,20,1,100,1,0,0,0,13,6
36,LTE_MAC_UL_Tx_Statistics,2021-11-29 14:58:59.961926,1,1,UL Tx Statistics SubPacket,2,20,1,100,4,1,0,0,529,188
36,LTE_MAC_UL_Tx_Statistics,2021-11-29 14:59:00.070866,1,1,UL Tx Statistics SubPacket,2,20,1,100,1,0,0,0,37,6
36,LTE_MAC_UL_Tx_Statistics,2021-11-29 14:59:00.200794,1,1,UL Tx Statistics SubPacket,2,20,1,100,1,0,0,0,55,6
36,LTE_MAC_UL_Tx_Statistics,2021-11-29 15:00:16.862643,1,1,UL Tx Statistics SubPacket,2,20,1,100,0,0,0,0,0,0
36,LTE_MAC_UL_Tx_Statistics,2021-11-29 15:00:17.174397,1,1,UL Tx Statistics SubPacket,2,20,1,100,0,0,0,0,0,0
36,LTE_MAC_UL_Tx_Statistics,2021-11-29 15:00:17.311587,1,1,UL Tx Statistics SubPacket,2,20,1,100,0,0,0,0,0,0
36,LTE_MAC_UL_Tx_Statistics,2021-11-29 15:00:17.510473,1,1,UL Tx Statistics SubPacket,2,20,1,100,1,1,0,0,28,12
36,LTE_MAC_UL_Tx_Statistics,2021-11-29 15:00:17.610515,1,1,UL Tx Statistics SubPacket,2,20,1,100,3,1,0,0,526,287
36,LTE_MAC_UL_Tx_Statistics,2021-11-29 14:58:05.227030,1,1,UL Tx Statistics SubPacket,2,20,1,100,2,1,0,0,903,220
36,LTE_MAC_UL_Tx_Statistics,2021-11-29 14:58:05.348096,1,1,UL Tx Statistics SubPacket,2,20,1,100,0,0,0,0,0,0
36,LTE_MAC_UL_Tx_Statistics,2021-11-29 14:58:05.448093,1,1,UL Tx Statistics SubPacket,2,20,1,100,1,0,0,0,55,6
36,LTE_MAC_UL_Tx_Statistics,2021-11-29 14:58:05.631966,1,1,UL Tx Statistics SubPacket,2,20,1,100,0,0,0,0,0,0
36,LTE_MAC_UL_Tx_Statistics,2021-11-29 14:58:05.876285,1,1,UL Tx Statistics SubPacket,2,20,1,100,0,0,0,0,0,0
36,LTE_MAC_UL_Tx_Statistics,2021-11-29 14:57:39.665204,1,1,UL Tx Statistics SubPacket,2,20,1,100,0,0,0,0,0,0
36,LTE_MAC_UL_Tx_Statistics,2021-11-29 14:57:39.765210,1,1,UL Tx Statistics SubPacket,2,20,1,100,0,0,0,0,0,0
36,LTE_MAC_UL_Tx_Statistics,2021-11-29 14:57:39.865210,1,1,UL Tx Statistics SubPacket,2,20,1,100,0,0,0,0,0,0
36,LTE_MAC_UL_Tx_Statistics,2021-11-29 14:56:19.313796,1,1,UL Tx Statistics SubPacket,2,20,1,100,0,0,0,0,0,0
36,LTE_MAC_UL_Tx_Statistics,2021-11-29 14:56:19.413763,1,1,UL Tx Statistics SubPacket,2,20,1,100,2,0,0,0,254,12
36,LTE_MAC_UL_Tx_Statistics,2021-11-29 14:56:19.513778,1,1,UL Tx Statistics SubPacket,2,20,1,100,0,0,0,0,0,0
36,LTE_MAC_UL_Tx_Statistics,2021-11-29 14:57:11.491568,1,1,UL Tx Statistics SubPacket,2,20,1,100,0,0,0,0,0,0
36,LTE_MAC_UL_Tx_Statistics,2021-11-29 14:57:11.732083,1,1,UL Tx Statistics SubPacket,2,20,1,100,0,0,0,0,0,0
36,LTE_MAC_UL_Tx_Statistics,2021-11-29 14:57:12.072086,1,1,UL Tx Statistics SubPacket,2,20,1,100,0,0,0,0,0,0
36,LTE_MAC_UL_Tx_Statistics,2021-11-29 14:57:12.432029,1,1,UL Tx Statistics SubPacket,2,20,1,100,0,0,0,0,0,0
36,LTE_MAC_UL_Tx_Statistics,2021-11-29 14:57:12.712007,1,1,UL Tx Statistics SubPacket,2,20,1,100,0,0,0,0,0,0
36,LTE_MAC_UL_Tx_Statistics,2021-11-29 14:57:13.052013,1,1,UL Tx Statistics SubPacket,2,20,1,100,0,0,0,0,0,0
36,LTE_MAC_UL_Tx_Statistics,2021-11-29 14:57:13.433080,1,1,UL Tx Statistics SubPacket,2,20,1,100,0,0,0,0,0,0
36,LTE_MAC_UL_Tx_Statistics,2021-11-29 15:02:38.700078,1,1,UL Tx Statistics SubPacket,2,20,1,100,1,0,0,0,42,6
36,LTE_MAC_UL_Tx_Statistics,2021-11-29 15:02:38.824018,1,1,UL Tx Statistics SubPacket,2,20,1,100,1,0,0,0,42,6
36,LTE_MAC_UL_Tx_Statistics,2021-11-29 15:02:38.923965,1,1,UL Tx Statistics SubPacket,2,20,1,100,0,0,0,0,0,0
36,LTE_MAC_UL_Tx_Statistics,2021-11-29 15:02:39.229244,1,1,UL Tx Statistics SubPacket,2,20,1,100,0,0,0,0,0,0
36,LTE_MAC_UL_Tx_Statistics,2021-11-29 15:02:39.435013,1,1,UL Tx Statistics SubPacket,2,20,1,100,0,0,0,0,0,0
36,LTE_MAC_UL_Tx_Statistics,2021-11-29 15:02:39.609085,1,1,UL Tx Statistics SubPacket,2,20,1,100,0,0,0,0,0,0
36,LTE_MAC_UL_Tx_Statistics,2021-11-29 14:59:04.354004,1,1,UL Tx Statistics SubPacket,2,20,1,100,0,0,0,0,0,0
36,LTE_MAC_UL_Tx_Statistics,2021-11-29 14:59:04.522990,1,1,UL Tx Statistics SubPacket,2,20,1,100,0,0,0,0,0,0
36,LTE_MAC_UL_Tx_Statistics,2021-11-29 14:59:04.622990,1,1,UL Tx Statistics SubPacket,2,20,1,100,0,0,0,0,0,0
36,LTE_MAC_UL_Tx_Statistics,2021-11-29 14:59:04.891929,1,1,UL Tx Statistics SubPacket,2,20,1,100,0,0,0,0,0,0
36,LTE_MAC_UL_Tx_Statistics,2021-11-29 14:59:05.923923,1,1,UL Tx Statistics SubPacket,2,20,1,100,1,2,0,0,362,32
36,LTE_MAC_UL_Tx_Statistics,2021-11-29 14:57:31.101998,1,1,UL Tx Statistics SubPacket,2,20,1,100,2,3,0,0,2375,1962
36,LTE_MAC_UL_Tx_Statistics,2021-11-29 14:57:31.202008,1,1,UL Tx Statistics SubPacket,2,20,1,100,1,3,0,0,888,633
36,LTE_MAC_UL_Tx_Statistics,2021-11-29 14:57:31.344144,1,1,UL Tx Statistics SubPacket,2,20,1,100,1,0,0,0,61,6
36,LTE_MAC_UL_Tx_Statistics,2021-11-29 14:58:34.830115,1,1,UL Tx Statistics SubPacket,2,20,1,100,1,0,0,0,61,6
36,LTE_MAC_UL_Tx_Statistics,2021-11-29 14:58:34.955859,1,1,UL Tx Statistics SubPacket,2,20,1,100,0,0,0,0,0,0
36,LTE_MAC_UL_Tx_Statistics,2021-11-29 14:58:35.055867,1,1,UL Tx Statistics SubPacket,2,20,1,100,1,1,0,0,330,270
36,LTE_MAC_UL_Tx_Statistics,2021-11-29 14:58:35.155865,1,1,UL Tx Statistics SubPacket,2,20,1,100,1,0,0,0,61,6
36,LTE_MAC_UL_Tx_Statistics,2021-11-29 15:03:23.056779,1,1,UL Tx Statistics SubPacket,2,20,1,100,0,0,0,0,0,0
36,LTE_MAC_UL_Tx_Statistics,2021-11-29 15:03:23.329087,1,1,UL Tx Statistics SubPacket,2,20,1,100,0,0,0,0,0,0
36,LTE_MAC_UL_Tx_Statistics,2021-11-29 15:03:23.489579,1,1,UL Tx Statistics SubPacket,2,20,1,100,0,0,0,0,0,0
36,LTE_MAC_UL_Tx_Statistics,2021-11-29 15:03:23.690210,1,1,UL Tx Statistics SubPacket,2,20,1,100,0,0,0,0,0,0
36,LTE_MAC_UL_Tx_Statistics,2021-11-29 15:03:23.816787,1,1,UL Tx Statistics SubPacket,2,20,1,100,0,0,0,0,0,0
36,LTE_MAC_UL_Tx_Statistics,2021-11-29 14:56:54.952672,1,1,UL Tx Statistics SubPacket,2,20,1,100,0,0,0,0,0,0
36,LTE_MAC_UL_Tx_Statistics,2021-11-29 14:56:55.291670,1,1,UL Tx Statistics SubPacket,2,20,1,100,0,0,0,0,0,0
36,LTE_MAC_UL_Tx_Statistics,2021-11-29 14:56:55.584389,1,1,UL Tx Statistics SubPacket,2,20,1,100,0,0,0,0,0,0
36,LTE_MAC_UL_Tx_Statistics,2021-11-29 14:56:55.908413,1,1,UL Tx Statistics SubPacket,2,20,1,100,0,0,0,0,0,0
36,LTE_MAC_UL_Tx_Statistics,2021-11-29 14:56:56.311645,1,1,UL Tx Statistics SubPacket,2,20,1,100,0,0,0,0,0,0
36,LTE_MAC_UL_Tx_Statistics,2021-11-29 14:56:56.566672,1,1,UL Tx Statistics SubPacket,2,20,1,100,1,0,0,0,18,6
36,LTE_MAC_UL_Tx_Statistics,2021-11-29 14:56:56.693806,1,1,UL Tx Statistics SubPacket,2,20,1,100,0,0,0,0,0,0
36,LTE_MAC_UL_Tx_Statistics,2021-11-29 14:57:42.957023,1,1,UL Tx Statistics SubPacket,2,20,1,100,3,2,0,0,1717,1426
36,LTE_MAC_UL_Tx_Statistics,2021-11-29 14:57:43.056850,1,1,UL Tx Statistics SubPacket,2,20,1,100,1,2,0,0,880,629
36,LTE_MAC_UL_Tx_Statistics,2021-11-29 14:57:43.188079,1,1,UL Tx Statistics SubPacket,2,20,1,100,1,0,0,0,149,6
36,LTE_MAC_UL_Tx_Statistics,2021-11-29 14:57:43.288079,1,1,UL Tx Statistics SubPacket,2,20,1,100,0,0,0,0,0,0
36,LTE_MAC_UL_Tx_Statistics,2021-11-29 14:56:39.638793,1,1,UL Tx Statistics SubPacket,2,20,1,100,0,1,0,0,177,86
36,LTE_MAC_UL_Tx_Statistics,2021-11-29 14:56:39.767715,1,1,UL Tx Statistics SubPacket,2,20,1,100,1,0,0,0,309,6
36,LTE_MAC_UL_Tx_Statistics,2021-11-29 14:56:39.895613,1,1,UL Tx Statistics SubPacket,2,20,1,100,0,0,0,0,0,0
36,LTE_MAC_UL_Tx_Statistics,2021-11-29 14:56:40.223415,1,1,UL Tx Statistics SubPacket,2,20,1,100,0,0,0,0,0,0
36,LTE_MAC_UL_Tx_Statistics,2021-11-29 14:56:40.533423,1,1,UL Tx Statistics SubPacket,2,20,1,100,0,0,0,0,0,0
36,LTE_MAC_UL_Tx_Statistics,2021-11-29 14:57:29.578083,1,1,UL Tx Statistics SubPacket,2,20,1,100,1,0,0,0,61,6
36,LTE_MAC_UL_Tx_Statistics,2021-11-29 14:57:29.851958,1,1,UL Tx Statistics SubPacket,2,20,1,100,0,0,0,0,0,0
36,LTE_MAC_UL_Tx_Statistics,2021-11-29 14:57:30.155889,1,1,UL Tx Statistics SubPacket,2,20,1,100,0,0,0,0,0,0
36,LTE_MAC_UL_Tx_Statistics,2021-11-29 14:57:30.453093,1,1,UL Tx Statistics SubPacket,2,20,1,100,0,0,0,0,0,0
36,LTE_MAC_UL_Tx_Statistics,2021-11-29 14:57:30.713021,1,1,UL Tx Statistics SubPacket,2,20,1,100,0,0,0,0,0,0
36,LTE_MAC_UL_Tx_Statistics,2021-11-29 14:57:30.973018,1,1,UL Tx Statistics SubPacket,2,20,1,100,0,0,0,0,0,0
36,LTE_MAC_UL_Tx_Statistics,2021-11-29 14:58:03.505219,1,1,UL Tx Statistics SubPacket,2,20,1,100,0,0,0,0,0,0
36,LTE_MAC_UL_Tx_Statistics,2021-11-29 14:58:03.605221,1,1,UL Tx Statistics SubPacket,2,20,1,100,1,0,0,0,61,6
36,LTE_MAC_UL_Tx_Statistics,2021-11-29 14:58:03.705222,1,1,UL Tx Statistics SubPacket,2,20,1,100,2,1,0,0,835,220
36,LTE_MAC_UL_Tx_Statistics,2021-11-29 14:57:52.229116,1,1,UL Tx Statistics SubPacket,2,20,1,100,1,1,0,0,503,459
36,LTE_MAC_UL_Tx_Statistics,2021-11-29 14:57:52.329110,1,1,UL Tx Statistics SubPacket,2,20,1,100,0,0,0,0,0,0
36,LTE_MAC_UL_Tx_Statistics,2021-11-29 14:57:52.429112,1,1,UL Tx Statistics SubPacket,2,20,1,100,1,0,0,0,105,6
36,LTE_MAC_UL_Tx_Statistics,2021-11-29 14:58:55.312994,1,1,UL Tx Statistics SubPacket,2,20,1,100,1,3,0,0,696,365
36,LTE_MAC_UL_Tx_Statistics,2021-11-29 14:58:55.412999,1,1,UL Tx Statistics SubPacket,2,20,1,100,0,0,0,0,0,0
36,LTE_MAC_UL_Tx_Statistics,2021-11-29 14:58:55.515863,1,1,UL Tx Statistics SubPacket,2,20,1,100,2,0,0,0,310,12
36,LTE_MAC_UL_Tx_Statistics,2021-11-29 14:57:18.225223,1,1,UL Tx Statistics SubPacket,2,20,1,100,2,4,0,0,464,294
36,LTE_MAC_UL_Tx_Statistics,2021-11-29 14:57:18.325238,1,1,UL Tx Statistics SubPacket,2,20,1,100,0,1,0,0,85,8
36,LTE_MAC_UL_Tx_Statistics,2021-11-29 14:57:18.446290,1,1,UL Tx Statistics SubPacket,2,20,1,100,1,0,0,0,55,6
36,LTE_MAC_UL_Tx_Statistics,2021-11-29 14:57:18.577083,1,1,UL Tx Statistics SubPacket,2,20,1,100,0,0,0,0,0,0
36,LTE_MAC_UL_Tx_Statistics,2021-11-29 14:57:18.879079,1,1,UL Tx Statistics SubPacket,2,20,1,100,0,0,0,0,0,0
36,LTE_MAC_UL_Tx_Statistics,2021-11-29 14:56:30.993798,1,1,UL Tx Statistics SubPacket,2,20,1,100,0,0,0,0,0,0
36,LTE_MAC_UL_Tx_Statistics,2021-11-29 14:56:31.256602,1,1,UL Tx Statistics SubPacket,2,20,1,100,0,0,0,0,0,0
36,LTE_MAC_UL_Tx_Statistics,2021-11-29 14:56:31.373803,1,1,UL Tx Statistics SubPacket,2,20,1,100,0,0,0,0,0,0
36,LTE_MAC_UL_Tx_Statistics,2021-11-29 14:56:31.604468,1,1,UL Tx Statistics SubPacket,2,20,1,100,0,0,0,0,0,0
36,LTE_MAC_UL_Tx_Statistics,2021-11-29 14:56:31.812716,1,1,UL Tx Statistics SubPacket,2,20,1,100,0,0,0,0,0,0
36,LTE_MAC_UL_Tx_Statistics,2021-11-29 14:56:31.958793,1,1,UL Tx Statistics SubPacket,2,20,1,100,1,1,0,0,167,49
36,LTE_MAC_UL_Tx_Statistics,2021-11-29 15:02:16.943030,1,1,UL Tx Statistics SubPacket,2,20,1,100,0,2,0,0,322,194
36,LTE_MAC_UL_Tx_Statistics,2021-11-29 15:02:17.043030,1,1,UL Tx Statistics SubPacket,2,20,1,100,0,1,0,0,177,8
36,LTE_MAC_UL_Tx_Statistics,2021-11-29 15:02:17.155161,1,1,UL Tx Statistics SubPacket,2,20,1,100,1,0,0,0,51,6
36,LTE_MAC_UL_Tx_Statistics,2021-11-29 15:02:17.361899,1,1,UL Tx Statistics SubPacket,2,20,1,100,0,0,0,0,0,0
36,LTE_MAC_UL_Tx_Statistics,2021-11-29 15:02:17.530846,1,1,UL Tx Statistics SubPacket,2,20,1,100,0,0,0,0,0,0
36,LTE_MAC_UL_Tx_Statistics,2021-11-29 14:57:54.475205,1,1,UL Tx Statistics SubPacket,2,20,1,100,2,2,1,0,3086,2796
36,LTE_MAC_UL_Tx_Statistics,2021-11-29 14:57:54.575204,1,1,UL Tx Statistics SubPacket,2,20,1,100,0,2,0,0,250,88
36,LTE_MAC_UL_Tx_Statistics,2021-11-29 14:57:54.700132,1,1,UL Tx Statistics SubPacket,2,20,1,100,1,0,0,0,37,6
36,LTE_MAC_UL_Tx_Statistics,2021-11-29 14:57:50.766269,1,1,UL Tx Statistics SubPacket,2,20,1,100,1,0,0,0,113,6
36,LTE_MAC_UL_Tx_Statistics,2021-11-29 14:57:50.965190,1,1,UL Tx Statistics SubPacket,2,20,1,100,0,0,0,0,0,0
36,LTE_MAC_UL_Tx_Statistics,2021-11-29 14:57:51.154148,1,1,UL Tx Statistics SubPacket,2,20,1,100,0,0,0,0,0,0
36,LTE_MAC_UL_Tx_Statistics,2021-11-29 14:57:51.399121,1,1,UL Tx Statistics SubPacket,2,20,1,100,0,0,0,0,0,0
36,LTE_MAC_UL_Tx_Statistics,2021-11-29 14:57:51.689076,1,1,UL Tx Statistics SubPacket,2,20,1,100,0,0,0,0,0,0
36,LTE_MAC_UL_Tx_Statistics,2021-11-29 14:57:51.789125,1,1,UL Tx Statistics SubPacket,2,20,1,100,0,0,0,0,0,0
36,LTE_MAC_UL_Tx_Statistics,2021-11-29 14:57:37.665202,1,1,UL Tx Statistics SubPacket,2,20,1,100,0,0,0,0,0,0
36,LTE_MAC_UL_Tx_Statistics,2021-11-29 14:57:37.765211,1,1,UL Tx Statistics SubPacket,2,20,1,100,0,0,0,0,0,0
36,LTE_MAC_UL_Tx_Statistics,2021-11-29 14:57:37.865202,1,1,UL Tx Statistics SubPacket,2,20,1,100,0,0,0,0,0,0
36,LTE_MAC_UL_Tx_Statistics,2021-11-29 14:58:20.531293,1,1,UL Tx Statistics SubPacket,2,20,1,100,0,0,0,0,0,0
36,LTE_MAC_UL_Tx_Statistics,2021-11-29 14:58:20.811341,1,1,UL Tx Statistics SubPacket,2,20,1,100,0,0,0,0,0,0
36,LTE_MAC_UL_Tx_Statistics,2021-11-29 14:58:21.041967,1,1,UL Tx Statistics SubPacket,2,20,1,100,0,0,0,0,0,0
36,LTE_MAC_UL_Tx_Statistics,2021-11-29 14:58:21.339094,1,1,UL Tx Statistics SubPacket,2,20,1,100,0,0,0,0,0,0
36,LTE_MAC_UL_Tx_Statistics,2021-11-29 14:58:21.451289,1,1,UL Tx Statistics SubPacket,2,20,1,100,0,0,0,0,0,0
36,LTE_MAC_UL_Tx_Statistics,2021-11-29 14:58:21.671975,1,1,UL Tx Statistics SubPacket,2,20,1,100,0,0,0,0,0,0
36,LTE_MAC_UL_Tx_Statistics,2021-11-29 15:02:19.345157,1,1,UL Tx Statistics SubPacket,2,20,1,100,1,2,0,0,391,197
36,LTE_MAC_UL_Tx_Statistics,2021-11-29 15:02:19.445157,1,1,UL Tx Statistics SubPacket,2,20,1,100,0,2,0,0,306,16
36,LTE_MAC_UL_Tx_Statistics,2021-11-29 15:02:19.556979,1,1,UL Tx Statistics SubPacket,2,20,1,100,1,0,0,0,61,6
36,LTE_MAC_UL_Tx_Statistics,2021-11-29 14:57:45.931951,1,1,UL Tx Statistics SubPacket,2,20,1,100,1,0,0,0,149,6
36,LTE_MAC_UL_Tx_Statistics,2021-11-29 14:57:46.073090,1,1,UL Tx Statistics SubPacket,2,20,1,100,0,0,0,0,0,0
36,LTE_MAC_UL_Tx_Statistics,2021-11-29 14:57:46.304147,1,1,UL Tx Statistics SubPacket,2,20,1,100,0,0,0,0,0,0
36,LTE_MAC_UL_Tx_Statistics,2021-11-29 14:57:46.425203,1,1,UL Tx Statistics SubPacket,2,20,1,100,0,0,0,0,0,0
